Starttime,Endtime,Hall,Production
2006-07-01 22:00:00,0000-00-00 00:00:00,Balzaal,5833
2006-07-01 23:00:00,2006-07-01 06:00:00,Concertzaal,5831
2006-07-14 23:00:00,1970-01-01 00:00:00,"ICC, Van Rysselberghedreef 2",5835
2006-07-15 23:00:00,1970-01-01 00:00:00,"ICC, Van Rysselberghedreef 2",5835
2006-07-16 23:00:00,1970-01-01 00:00:00,"ICC, Van Rysselberghedreef 2",5835
2006-07-17 23:00:00,1970-01-01 00:00:00,"ICC, Van Rysselberghedreef 2",5835
2006-07-18 23:00:00,1970-01-01 00:00:00,"ICC, Van Rysselberghedreef 2",5835
2006-07-20 23:00:00,1970-01-01 00:00:00,"ICC, Van Rysselberghedreef 2",5835
2006-07-21 23:00:00,1970-01-01 00:00:00,"ICC, Van Rysselberghedreef 2",5835
2006-07-22 23:00:00,1970-01-01 00:00:00,"ICC, Van Rysselberghedreef 2",5835
2006-07-23 23:00:00,1970-01-01 00:00:00,"ICC, Van Rysselberghedreef 2",5835
2006-07-24 23:00:00,1970-01-01 00:00:00,"ICC, Van Rysselberghedreef 2",5835
2006-09-02 22:00:00,1970-01-01 00:00:00,Balzaal,5857
2006-09-06 20:30:00,1970-01-01 00:00:00,NTGent (Minnemeers),5837
2006-09-07 20:30:00,1970-01-01 00:00:00,NTGent (Minnemeers),5837
2006-09-08 20:30:00,1970-01-01 00:00:00,NTGent (Minnemeers),5837
2006-09-09 20:30:00,1970-01-01 00:00:00,NTGent (Minnemeers),5837
2006-09-09 23:00:00,2006-09-09 06:00:00,Diverse Zalen,5855
2006-09-10 20:30:00,1970-01-01 00:00:00,NTGent (Minnemeers),5837
2006-09-12 20:30:00,1970-01-01 00:00:00,NTGent (Minnemeers),5837
2006-09-13 22:00:00,1970-01-01 00:00:00,Café,5849
2006-09-15 20:00:00,1970-01-01 00:00:00,Theaterzaal,5839
2006-09-15 20:00:00,2006-09-15 00:00:00,Diverse Zalen,5861
2006-09-16 14:00:00,1970-01-01 00:00:00,Theaterzaal,5859
2006-09-16 14:00:00,2006-09-16 18:00:00,Diverse Zalen,5861
2006-09-19 19:00:00,1970-01-01 00:00:00,Balzaal,5841
2006-09-20 19:00:00,1970-01-01 00:00:00,Balzaal,5841
2006-09-21 19:00:00,1970-01-01 00:00:00,Balzaal,5841
2006-09-21 20:00:00,1970-01-01 00:00:00,Domzaal,5853
2006-09-22 19:00:00,1970-01-01 00:00:00,Balzaal,5841
2006-09-22 20:30:00,1970-01-01 00:00:00,"S.M.A.K., Jan Hoetplein 1",5845
2006-09-23 19:00:00,1970-01-01 00:00:00,Balzaal,5841
2006-09-24 19:00:00,1970-01-01 00:00:00,Balzaal,5841
2006-09-26 20:00:00,1970-01-01 00:00:00,Balzaal,5851
2006-09-27 18:00:00,2006-09-27 23:30:00,Diverse Zalen,5863
2006-09-27 18:00:00,2006-09-27 23:30:00,Dansstudio,5893
2006-09-27 18:00:00,2006-09-27 23:30:00,Diverse Zalen,5895
2006-09-27 18:00:00,2006-09-27 23:30:00,Brug,5897
2006-09-27 18:00:00,2006-09-27 23:30:00,Diverse Zalen,5899
2006-09-27 20:00:00,1970-01-01 00:00:00,Balzaal,5865
2006-09-27 21:00:00,1970-01-01 00:00:00,Foyer Domzaal,5867
2006-09-27 22:00:00,1970-01-01 00:00:00,Domzaal,5869
2006-09-28 18:00:00,2006-09-28 23:30:00,Diverse Zalen,5863
2006-09-28 18:00:00,2006-09-28 23:30:00,Dansstudio,5893
2006-09-28 18:00:00,2006-09-28 23:30:00,Diverse Zalen,5895
2006-09-28 18:00:00,2006-09-28 23:30:00,Brug,5897
2006-09-28 18:00:00,2006-09-28 23:30:00,Diverse Zalen,5899
2006-09-28 20:00:00,1970-01-01 00:00:00,Theaterzaal,5843
2006-09-28 20:00:00,1970-01-01 00:00:00,Domzaal,5873
2006-09-28 21:00:00,1970-01-01 00:00:00,Foyer Theaterzaal ,5871
2006-09-28 22:00:00,1970-01-01 00:00:00,Café,5901
2006-09-28 22:15:00,1970-01-01 00:00:00,Domzaal,5875
2006-09-29 18:00:00,2006-09-29 23:30:00,Diverse Zalen,5863
2006-09-29 18:00:00,2006-09-29 23:30:00,Dansstudio,5893
2006-09-29 18:00:00,2006-09-29 23:30:00,Diverse Zalen,5895
2006-09-29 18:00:00,2006-09-29 23:30:00,Brug,5897
2006-09-29 18:00:00,2006-09-29 23:30:00,Diverse Zalen,5899
2006-09-29 20:00:00,1970-01-01 00:00:00,Theaterzaal,5843
2006-09-29 20:00:00,1970-01-01 00:00:00,Domzaal,5877
2006-09-29 21:00:00,1970-01-01 00:00:00,Balzaal,5879
2006-09-29 22:00:00,1970-01-01 00:00:00,Concertzaal,5881
2006-09-30 13:00:00,1970-01-01 00:00:00,Op Locatie,5883
2006-09-30 18:00:00,2006-09-30 23:30:00,Diverse Zalen,5863
2006-09-30 18:00:00,2006-09-30 23:30:00,Dansstudio,5893
2006-09-30 18:00:00,2006-09-30 23:30:00,Diverse Zalen,5895
2006-09-30 18:00:00,2006-09-30 23:30:00,Brug,5897
2006-09-30 18:00:00,2006-09-30 23:30:00,Diverse Zalen,5899
2006-09-30 20:00:00,1970-01-01 00:00:00,Theaterzaal,5843
2006-09-30 20:00:00,1970-01-01 00:00:00,Domzaal,5885
2006-09-30 21:00:00,1970-01-01 00:00:00,Dansstudio,5887
2006-09-30 21:30:00,1970-01-01 00:00:00,Domzaal,5889
2006-09-30 22:30:00,1970-01-01 00:00:00,Concertzaal,5847
2006-09-30 22:30:00,1970-01-01 00:00:00,Café,5891
2006-10-01 20:30:00,1970-01-01 00:00:00,Concertzaal,5585
2006-10-02 20:00:00,1970-01-01 00:00:00,Theaterzaal,5577
2006-10-03 06:06:00,1970-01-01 00:00:00,Ticketbalie,5703
2006-10-03 20:00:00,1970-01-01 00:00:00,Theaterzaal,5521
2006-10-03 20:00:00,1970-01-01 00:00:00,Balzaal,5575
2006-10-03 20:00:00,1970-01-01 00:00:00,Foyer Theaterzaal ,5591
2006-10-04 06:06:00,1970-01-01 00:00:00,Ticketbalie,5703
2006-10-04 21:00:00,1970-01-01 00:00:00,Balzaal,5595
2006-10-05 06:06:00,1970-01-01 00:00:00,Ticketbalie,5703
2006-10-05 21:00:00,1970-01-01 00:00:00,Concertzaal,5523
2006-10-05 22:00:00,1970-01-01 00:00:00,Balzaal,5609
2006-10-05 23:00:00,1970-01-01 00:00:00,Concertzaal,5523
2006-10-06 06:06:00,1970-01-01 00:00:00,Ticketbalie,5703
2006-10-06 20:00:00,1970-01-01 00:00:00,Theaterzaal,5525
2006-10-07 06:06:00,1970-01-01 00:00:00,Ticketbalie,5703
2006-10-07 20:00:00,1970-01-01 00:00:00,Theaterzaal,5525
2006-10-07 22:00:00,1970-01-01 00:00:00,Balzaal,5691
2006-10-07 23:00:00,1970-01-01 00:00:00,Concertzaal,5689
2006-10-08 06:06:00,1970-01-01 00:00:00,Café,5589
2006-10-08 20:00:00,1970-01-01 00:00:00,Theaterzaal,5525
2006-10-10 20:00:00,1970-01-01 00:00:00,Ticketbalie,5629
2006-10-10 21:00:00,2006-10-10 00:00:00,Mokabon,5633
2006-10-10 21:00:00,2006-10-10 00:00:00,Dansstudio,5635
2006-10-10 21:00:00,2006-10-10 00:00:00,Antiekzolder,5637
2006-10-10 21:00:00,2006-10-10 00:00:00,Zolder,5639
2006-10-10 21:00:00,2006-10-10 00:00:00,Naaikamertje,5641
2006-10-10 21:00:00,2006-10-10 00:00:00,Foyer Domzaal,5643
2006-10-11 14:00:00,1970-01-01 00:00:00,Vooruit,5677
2006-10-11 18:00:00,2006-10-11 00:00:00,Mokabon,5633
2006-10-11 18:00:00,2006-10-11 00:00:00,Dansstudio,5635
2006-10-11 18:00:00,2006-10-11 00:00:00,Antiekzolder,5637
2006-10-11 18:00:00,2006-10-11 00:00:00,Zolder,5639
2006-10-11 18:00:00,2006-10-11 00:00:00,Naaikamertje,5641
2006-10-11 18:00:00,2006-10-11 00:00:00,Foyer Domzaal,5643
2006-10-11 18:00:00,1970-01-01 00:00:00,Vooruit,5677
2006-10-11 20:30:00,1970-01-01 00:00:00,Theaterzaal,5625
2006-10-11 22:00:00,1970-01-01 00:00:00,Balzaal,5627
2006-10-12 18:00:00,2006-10-12 00:00:00,Mokabon,5633
2006-10-12 18:00:00,2006-10-12 00:00:00,Dansstudio,5635
2006-10-12 18:00:00,2006-10-12 00:00:00,Antiekzolder,5637
2006-10-12 18:00:00,2006-10-12 00:00:00,Zolder,5639
2006-10-12 18:00:00,2006-10-12 00:00:00,Naaikamertje,5641
2006-10-12 18:00:00,2006-10-12 00:00:00,Foyer Domzaal,5643
2006-10-12 18:00:00,1970-01-01 00:00:00,Vooruit,5677
2006-10-12 19:30:00,1970-01-01 00:00:00,Foyer Theaterzaal ,5653
2006-10-12 20:30:00,1970-01-01 00:00:00,"NTGent, Sint-Baafsplein 17",5557
2006-10-12 20:30:00,1970-01-01 00:00:00,Theaterzaal,5657
2006-10-12 20:30:00,1970-01-01 00:00:00,Domzaal,5745
2006-10-12 21:00:00,1970-01-01 00:00:00,Foyer Theaterzaal ,5653
2006-10-12 22:30:00,1970-01-01 00:00:00,Domzaal,5737
2006-10-13 14:30:00,1970-01-01 00:00:00,Domzaal,5715
2006-10-13 17:00:00,1970-01-01 00:00:00,Domzaal,5741
2006-10-13 18:00:00,2006-10-13 00:00:00,Mokabon,5633
2006-10-13 18:00:00,2006-10-13 00:00:00,Dansstudio,5635
2006-10-13 18:00:00,2006-10-13 00:00:00,Antiekzolder,5637
2006-10-13 18:00:00,2006-10-13 00:00:00,Zolder,5639
2006-10-13 18:00:00,2006-10-13 00:00:00,Naaikamertje,5641
2006-10-13 18:00:00,2006-10-13 00:00:00,Foyer Domzaal,5643
2006-10-13 18:00:00,1970-01-01 00:00:00,Vooruit,5677
2006-10-13 19:30:00,1970-01-01 00:00:00,Foyer Theaterzaal ,5653
2006-10-13 20:00:00,1970-01-01 00:00:00,Theaterzaal,5659
2006-10-13 20:00:00,1970-01-01 00:00:00,Domzaal,5721
2006-10-13 20:30:00,1970-01-01 00:00:00,"NTGent, Sint-Baafsplein 17",5557
2006-10-13 20:30:00,1970-01-01 00:00:00,"S.M.A.K., Jan Hoetplein 1",5845
2006-10-13 21:00:00,1970-01-01 00:00:00,Balzaal,5645
2006-10-13 21:00:00,1970-01-01 00:00:00,Foyer Theaterzaal ,5653
2006-10-13 22:30:00,1970-01-01 00:00:00,Domzaal,5743
2006-10-14 14:00:00,1970-01-01 00:00:00,Vooruit,5677
2006-10-14 14:30:00,1970-01-01 00:00:00,Domzaal,5717
2006-10-14 14:30:00,1970-01-01 00:00:00,Domzaal,5733
2006-10-14 17:00:00,1970-01-01 00:00:00,Vooruit,5677
2006-10-14 17:00:00,1970-01-01 00:00:00,Domzaal,5745
2006-10-14 18:00:00,2006-10-14 00:00:00,Mokabon,5633
2006-10-14 18:00:00,2006-10-14 00:00:00,Dansstudio,5635
2006-10-14 18:00:00,2006-10-14 00:00:00,Antiekzolder,5637
2006-10-14 18:00:00,2006-10-14 00:00:00,Zolder,5639
2006-10-14 18:00:00,2006-10-14 00:00:00,Naaikamertje,5641
2006-10-14 18:00:00,2006-10-14 00:00:00,Foyer Domzaal,5643
2006-10-14 20:00:00,1970-01-01 00:00:00,Theaterzaal,5661
2006-10-14 20:00:00,1970-01-01 00:00:00,Domzaal,5715
2006-10-14 21:00:00,1970-01-01 00:00:00,Balzaal,5645
2006-10-14 21:00:00,1970-01-01 00:00:00,Foyer Theaterzaal ,5653
2006-10-14 22:00:00,1970-01-01 00:00:00,Concertzaal,5693
2006-10-14 22:30:00,1970-01-01 00:00:00,Domzaal,5723
2006-10-15 11:00:00,1970-01-01 00:00:00,Vooruit,5677
2006-10-15 14:00:00,1970-01-01 00:00:00,Café,5603
2006-10-15 14:00:00,2006-10-15 00:00:00,Mokabon,5633
2006-10-15 14:00:00,2006-10-15 00:00:00,Dansstudio,5635
2006-10-15 14:00:00,2006-10-15 00:00:00,Antiekzolder,5637
2006-10-15 14:00:00,2006-10-15 00:00:00,Zolder,5639
2006-10-15 14:00:00,2006-10-15 00:00:00,Naaikamertje,5641
2006-10-15 14:00:00,2006-10-15 00:00:00,Foyer Domzaal,5643
2006-10-15 14:30:00,1970-01-01 00:00:00,Domzaal,5739
2006-10-15 17:00:00,1970-01-01 00:00:00,Vooruit,5677
2006-10-15 17:00:00,1970-01-01 00:00:00,Domzaal,5731
2006-10-15 20:00:00,1970-01-01 00:00:00,Domzaal,5717
2006-10-15 20:00:00,1970-01-01 00:00:00,Theaterzaal,5729
2006-10-15 22:30:00,1970-01-01 00:00:00,Domzaal,5727
2006-10-16 14:30:00,1970-01-01 00:00:00,Domzaal,5713
2006-10-16 17:00:00,1970-01-01 00:00:00,Domzaal,5721
2006-10-16 18:00:00,2006-10-16 00:00:00,Mokabon,5633
2006-10-16 18:00:00,2006-10-16 00:00:00,Dansstudio,5635
2006-10-16 18:00:00,2006-10-16 00:00:00,Antiekzolder,5637
2006-10-16 18:00:00,2006-10-16 00:00:00,Zolder,5639
2006-10-16 18:00:00,2006-10-16 00:00:00,Naaikamertje,5641
2006-10-16 18:00:00,2006-10-16 00:00:00,Foyer Domzaal,5643
2006-10-16 20:00:00,1970-01-01 00:00:00,Theaterzaal,5665
2006-10-16 20:00:00,1970-01-01 00:00:00,Domzaal,5727
2006-10-16 21:00:00,1970-01-01 00:00:00,Balzaal,5647
2006-10-16 22:00:00,1970-01-01 00:00:00,Café,5663
2006-10-16 22:30:00,1970-01-01 00:00:00,Domzaal,5733
2006-10-17 17:00:00,1970-01-01 00:00:00,Domzaal,5743
2006-10-17 17:30:00,1970-01-01 00:00:00,Vooruit,5677
2006-10-17 18:00:00,2006-10-17 00:00:00,Mokabon,5633
2006-10-17 18:00:00,2006-10-17 00:00:00,Dansstudio,5635
2006-10-17 18:00:00,2006-10-17 00:00:00,Antiekzolder,5637
2006-10-17 18:00:00,2006-10-17 00:00:00,Zolder,5639
2006-10-17 18:00:00,2006-10-17 00:00:00,Naaikamertje,5641
2006-10-17 18:00:00,2006-10-17 00:00:00,Foyer Domzaal,5643
2006-10-17 20:00:00,1970-01-01 00:00:00,Balzaal,5579
2006-10-17 20:00:00,1970-01-01 00:00:00,Ticketbalie,5631
2006-10-17 20:00:00,1970-01-01 00:00:00,Theaterzaal,5667
2006-10-17 20:00:00,1970-01-01 00:00:00,Domzaal,5739
2006-10-17 20:00:00,1970-01-01 00:00:00,Domzaal,5745
2006-10-17 22:30:00,1970-01-01 00:00:00,Domzaal,5725
2006-10-18 14:00:00,1970-01-01 00:00:00,Vooruit,5677
2006-10-18 14:30:00,1970-01-01 00:00:00,Theaterzaal,5659
2006-10-18 17:00:00,1970-01-01 00:00:00,Domzaal,5719
2006-10-18 18:00:00,2006-10-18 00:00:00,Mokabon,5633
2006-10-18 18:00:00,2006-10-18 00:00:00,Dansstudio,5635
2006-10-18 18:00:00,2006-10-18 00:00:00,Antiekzolder,5637
2006-10-18 18:00:00,2006-10-18 00:00:00,Zolder,5639
2006-10-18 18:00:00,2006-10-18 00:00:00,Naaikamertje,5641
2006-10-18 18:00:00,2006-10-18 00:00:00,Foyer Domzaal,5643
2006-10-18 18:00:00,1970-01-01 00:00:00,Vooruit,5677
2006-10-18 19:00:00,1970-01-01 00:00:00,Foyer Theaterzaal ,5655
2006-10-18 20:00:00,1970-01-01 00:00:00,Theaterzaal,5527
2006-10-18 20:00:00,1970-01-01 00:00:00,Balzaal,5669
2006-10-18 20:00:00,1970-01-01 00:00:00,Domzaal,5735
2006-10-18 20:30:00,1970-01-01 00:00:00,Foyer Theaterzaal ,5655
2006-10-18 22:00:00,1970-01-01 00:00:00,Café,5649
2006-10-18 22:00:00,1970-01-01 00:00:00,Foyer Theaterzaal ,5655
2006-10-18 22:30:00,1970-01-01 00:00:00,Domzaal,5741
2006-10-19 14:30:00,1970-01-01 00:00:00,Theaterzaal,5665
2006-10-19 15:00:00,1970-01-01 00:00:00,Theaterzaal,5671
2006-10-19 17:00:00,1970-01-01 00:00:00,Domzaal,5723
2006-10-19 18:00:00,2006-10-19 00:00:00,Mokabon,5633
2006-10-19 18:00:00,2006-10-19 00:00:00,Dansstudio,5635
2006-10-19 18:00:00,2006-10-19 00:00:00,Antiekzolder,5637
2006-10-19 18:00:00,2006-10-19 00:00:00,Zolder,5639
2006-10-19 18:00:00,2006-10-19 00:00:00,Naaikamertje,5641
2006-10-19 18:00:00,2006-10-19 00:00:00,Foyer Domzaal,5643
2006-10-19 18:00:00,1970-01-01 00:00:00,Vooruit,5677
2006-10-19 19:00:00,1970-01-01 00:00:00,Foyer Theaterzaal ,5655
2006-10-19 20:00:00,1970-01-01 00:00:00,Theaterzaal,5671
2006-10-19 20:00:00,1970-01-01 00:00:00,Domzaal,5719
2006-10-19 20:30:00,1970-01-01 00:00:00,Foyer Theaterzaal ,5655
2006-10-19 22:00:00,1970-01-01 00:00:00,Café,5651
2006-10-19 22:00:00,1970-01-01 00:00:00,Foyer Theaterzaal ,5655
2006-10-19 22:30:00,1970-01-01 00:00:00,Domzaal,5713
2006-10-20 14:30:00,1970-01-01 00:00:00,Domzaal,5725
2006-10-20 17:00:00,1970-01-01 00:00:00,Domzaal,5735
2006-10-20 18:00:00,2006-10-20 00:00:00,Mokabon,5633
2006-10-20 18:00:00,2006-10-20 00:00:00,Dansstudio,5635
2006-10-20 18:00:00,2006-10-20 00:00:00,Antiekzolder,5637
2006-10-20 18:00:00,2006-10-20 00:00:00,Zolder,5639
2006-10-20 18:00:00,2006-10-20 00:00:00,Naaikamertje,5641
2006-10-20 18:00:00,2006-10-20 00:00:00,Foyer Domzaal,5643
2006-10-20 18:00:00,1970-01-01 00:00:00,Vooruit,5677
2006-10-20 19:00:00,1970-01-01 00:00:00,Foyer Theaterzaal ,5655
2006-10-20 20:00:00,1970-01-01 00:00:00,Minard,5529
2006-10-20 20:00:00,1970-01-01 00:00:00,Theaterzaal,5673
2006-10-20 20:00:00,1970-01-01 00:00:00,Domzaal,5731
2006-10-20 20:30:00,1970-01-01 00:00:00,Foyer Theaterzaal ,5655
2006-10-20 22:00:00,1970-01-01 00:00:00,Foyer Theaterzaal ,5655
2006-10-20 22:30:00,1970-01-01 00:00:00,Theaterzaal,5667
2006-10-21 18:00:00,2006-10-21 00:00:00,Mokabon,5633
2006-10-21 18:00:00,2006-10-21 00:00:00,Dansstudio,5635
2006-10-21 18:00:00,2006-10-21 00:00:00,Antiekzolder,5637
2006-10-21 18:00:00,2006-10-21 00:00:00,Zolder,5639
2006-10-21 18:00:00,2006-10-21 00:00:00,Naaikamertje,5641
2006-10-21 18:00:00,2006-10-21 00:00:00,Foyer Domzaal,5643
2006-10-21 20:00:00,1970-01-01 00:00:00,Minard,5529
2006-10-21 22:00:00,1970-01-01 00:00:00,Balzaal,5675
2006-10-21 22:00:00,1970-01-01 00:00:00,Concertzaal,5751
2006-10-24 20:00:00,1970-01-01 00:00:00,Domzaal,5531
2006-10-24 20:00:00,1970-01-01 00:00:00,Theaterzaal,5681
2006-10-25 20:00:00,1970-01-01 00:00:00,Minard,5533
2006-10-25 20:00:00,1970-01-01 00:00:00,Scène Theaterzaal,5621
2006-10-25 21:30:00,1970-01-01 00:00:00,Café,5597
2006-10-26 13:00:00,2006-10-26 21:00:00,Diverse Zalen,5767
2006-10-26 20:00:00,1970-01-01 00:00:00,Minard,5533
2006-10-26 20:30:00,1970-01-01 00:00:00,Balzaal,5615
2006-10-27 13:00:00,2006-10-27 21:00:00,Diverse Zalen,5767
2006-10-27 20:00:00,1970-01-01 00:00:00,Theaterzaal,5535
2006-10-27 20:30:00,1970-01-01 00:00:00,Balzaal,5617
2006-10-27 21:30:00,1970-01-01 00:00:00,Concertzaal,5587
2006-10-28 13:00:00,2006-10-28 21:00:00,Diverse Zalen,5767
2006-10-28 20:00:00,1970-01-01 00:00:00,Theaterzaal,5535
2006-10-28 20:30:00,1970-01-01 00:00:00,Balzaal,5619
2006-10-28 23:00:00,1970-01-01 00:00:00,Concertzaal,5695
2006-10-31 20:30:00,1970-01-01 00:00:00,Balzaal & Brugzaal,5679
2006-10-31 22:00:00,1970-01-01 00:00:00,Concertzaal,5697
2006-11-01 20:30:00,1970-01-01 00:00:00,Balzaal,5573
2006-11-02 20:00:00,1970-01-01 00:00:00,Concertzaal,5515
2006-11-02 20:00:00,1970-01-01 00:00:00,Diverse Zalen,5537
2006-11-02 22:00:00,1970-01-01 00:00:00,Café,5611
2006-11-03 20:00:00,1970-01-01 00:00:00,Diverse Zalen,5537
2006-11-04 06:06:00,1970-01-01 00:00:00,Diverse Zalen,5683
2006-11-04 20:00:00,1970-01-01 00:00:00,Diverse Zalen,5537
2006-11-05 20:00:00,1970-01-01 00:00:00,Concertzaal,5571
2006-11-07 20:00:00,1970-01-01 00:00:00,Theaterzaal,5539
2006-11-07 21:00:00,1970-01-01 00:00:00,Balzaal,5599
2006-11-08 20:00:00,1970-01-01 00:00:00,Theaterzaal,5539
2006-11-09 20:00:00,1970-01-01 00:00:00,Diverse Zalen,5537
2006-11-10 20:00:00,1970-01-01 00:00:00,Diverse Zalen,5537
2006-11-10 23:00:00,1970-01-01 00:00:00,Concertzaal,5753
2006-11-11 20:00:00,1970-01-01 00:00:00,Diverse Zalen,5537
2006-11-11 20:00:00,1970-01-01 00:00:00,Diverse Zalen,5707
2006-11-14 20:00:00,1970-01-01 00:00:00,Minard,5541
2006-11-14 20:00:00,1970-01-01 00:00:00,Balzaal,5563
2006-11-14 20:30:00,1970-01-01 00:00:00,Theaterzaal,5517
2006-11-14 20:30:00,1970-01-01 00:00:00,Foyer Theaterzaal ,5699
2006-11-15 22:00:00,1970-01-01 00:00:00,Concertzaal,5763
2006-11-16 20:00:00,1970-01-01 00:00:00,Diverse Zalen,5537
2006-11-16 20:00:00,1970-01-01 00:00:00,Theaterzaal,5543
2006-11-17 19:00:00,1970-01-01 00:00:00,Diverse Zalen,5537
2006-11-17 20:00:00,1970-01-01 00:00:00,Theaterzaal,5543
2006-11-18 20:00:00,1970-01-01 00:00:00,Diverse Zalen,5537
2006-11-18 20:00:00,1970-01-01 00:00:00,Theaterzaal,5543
2006-11-18 22:00:00,1970-01-01 00:00:00,Balzaal,5757
2006-11-18 23:00:00,1970-01-01 00:00:00,Concertzaal,5755
2006-11-19 14:00:00,1970-01-01 00:00:00,Café,5605
2006-11-19 20:00:00,1970-01-01 00:00:00,Theaterzaal,5747
2006-11-21 20:00:00,1970-01-01 00:00:00,Balzaal,5581
2006-11-22 20:00:00,1970-01-01 00:00:00,Theaterzaal,5545
2006-11-22 20:30:00,1970-01-01 00:00:00,Balzaal,5749
2006-11-23 20:00:00,1970-01-01 00:00:00,Diverse Zalen,5537
2006-11-23 20:30:00,1970-01-01 00:00:00,Theaterzaal,5685
2006-11-23 22:00:00,1970-01-01 00:00:00,Balzaal,5569
2006-11-24 20:00:00,1970-01-01 00:00:00,Diverse Zalen,5537
2006-11-24 20:00:00,1970-01-01 00:00:00,Minard,5623
2006-11-24 21:00:00,1970-01-01 00:00:00,Concertzaal,5593
2006-11-24 22:00:00,1970-01-01 00:00:00,Balzaal,5759
2006-11-25 14:00:00,1970-01-01 00:00:00,Café,5565
2006-11-25 20:00:00,1970-01-01 00:00:00,Diverse Zalen,5537
2006-11-25 20:00:00,1970-01-01 00:00:00,Concertzaal,5711
2006-11-25 22:00:00,1970-01-01 00:00:00,Balzaal,5761
2006-11-28 21:30:00,1970-01-01 00:00:00,Concertzaal,5765
2006-11-29 20:00:00,1970-01-01 00:00:00,Balzaal,5613
2006-11-30 19:30:00,1970-01-01 00:00:00,Balzaal,5601
2006-11-30 20:00:00,1970-01-01 00:00:00,Diverse Zalen,5537
2006-11-30 22:00:00,1970-01-01 00:00:00,Café,5705
2006-12-01 20:00:00,1970-01-01 00:00:00,Diverse Zalen,5537
2006-12-01 20:00:00,1970-01-01 00:00:00,Theaterzaal,5547
2006-12-02 20:00:00,1970-01-01 00:00:00,Diverse Zalen,5537
2006-12-02 20:30:00,1970-01-01 00:00:00,Diverse Zalen,5769
2006-12-05 20:00:00,1970-01-01 00:00:00,Balzaal,5809
2006-12-06 20:00:00,1970-01-01 00:00:00,Balzaal,5567
2006-12-06 20:30:00,1970-01-01 00:00:00,Theaterzaal,5513
2006-12-07 10:00:00,1970-01-01 00:00:00,Op Locatie,5771
2006-12-07 19:00:00,2006-12-07 23:00:00,Diverse Zalen,5799
2006-12-07 20:00:00,1970-01-01 00:00:00,Domzaal,5549
2006-12-07 20:30:00,1970-01-01 00:00:00,De Centrale (Kelderzaal),5773
2006-12-07 20:30:00,1970-01-01 00:00:00,Ticketbalie,5797
2006-12-08 18:30:00,1970-01-01 00:00:00,Op Locatie,5559
2006-12-08 19:00:00,2006-12-08 23:00:00,Diverse Zalen,5799
2006-12-08 20:00:00,1970-01-01 00:00:00,Domzaal,5549
2006-12-08 21:30:00,1970-01-01 00:00:00,De Centrale (Turbinezaal),5775
2006-12-09 16:00:00,1970-01-01 00:00:00,Balzaal,5815
2006-12-09 19:00:00,2006-12-09 23:00:00,Diverse Zalen,5799
2006-12-09 20:00:00,1970-01-01 00:00:00,Domzaal,5549
2006-12-09 20:30:00,1970-01-01 00:00:00,De Centrale (Turbinezaal),5777
2006-12-09 22:30:00,1970-01-01 00:00:00,Concertzaal,5561
2006-12-10 16:00:00,1970-01-01 00:00:00,De Centrale (Turbinezaal),5779
2006-12-10 20:00:00,1970-01-01 00:00:00,De Centrale (Turbinezaal),5781
2006-12-10 20:30:00,1970-01-01 00:00:00,Concertzaal,5709
2006-12-11 19:00:00,2006-12-11 23:00:00,Diverse Zalen,5799
2006-12-11 20:00:00,1970-01-01 00:00:00,De Centrale (Turbinezaal),5801
2006-12-11 22:00:00,1970-01-01 00:00:00,Concertzaal,5701
2006-12-12 19:00:00,2006-12-12 23:00:00,Diverse Zalen,5799
2006-12-12 20:00:00,1970-01-01 00:00:00,Balzaal,5783
2006-12-12 20:00:00,1970-01-01 00:00:00,De Centrale (Turbinezaal),5803
2006-12-12 21:30:00,1970-01-01 00:00:00,Concertzaal,5687
2006-12-13 19:00:00,2006-12-13 23:00:00,Diverse Zalen,5799
2006-12-13 20:00:00,1970-01-01 00:00:00,Theaterzaal,5551
2006-12-13 20:00:00,1970-01-01 00:00:00,De Centrale (Turbinezaal),5805
2006-12-13 21:30:00,1970-01-01 00:00:00,Concertzaal,5519
2006-12-14 19:00:00,2006-12-14 23:00:00,Diverse Zalen,5799
2006-12-14 20:00:00,1970-01-01 00:00:00,Balzaal,5785
2006-12-14 20:00:00,1970-01-01 00:00:00,De Centrale (Turbinezaal),5807
2006-12-14 23:00:00,1970-01-01 00:00:00,Café,5787
2006-12-15 18:30:00,1970-01-01 00:00:00,Op Locatie,5559
2006-12-15 19:00:00,2006-12-15 23:00:00,Diverse Zalen,5799
2006-12-15 20:00:00,1970-01-01 00:00:00,Domzaal,5789
2006-12-15 22:00:00,1970-01-01 00:00:00,Café,5791
2006-12-16 19:00:00,2006-12-16 23:00:00,Diverse Zalen,5799
2006-12-16 20:00:00,1970-01-01 00:00:00,Theaterzaal,5793
2006-12-16 22:00:00,1970-01-01 00:00:00,Concertzaal,5817
2006-12-16 23:00:00,1970-01-01 00:00:00,Balzaal,5795
2006-12-17 14:00:00,1970-01-01 00:00:00,Café,5607
2006-12-19 20:00:00,1970-01-01 00:00:00,Domzaal,5553
2006-12-19 20:00:00,1970-01-01 00:00:00,Balzaal,5583
2006-12-20 20:00:00,1970-01-01 00:00:00,Domzaal,5553
2006-12-20 20:00:00,1970-01-01 00:00:00,Theaterzaal,5555
2006-12-20 20:00:00,1970-01-01 00:00:00,Balzaal,5813
2006-12-21 20:00:00,1970-01-01 00:00:00,Theaterzaal,5555
2006-12-21 21:00:00,1970-01-01 00:00:00,Balzaal,5811
2006-12-21 23:00:00,1970-01-01 00:00:00,Concertzaal,5819
2006-12-22 20:00:00,1970-01-01 00:00:00,Diverse Zalen,5821
2006-12-23 22:00:00,1970-01-01 00:00:00,Balzaal,5823
2006-12-23 23:00:00,1970-01-01 00:00:00,Concertzaal,5825
2006-12-31 00:30:00,1970-01-01 00:00:00,Concertzaal,5827
2006-12-31 23:00:00,1970-01-01 00:00:00,Diverse Zalen,5829
2007-01-01 22:00:00,1970-01-01 00:00:00,Balzaal,5339
2007-01-11 20:00:00,1970-01-01 00:00:00,Minard,5283
2007-01-12 20:00:00,1970-01-01 00:00:00,Minard,5283
2007-01-13 20:00:00,1970-01-01 00:00:00,Minard,5283
2007-01-16 20:00:00,1970-01-01 00:00:00,Minard,5283
2007-01-16 20:00:00,1970-01-01 00:00:00,Balzaal,5311
2007-01-16 22:00:00,1970-01-01 00:00:00,Concertzaal,5317
2007-01-17 20:00:00,1970-01-01 00:00:00,Minard,5283
2007-01-18 20:00:00,1970-01-01 00:00:00,Minard,5283
2007-01-18 20:00:00,1970-01-01 00:00:00,Theaterzaal,5285
2007-01-19 20:00:00,1970-01-01 00:00:00,Minard,5283
2007-01-19 20:00:00,1970-01-01 00:00:00,Theaterzaal,5285
2007-01-20 20:00:00,1970-01-01 00:00:00,Minard,5283
2007-01-20 20:00:00,1970-01-01 00:00:00,Theaterzaal,5285
2007-01-20 22:00:00,1970-01-01 00:00:00,Balzaal,5333
2007-01-21 14:00:00,1970-01-01 00:00:00,Café,5323
2007-01-23 20:00:00,1970-01-01 00:00:00,Balzaal,5355
2007-01-24 20:00:00,1970-01-01 00:00:00,Balzaal,5413
2007-01-25 20:00:00,1970-01-01 00:00:00,Minard,5287
2007-01-26 20:00:00,1970-01-01 00:00:00,Dansstudio,5415
2007-01-27 20:30:00,1970-01-01 00:00:00,Concertzaal,5329
2007-01-27 22:00:00,1970-01-01 00:00:00,Balzaal,5335
2007-01-30 20:00:00,1970-01-01 00:00:00,Theaterzaal,5351
2007-01-31 22:00:00,1970-01-01 00:00:00,Café,5379
2007-02-01 20:00:00,1970-01-01 00:00:00,Theaterzaal,5319
2007-02-02 20:30:00,1970-01-01 00:00:00,Balzaal,5367
2007-02-03 22:00:00,1970-01-01 00:00:00,Concertzaal,5373
2007-02-07 19:00:00,2007-02-07 23:00:00,Diverse Zalen,5383
2007-02-07 19:00:00,2007-02-07 23:00:00,Diverse Zalen,5385
2007-02-07 20:00:00,1970-01-01 00:00:00,Dansstudio,5387
2007-02-07 21:00:00,1970-01-01 00:00:00,Domzaal,5381
2007-02-08 06:06:00,1970-01-01 00:00:00,Op Locatie,5409
2007-02-08 19:00:00,2007-02-08 23:00:00,Diverse Zalen,5383
2007-02-08 19:00:00,2007-02-08 23:00:00,Diverse Zalen,5385
2007-02-08 19:00:00,2007-02-08 23:00:00,"Balzaal, Brugzaal & Café",5405
2007-02-08 19:00:00,2007-02-08 20:00:00,Diverse Zalen,5429
2007-02-08 20:00:00,1970-01-01 00:00:00,Dansstudio,5387
2007-02-08 20:00:00,1970-01-01 00:00:00,Balzaal,5389
2007-02-08 21:30:00,1970-01-01 00:00:00,Theaterzaal,5341
2007-02-09 19:00:00,2007-02-09 23:00:00,Diverse Zalen,5383
2007-02-09 19:00:00,2007-02-09 23:00:00,Diverse Zalen,5385
2007-02-09 19:00:00,2007-02-09 23:00:00,"Balzaal, Brugzaal & Café",5405
2007-02-09 20:00:00,1970-01-01 00:00:00,Dansstudio,5387
2007-02-09 20:00:00,1970-01-01 00:00:00,Balzaal,5391
2007-02-09 21:30:00,1970-01-01 00:00:00,Theaterzaal,5341
2007-02-10 19:00:00,2007-02-10 23:00:00,Diverse Zalen,5383
2007-02-10 19:00:00,2007-02-10 23:00:00,Diverse Zalen,5385
2007-02-10 19:00:00,2007-02-10 23:00:00,"Balzaal, Brugzaal & Café",5405
2007-02-10 20:00:00,1970-01-01 00:00:00,Minard,5343
2007-02-10 20:00:00,1970-01-01 00:00:00,Dansstudio,5387
2007-02-12 19:00:00,2007-02-12 23:00:00,Diverse Zalen,5383
2007-02-12 19:00:00,2007-02-12 23:00:00,Diverse Zalen,5385
2007-02-12 19:00:00,2007-02-12 23:00:00,"Balzaal, Brugzaal & Café",5405
2007-02-12 20:00:00,1970-01-01 00:00:00,Concertzaal,5337
2007-02-13 19:00:00,2007-02-13 23:00:00,Diverse Zalen,5383
2007-02-13 19:00:00,2007-02-13 23:00:00,Diverse Zalen,5385
2007-02-13 19:00:00,2007-02-13 23:00:00,"Balzaal, Brugzaal & Café",5405
2007-02-13 20:00:00,1970-01-01 00:00:00,Balzaal,5393
2007-02-13 21:00:00,1970-01-01 00:00:00,Domzaal,5345
2007-02-14 19:00:00,2007-02-14 23:00:00,Diverse Zalen,5383
2007-02-14 19:00:00,2007-02-14 23:00:00,Diverse Zalen,5385
2007-02-14 19:00:00,2007-02-14 23:00:00,"Balzaal, Brugzaal & Café",5405
2007-02-14 20:00:00,1970-01-01 00:00:00,Dansstudio,5395
2007-02-14 20:30:00,1970-01-01 00:00:00,Balzaal,5407
2007-02-15 19:00:00,2007-02-15 23:00:00,Diverse Zalen,5383
2007-02-15 19:00:00,2007-02-15 23:00:00,Diverse Zalen,5385
2007-02-15 19:00:00,2007-02-15 23:00:00,"Balzaal, Brugzaal & Café",5405
2007-02-15 20:00:00,1970-01-01 00:00:00,Domzaal,5289
2007-02-15 20:00:00,1970-01-01 00:00:00,Balzaal,5397
2007-02-15 22:00:00,1970-01-01 00:00:00,Dansstudio,5395
2007-02-16 19:00:00,2007-02-16 23:00:00,Diverse Zalen,5383
2007-02-16 19:00:00,2007-02-16 23:00:00,Diverse Zalen,5385
2007-02-16 19:00:00,2007-02-16 23:00:00,"Balzaal, Brugzaal & Café",5405
2007-02-16 20:00:00,1970-01-01 00:00:00,Domzaal,5289
2007-02-16 20:00:00,1970-01-01 00:00:00,Theaterzaal,5399
2007-02-16 20:30:00,1970-01-01 00:00:00,Theaterzaal,5401
2007-02-16 21:30:00,1970-01-01 00:00:00,Balzaal,5403
2007-02-17 20:00:00,1970-01-01 00:00:00,Theaterzaal,5291
2007-02-17 23:00:00,1970-01-01 00:00:00,Concertzaal,5369
2007-02-18 14:00:00,1970-01-01 00:00:00,Café,5325
2007-02-18 20:30:00,1970-01-01 00:00:00,Balzaal,5331
2007-02-19 20:00:00,1970-01-01 00:00:00,Café,5503
2007-02-20 20:00:00,1970-01-01 00:00:00,Domzaal,5293
2007-02-20 20:00:00,1970-01-01 00:00:00,Balzaal,5313
2007-02-20 22:00:00,1970-01-01 00:00:00,Concertzaal,5375
2007-02-21 20:00:00,1970-01-01 00:00:00,Domzaal,5293
2007-02-21 20:00:00,1970-01-01 00:00:00,Theaterzaal,5309
2007-02-21 21:30:00,1970-01-01 00:00:00,Balzaal,5363
2007-02-21 22:00:00,1970-01-01 00:00:00,Concertzaal,5377
2007-02-22 20:00:00,1970-01-01 00:00:00,Theaterzaal,5295
2007-02-22 22:00:00,1970-01-01 00:00:00,Concertzaal,5421
2007-02-22 22:00:00,1970-01-01 00:00:00,Café,5423
2007-02-23 20:00:00,1970-01-01 00:00:00,Theaterzaal,5295
2007-02-23 20:00:00,1970-01-01 00:00:00,Domzaal,5297
2007-02-24 14:00:00,1970-01-01 00:00:00,Diverse Zalen,5431
2007-02-24 20:00:00,1970-01-01 00:00:00,Domzaal,5297
2007-02-24 23:00:00,1970-01-01 00:00:00,Concertzaal,5371
2007-02-25 20:00:00,1970-01-01 00:00:00,Domzaal,5297
2007-02-27 20:00:00,1970-01-01 00:00:00,Balzaal,5357
2007-02-28 20:00:00,1970-01-01 00:00:00,Domzaal,5297
2007-02-28 20:30:00,1970-01-01 00:00:00,Theaterzaal,5361
2007-03-01 20:00:00,1970-01-01 00:00:00,Domzaal,5297
2007-03-01 22:00:00,1970-01-01 00:00:00,Concertzaal,5433
2007-03-02 20:00:00,1970-01-01 00:00:00,Domzaal,5297
2007-03-02 20:30:00,1970-01-01 00:00:00,Concertzaal,5419
2007-03-02 22:00:00,1970-01-01 00:00:00,Balzaal,5447
2007-03-03 20:00:00,1970-01-01 00:00:00,Domzaal,5297
2007-03-06 20:00:00,1970-01-01 00:00:00,Domzaal,5297
2007-03-06 20:00:00,1970-01-01 00:00:00,Balzaal,5425
2007-03-06 22:00:00,1970-01-01 00:00:00,Concertzaal,5435
2007-03-07 20:00:00,1970-01-01 00:00:00,Domzaal,5297
2007-03-07 22:00:00,1970-01-01 00:00:00,Balzaal,5359
2007-03-08 20:00:00,1970-01-01 00:00:00,Domzaal,5297
2007-03-08 20:00:00,1970-01-01 00:00:00,Minard,5299
2007-03-09 20:00:00,1970-01-01 00:00:00,Domzaal,5297
2007-03-09 20:00:00,1970-01-01 00:00:00,Minard,5299
2007-03-09 22:00:00,1970-01-01 00:00:00,Balzaal,5499
2007-03-10 20:00:00,1970-01-01 00:00:00,Domzaal,5297
2007-03-10 20:00:00,1970-01-01 00:00:00,Minard,5299
2007-03-10 20:00:00,1970-01-01 00:00:00,Theaterzaal,5301
2007-03-10 22:00:00,1970-01-01 00:00:00,Balzaal,5439
2007-03-11 14:00:00,1970-01-01 00:00:00,Café,5327
2007-03-11 20:00:00,1970-01-01 00:00:00,Minard,5299
2007-03-11 20:00:00,1970-01-01 00:00:00,Theaterzaal,5353
2007-03-13 20:00:00,1970-01-01 00:00:00,Domzaal,5297
2007-03-13 20:00:00,1970-01-01 00:00:00,Concertzaal,5441
2007-03-14 06:06:00,1970-01-01 00:00:00,Theaterzaal,5427
2007-03-14 20:00:00,1970-01-01 00:00:00,Domzaal,5297
2007-03-14 20:00:00,1970-01-01 00:00:00,Minard,5303
2007-03-14 21:45:00,1970-01-01 00:00:00,Balzaal,5505
2007-03-14 22:00:00,1970-01-01 00:00:00,Concertzaal,5437
2007-03-15 20:00:00,1970-01-01 00:00:00,Domzaal,5297
2007-03-15 20:00:00,1970-01-01 00:00:00,Minard,5303
2007-03-15 20:00:00,1970-01-01 00:00:00,Theaterzaal,5365
2007-03-15 20:30:00,1970-01-01 00:00:00,"NTGent, Sint-Baafsplein 17",5307
2007-03-15 22:00:00,1970-01-01 00:00:00,Café,5453
2007-03-16 20:30:00,1970-01-01 00:00:00,"NTGent, Sint-Baafsplein 17",5307
2007-03-16 21:00:00,1970-01-01 00:00:00,Balzaal,5509
2007-03-17 22:00:00,1970-01-01 00:00:00,Theaterzaal,5511
2007-03-17 23:00:00,1970-01-01 00:00:00,Concertzaal,5445
2007-03-19 20:00:00,1970-01-01 00:00:00,Concertzaal,5321
2007-03-20 20:00:00,1970-01-01 00:00:00,Balzaal,5315
2007-03-20 20:00:00,1970-01-01 00:00:00,Domzaal,5347
2007-03-20 22:00:00,1970-01-01 00:00:00,Domzaal,5349
2007-03-21 20:00:00,1970-01-01 00:00:00,Balzaal,5501
2007-03-22 20:00:00,1970-01-01 00:00:00,Domzaal,5305
2007-03-22 20:00:00,1970-01-01 00:00:00,Theaterzaal,5417
2007-03-22 22:00:00,1970-01-01 00:00:00,Domzaal,5305
2007-03-23 20:00:00,1970-01-01 00:00:00,Domzaal,5305
2007-03-23 20:00:00,1970-01-01 00:00:00,Theaterzaal,5443
2007-03-23 22:00:00,1970-01-01 00:00:00,Domzaal,5305
2007-03-24 20:00:00,1970-01-01 00:00:00,Domzaal,5507
2007-03-24 22:00:00,1970-01-01 00:00:00,Balzaal,5451
2007-03-24 22:30:00,1970-01-01 00:00:00,Concertzaal,5449
2007-03-28 22:00:00,1970-01-01 00:00:00,Café,5411
2007-03-29 20:00:00,2007-03-29 21:20:00,Theaterzaal,5455
2007-03-29 20:00:00,2007-03-29 21:10:00,Minard,5457
2007-03-29 20:00:00,2007-03-29 23:00:00,Café & Brug,5495
2007-03-29 20:00:00,2007-03-29 23:00:00,Café & Brug,5497
2007-03-30 19:00:00,2007-03-30 20:20:00,Theaterzaal,5455
2007-03-30 19:00:00,2007-03-30 20:10:00,Minard,5457
2007-03-30 19:00:00,2007-03-30 22:00:00,Café & Brug,5495
2007-03-30 19:00:00,2007-03-30 22:00:00,Café & Brug,5497
2007-03-30 20:00:00,2007-03-30 20:50:00,Op Locatie,5459
2007-03-30 21:00:00,2007-03-30 21:40:00,Balzaal,5461
2007-03-30 21:00:00,1970-01-01 00:00:00,Dansstudio,5463
2007-03-30 21:00:00,2007-03-30 21:45:00,Foyer Theaterzaal ,5465
2007-03-30 22:00:00,2007-03-30 23:15:00,Domzaal,5467
2007-03-30 22:00:00,2007-03-30 22:20:00,\N,5469
2007-03-30 23:00:00,2007-03-30 23:20:00,Brugzaal,5471
2007-03-30 23:30:00,2007-03-30 23:55:00,Balzaal,5473
2007-03-30 23:59:00,1970-01-01 00:00:00,Café & Brug,5475
2007-03-31 14:00:00,2007-03-31 17:00:00,Café & Brug,5495
2007-03-31 14:00:00,2007-03-31 20:00:00,Café & Brug,5497
2007-03-31 15:00:00,2007-03-31 15:30:00,Minard,5477
2007-03-31 15:30:00,2007-03-31 22:00:00,Café & Brug,5479
2007-03-31 16:00:00,2007-03-31 19:00:00,Mokabon & Antiekzolder,5483
2007-03-31 18:00:00,2007-03-31 18:45:00,Foyer Theaterzaal ,5465
2007-03-31 18:00:00,2007-03-31 18:50:00,Domzaal,5481
2007-03-31 20:00:00,2007-03-31 20:50:00,Op Locatie,5459
2007-03-31 20:00:00,2007-03-31 23:00:00,Mokabon & Antiekzolder,5483
2007-03-31 20:00:00,2007-03-31 22:55:00,Theaterzaal,5485
2007-03-31 21:00:00,2007-03-31 21:20:00,\N,5469
2007-03-31 21:00:00,2007-03-31 22:15:00,Concertzaal,5487
2007-03-31 22:00:00,2007-03-31 22:55:00,Minard,5489
2007-03-31 23:00:00,2007-03-31 23:30:00,Domzaal,5491
2007-03-31 23:30:00,2007-04-01 00:10:00,Café & Brug,5493
2007-04-01 14:00:00,2007-04-01 17:00:00,Café & Brug,5495
2007-04-01 14:00:00,2007-04-01 20:00:00,Café & Brug,5497
2007-04-01 15:30:00,2007-04-01 20:30:00,Café & Brug,5479
2007-04-01 16:00:00,2007-04-01 17:00:00,Minard,5089
2007-04-01 17:00:00,2007-04-01 17:40:00,Balzaal,5091
2007-04-01 18:00:00,2007-04-01 18:45:00,Foyer Theaterzaal ,5465
2007-04-01 18:30:00,2007-04-01 19:45:00,Concertzaal,5487
2007-04-01 20:00:00,2007-04-01 21:00:00,Domzaal,5093
2007-04-01 20:00:00,2007-04-01 20:50:00,Op Locatie,5459
2007-04-01 21:30:00,2007-04-01 22:45:00,Theaterzaal,5095
2007-04-06 20:00:00,1970-01-01 00:00:00,Diverse Zalen,5101
2007-04-07 19:45:00,1970-01-01 00:00:00,Diverse Zalen,5099
2007-04-10 20:00:00,1970-01-01 00:00:00,Theaterzaal,5151
2007-04-11 21:00:00,1970-01-01 00:00:00,Balzaal,5107
2007-04-12 20:00:00,1970-01-01 00:00:00,Theaterzaal,5059
2007-04-12 22:00:00,1970-01-01 00:00:00,Theaterzaal,5139
2007-04-13 20:00:00,1970-01-01 00:00:00,Theaterzaal,5059
2007-04-14 20:00:00,1970-01-01 00:00:00,Theaterzaal,5059
2007-04-14 22:00:00,1970-01-01 00:00:00,Theaterzaal,5167
2007-04-14 22:00:00,1970-01-01 00:00:00,Concertzaal,5169
2007-04-15 20:00:00,1970-01-01 00:00:00,Theaterzaal,5103
2007-04-17 20:00:00,1970-01-01 00:00:00,Balzaal,5067
2007-04-18 20:00:00,1970-01-01 00:00:00,Balzaal,5081
2007-04-19 20:00:00,2007-04-19 22:00:00,Theaterzaal,5123
2007-04-19 20:00:00,1970-01-01 00:00:00,Minard,5125
2007-04-19 21:15:00,1970-01-01 00:00:00,Minard,5125
2007-04-19 22:00:00,1970-01-01 00:00:00,Concertzaal,5111
2007-04-20 14:00:00,2007-04-20 21:00:00,Theaterzaal,5123
2007-04-20 18:00:00,1970-01-01 00:00:00,Minard,5125
2007-04-20 19:15:00,1970-01-01 00:00:00,Minard,5125
2007-04-20 20:45:00,1970-01-01 00:00:00,Minard,5125
2007-04-20 22:00:00,1970-01-01 00:00:00,Concertzaal,5113
2007-04-20 22:00:00,1970-01-01 00:00:00,Minard,5125
2007-04-20 22:00:00,1970-01-01 00:00:00,Domzaal,5127
2007-04-21 14:00:00,2007-04-21 21:00:00,Theaterzaal,5123
2007-04-21 18:00:00,1970-01-01 00:00:00,Minard,5125
2007-04-21 19:15:00,1970-01-01 00:00:00,Minard,5125
2007-04-21 20:00:00,1970-01-01 00:00:00,Domzaal,5127
2007-04-21 20:45:00,1970-01-01 00:00:00,Minard,5125
2007-04-21 21:00:00,1970-01-01 00:00:00,Theaterzaal,5115
2007-04-21 22:00:00,1970-01-01 00:00:00,Minard,5125
2007-04-21 22:00:00,1970-01-01 00:00:00,Theaterzaal,5171
2007-04-22 14:00:00,2007-04-22 21:00:00,Theaterzaal,5123
2007-04-22 21:00:00,1970-01-01 00:00:00,Concertzaal,5129
2007-04-23 14:00:00,2007-04-23 21:00:00,Theaterzaal,5123
2007-04-23 19:30:00,1970-01-01 00:00:00,Balzaal,5131
2007-04-23 21:00:00,1970-01-01 00:00:00,Concertzaal,5129
2007-04-24 14:00:00,2007-04-24 21:00:00,Theaterzaal,5123
2007-04-24 20:00:00,1970-01-01 00:00:00,Theaterzaal,5133
2007-04-24 21:00:00,1970-01-01 00:00:00,Concertzaal,5129
2007-04-25 14:00:00,2007-04-25 21:00:00,Theaterzaal,5123
2007-04-25 20:00:00,1970-01-01 00:00:00,Domzaal,5061
2007-04-25 21:00:00,1970-01-01 00:00:00,Theaterzaal,5117
2007-04-25 22:00:00,1970-01-01 00:00:00,Balzaal,5075
2007-04-26 14:00:00,2007-04-26 21:00:00,Theaterzaal,5123
2007-04-26 16:00:00,1970-01-01 00:00:00,Op Locatie,5137
2007-04-26 20:00:00,1970-01-01 00:00:00,Domzaal,5061
2007-04-26 20:00:00,1970-01-01 00:00:00,Theaterzaal,5135
2007-04-26 21:00:00,1970-01-01 00:00:00,Theaterzaal,5119
2007-04-26 22:00:00,1970-01-01 00:00:00,Balzaal,5141
2007-04-27 14:00:00,2007-04-27 21:00:00,Theaterzaal,5123
2007-04-27 16:00:00,1970-01-01 00:00:00,Op Locatie,5137
2007-04-27 20:00:00,1970-01-01 00:00:00,Domzaal,5061
2007-04-27 20:00:00,1970-01-01 00:00:00,Theaterzaal,5135
2007-04-27 21:00:00,1970-01-01 00:00:00,Concertzaal,5121
2007-04-28 14:00:00,2007-04-28 21:00:00,Theaterzaal,5123
2007-04-28 16:00:00,1970-01-01 00:00:00,Op Locatie,5137
2007-04-28 20:00:00,1970-01-01 00:00:00,Domzaal,5061
2007-04-28 21:00:00,1970-01-01 00:00:00,Concertzaal,5143
2007-04-30 22:00:00,1970-01-01 00:00:00,Concertzaal,5173
2007-05-03 19:00:00,2007-05-03 00:00:00,Brugzaal,5185
2007-05-03 19:00:00,2007-05-03 00:00:00,Balzaal,5187
2007-05-03 19:00:00,2007-05-03 20:00:00,Foyer Theaterzaal ,5189
2007-05-03 20:00:00,1970-01-01 00:00:00,Domzaal,5175
2007-05-03 20:00:00,2007-05-03 21:05:00,Theaterzaal,5207
2007-05-03 21:30:00,2007-05-03 22:20:00,Dansstudio,5197
2007-05-03 21:30:00,2007-05-03 22:30:00,Theaterzaal,5205
2007-05-03 22:00:00,1970-01-01 00:00:00,Café,5183
2007-05-03 23:00:00,2007-05-03 00:00:00,Theaterzaal,5215
2007-05-03 23:00:00,2007-05-03 23:52:00,Theaterzaal,5219
2007-05-04 13:00:00,2007-05-04 00:00:00,Brugzaal,5185
2007-05-04 13:00:00,2007-05-04 00:00:00,Balzaal,5187
2007-05-04 19:00:00,2007-05-04 20:00:00,Foyer Theaterzaal ,5189
2007-05-04 19:30:00,1970-01-01 00:00:00,Diverse Zalen,5231
2007-05-04 20:00:00,1970-01-01 00:00:00,Domzaal,5175
2007-05-04 20:00:00,2007-05-04 20:50:00,Dansstudio,5199
2007-05-04 21:30:00,2007-05-04 22:30:00,Theaterzaal,5201
2007-05-04 21:30:00,2007-05-04 22:35:00,Theaterzaal,5217
2007-05-04 23:00:00,2007-05-04 23:55:00,Theaterzaal,5203
2007-05-04 23:00:00,2007-05-04 23:48:00,Theaterzaal,5221
2007-05-05 13:00:00,2007-05-05 00:00:00,Brugzaal,5185
2007-05-05 13:00:00,2007-05-05 00:00:00,Balzaal,5187
2007-05-05 14:00:00,2007-05-05 15:00:00,Theaterzaal,5215
2007-05-05 14:00:00,2007-05-05 15:05:00,Theaterzaal,5217
2007-05-05 15:30:00,2007-05-05 16:20:00,Dansstudio,5199
2007-05-05 15:30:00,2007-05-05 16:35:00,Domzaal,5211
2007-05-05 17:00:00,2007-05-05 17:50:00,Dansstudio,5197
2007-05-05 17:00:00,2007-05-05 17:48:00,Theaterzaal,5221
2007-05-05 18:30:00,2007-05-05 19:25:00,Theaterzaal,5203
2007-05-05 18:30:00,2007-05-05 19:45:00,Domzaal,5223
2007-05-05 19:00:00,2007-05-05 20:00:00,Foyer Theaterzaal ,5189
2007-05-05 20:00:00,1970-01-01 00:00:00,Theaterzaal,5191
2007-05-05 20:00:00,2007-05-05 21:00:00,Theaterzaal,5201
2007-05-05 20:00:00,2007-05-05 21:05:00,Theaterzaal,5209
2007-05-05 20:30:00,1970-01-01 00:00:00,Theaterzaal,5155
2007-05-05 21:30:00,2007-05-05 22:25:00,Theaterzaal,5195
2007-05-05 21:30:00,2007-05-05 22:35:00,Theaterzaal,5207
2007-05-05 23:00:00,2007-05-05 00:00:00,Theaterzaal,5205
2007-05-05 23:00:00,2007-05-05 00:00:00,Theaterzaal,5213
2007-05-06 13:00:00,2007-05-06 00:00:00,Brugzaal,5185
2007-05-06 13:00:00,2007-05-06 00:00:00,Balzaal,5187
2007-05-06 14:00:00,2007-05-06 15:05:00,Theaterzaal,5207
2007-05-06 14:00:00,2007-05-06 14:52:00,Theaterzaal,5219
2007-05-06 15:30:00,2007-05-06 16:25:00,Theaterzaal,5195
2007-05-06 15:30:00,2007-05-06 16:20:00,Dansstudio,5199
2007-05-06 17:00:00,2007-05-06 18:00:00,Theaterzaal,5201
2007-05-06 17:00:00,2007-05-06 18:05:00,Theaterzaal,5209
2007-05-06 18:30:00,2007-05-06 19:35:00,Domzaal,5211
2007-05-06 18:30:00,2007-05-06 19:30:00,Theaterzaal,5213
2007-05-06 20:00:00,1970-01-01 00:00:00,Theaterzaal,5193
2007-05-06 20:00:00,2007-05-06 20:50:00,Dansstudio,5197
2007-05-06 21:00:00,2007-05-06 21:55:00,Theaterzaal,5203
2007-05-08 20:00:00,1970-01-01 00:00:00,Domzaal,5079
2007-05-08 20:00:00,1970-01-01 00:00:00,Balzaal,5229
2007-05-09 20:10:00,1970-01-01 00:00:00,Concertzaal,5145
2007-05-09 22:00:00,1970-01-01 00:00:00,Café,5085
2007-05-10 20:00:00,1970-01-01 00:00:00,Theaterzaal,5077
2007-05-11 20:00:00,1970-01-01 00:00:00,Minard,5063
2007-05-12 14:00:00,1970-01-01 00:00:00,Diverse Zalen,5097
2007-05-12 20:00:00,1970-01-01 00:00:00,Minard,5063
2007-05-13 20:00:00,1970-01-01 00:00:00,Minard,5063
2007-05-15 20:00:00,1970-01-01 00:00:00,Balzaal,5069
2007-05-16 18:30:00,1970-01-01 00:00:00,Theaterzaal,5177
2007-05-16 20:00:00,1970-01-01 00:00:00,Balzaal,5083
2007-05-17 21:00:00,1970-01-01 00:00:00,Balzaal,5157
2007-05-18 20:00:00,1970-01-01 00:00:00,Balzaal,5233
2007-05-19 22:00:00,1970-01-01 00:00:00,Theaterzaal,5163
2007-05-20 20:00:00,1970-01-01 00:00:00,Theaterzaal,5071
2007-05-21 20:00:00,2007-05-21 23:00:00,Balzaal,5263
2007-05-22 09:30:00,2007-05-22 16:30:00,Theaterzaal,5147
2007-05-22 20:00:00,1970-01-01 00:00:00,Theaterzaal,5065
2007-05-23 20:00:00,1970-01-01 00:00:00,Theaterzaal,5087
2007-05-24 10:00:00,2007-05-24 17:00:00,Theaterzaal,5179
2007-05-24 20:00:00,1970-01-01 00:00:00,Theaterzaal,5153
2007-05-24 20:30:00,1970-01-01 00:00:00,Concertzaal,5109
2007-05-26 20:00:00,1970-01-01 00:00:00,Theaterzaal,5165
2007-05-26 22:00:00,1970-01-01 00:00:00,Theaterzaal,5159
2007-05-26 22:30:00,1970-01-01 00:00:00,Theaterzaal,5161
2007-05-29 22:00:00,1970-01-01 00:00:00,Café,5149
2007-05-30 20:30:00,1970-01-01 00:00:00,Concertzaal,5105
2007-05-31 20:00:00,1970-01-01 00:00:00,Theaterzaal,5181
2007-06-02 22:00:00,1970-01-01 00:00:00,Balzaal,5267
2007-06-05 20:00:00,1970-01-01 00:00:00,Balzaal,5225
2007-06-06 20:00:00,1970-01-01 00:00:00,Theaterzaal,5073
2007-06-06 20:00:00,1970-01-01 00:00:00,Balzaal,5265
2007-06-07 20:00:00,1970-01-01 00:00:00,Theaterzaal,5073
2007-06-07 22:00:00,1970-01-01 00:00:00,Café,5243
2007-06-08 20:00:00,1970-01-01 00:00:00,Theaterzaal,5073
2007-06-08 20:30:00,1970-01-01 00:00:00,Balzaal,5239
2007-06-09 20:30:00,1970-01-01 00:00:00,Theaterzaal,5241
2007-06-09 22:00:00,1970-01-01 00:00:00,Balzaal,5269
2007-06-10 16:00:00,1970-01-01 00:00:00,"Academieraadzaal RUG, Volderstraat 9",5227
2007-06-15 20:00:00,1970-01-01 00:00:00,Balzaal,5235
2007-06-17 22:00:00,1970-01-01 00:00:00,Café,5245
2007-06-18 22:00:00,1970-01-01 00:00:00,Café,5247
2007-06-19 20:00:00,1970-01-01 00:00:00,Balzaal,5237
2007-06-19 22:00:00,1970-01-01 00:00:00,Café,5249
2007-06-20 22:00:00,1970-01-01 00:00:00,Café,5251
2007-06-21 20:00:00,1970-01-01 00:00:00,Minard,5261
2007-06-22 16:00:00,2007-06-22 21:00:00,Brugzaal,5279
2007-06-22 20:00:00,1970-01-01 00:00:00,Minard,5261
2007-06-23 16:00:00,2007-06-23 21:00:00,Brugzaal,5279
2007-06-23 20:00:00,1970-01-01 00:00:00,Minard,5261
2007-06-23 22:00:00,1970-01-01 00:00:00,Concertzaal,5271
2007-06-24 16:00:00,2007-06-24 21:00:00,Brugzaal,5279
2007-06-24 22:00:00,1970-01-01 00:00:00,Café,5253
2007-06-25 22:00:00,1970-01-01 00:00:00,Café,5255
2007-06-26 22:00:00,1970-01-01 00:00:00,Café,5257
2007-06-27 22:00:00,1970-01-01 00:00:00,Café,5259
2007-06-28 23:00:00,1970-01-01 00:00:00,Concertzaal,5273
2007-06-29 22:00:00,1970-01-01 00:00:00,Concertzaal,5275
2007-06-30 22:00:00,1970-01-01 00:00:00,Balzaal,5281
2007-06-30 23:00:00,1970-01-01 00:00:00,Concertzaal,5277
2007-07-13 23:00:00,1970-01-01 00:00:00,Vooruit,5029
2007-07-14 23:00:00,1970-01-01 00:00:00,Vooruit,5029
2007-07-15 23:00:00,1970-01-01 00:00:00,Vooruit,5029
2007-07-16 23:00:00,1970-01-01 00:00:00,Vooruit,5029
2007-07-17 23:00:00,1970-01-01 00:00:00,Vooruit,5029
2007-07-18 23:00:00,1970-01-01 00:00:00,Vooruit,5029
2007-07-19 23:00:00,1970-01-01 00:00:00,Vooruit,5029
2007-07-20 23:00:00,1970-01-01 00:00:00,Vooruit,5029
2007-07-21 23:00:00,1970-01-01 00:00:00,Vooruit,5029
2007-07-22 23:00:00,1970-01-01 00:00:00,Vooruit,5029
2007-07-23 23:00:00,1970-01-01 00:00:00,Vooruit,5029
2007-09-02 16:00:00,2007-09-02 19:00:00,Op Locatie,5049
2007-09-08 23:00:00,1970-01-01 00:00:00,Concertzaal,5043
2007-09-08 23:00:00,1970-01-01 00:00:00,Balzaal,5051
2007-09-09 14:00:00,2007-09-09 17:00:00,Op Locatie,5049
2007-09-15 14:00:00,2007-09-15 17:00:00,Op Locatie,5049
2007-09-15 14:00:00,1970-01-01 00:00:00,"Academieraadzaal RUG, Volderstraat 9",5055
2007-09-15 22:30:00,1970-01-01 00:00:00,Concertzaal,5039
2007-09-15 22:30:00,1970-01-01 00:00:00,Balzaal,5045
2007-09-16 14:00:00,2007-09-16 17:00:00,Op Locatie,5049
2007-09-22 20:00:00,1970-01-01 00:00:00,Diverse Zalen,5037
2007-09-25 20:00:00,1970-01-01 00:00:00,Minard,5031
2007-09-26 20:00:00,1970-01-01 00:00:00,Minard,5031
2007-09-26 20:00:00,1970-01-01 00:00:00,Balzaal,5033
2007-09-26 22:00:00,1970-01-01 00:00:00,Café,5041
2007-09-27 20:00:00,1970-01-01 00:00:00,Minard,5031
2007-09-27 21:00:00,1970-01-01 00:00:00,Balzaal,5053
2007-09-27 22:00:00,1970-01-01 00:00:00,Concertzaal,5057
2007-09-28 20:00:00,1970-01-01 00:00:00,Minard,5031
2007-09-29 20:00:00,1970-01-01 00:00:00,Minard,5031
2007-09-29 20:00:00,1970-01-01 00:00:00,Domzaal,5035
2007-09-29 23:00:00,1970-01-01 00:00:00,Concertzaal,5047
2007-10-02 20:00:00,0000-00-00 00:00:00,Theaterzaal,4741
2007-10-02 22:00:00,0000-00-00 00:00:00,Concertzaal,4863
2007-10-03 20:00:00,0000-00-00 00:00:00,Theaterzaal,4741
2007-10-03 20:00:00,1970-01-01 00:00:00,Domzaal,5035
2007-10-03 22:00:00,0000-00-00 00:00:00,Concertzaal,4859
2007-10-04 20:00:00,0000-00-00 00:00:00,Theaterzaal,4741
2007-10-04 20:00:00,1970-01-01 00:00:00,Domzaal,5035
2007-10-04 22:00:00,0000-00-00 00:00:00,Café,4817
2007-10-04 22:00:00,0000-00-00 00:00:00,Concertzaal,4865
2007-10-05 20:00:00,0000-00-00 00:00:00,Concertzaal,4867
2007-10-05 20:00:00,1970-01-01 00:00:00,Domzaal,5035
2007-10-05 20:30:00,0000-00-00 00:00:00,"NTGent, Sint-Baafsplein 17",4743
2007-10-06 20:00:00,0000-00-00 00:00:00,Theaterzaal,4811
2007-10-06 20:00:00,1970-01-01 00:00:00,Domzaal,5035
2007-10-06 23:00:00,0000-00-00 00:00:00,Concertzaal,4869
2007-10-07 20:30:00,0000-00-00 00:00:00,Balzaal,4779
2007-10-08 20:00:00,0000-00-00 00:00:00,Concertzaal,4791
2007-10-09 18:00:00,2007-10-09 00:00:00,Mokabon,4821
2007-10-09 18:00:00,2007-10-09 00:00:00,Brugzaal,4823
2007-10-09 18:00:00,2007-10-09 00:00:00,Antiekzolder,4825
2007-10-09 18:00:00,2007-10-09 00:00:00,Brugzaal,4827
2007-10-09 18:00:00,2007-10-09 00:00:00,Foyer Theaterzaal ,4829
2007-10-09 18:00:00,2007-10-09 00:00:00,Antiekgang,4855
2007-10-09 20:00:00,0000-00-00 00:00:00,Theaterzaal,4819
2007-10-10 18:00:00,2007-10-10 00:00:00,Mokabon,4821
2007-10-10 18:00:00,2007-10-10 00:00:00,Brugzaal,4823
2007-10-10 18:00:00,2007-10-10 00:00:00,Antiekzolder,4825
2007-10-10 18:00:00,2007-10-10 00:00:00,Brugzaal,4827
2007-10-10 18:00:00,2007-10-10 00:00:00,Foyer Theaterzaal ,4829
2007-10-10 18:00:00,2007-10-10 00:00:00,Dansstudio,4831
2007-10-10 18:00:00,0000-00-00 00:00:00,Diverse Zalen,4833
2007-10-10 18:00:00,2007-10-10 00:00:00,Antiekgang,4855
2007-10-10 22:00:00,0000-00-00 00:00:00,Concertzaal,4871
2007-10-11 10:00:00,2007-10-11 17:00:00,Theaterzaal,4835
2007-10-11 18:00:00,2007-10-11 00:00:00,Mokabon,4821
2007-10-11 18:00:00,2007-10-11 00:00:00,Brugzaal,4823
2007-10-11 18:00:00,2007-10-11 00:00:00,Antiekzolder,4825
2007-10-11 18:00:00,2007-10-11 00:00:00,Brugzaal,4827
2007-10-11 18:00:00,2007-10-11 00:00:00,Foyer Theaterzaal ,4829
2007-10-11 18:00:00,2007-10-11 00:00:00,Dansstudio,4831
2007-10-11 18:00:00,0000-00-00 00:00:00,Diverse Zalen,4833
2007-10-11 18:00:00,2007-10-11 00:00:00,Antiekgang,4855
2007-10-11 20:00:00,0000-00-00 00:00:00,Minard,4745
2007-10-11 22:00:00,0000-00-00 00:00:00,Minard,4839
2007-10-11 22:00:00,0000-00-00 00:00:00,Concertzaal,4873
2007-10-12 14:00:00,2007-10-12 18:00:00,Theaterzaal,4837
2007-10-12 18:00:00,2007-10-12 00:00:00,Mokabon,4821
2007-10-12 18:00:00,2007-10-12 00:00:00,Brugzaal,4823
2007-10-12 18:00:00,2007-10-12 00:00:00,Antiekzolder,4825
2007-10-12 18:00:00,2007-10-12 00:00:00,Brugzaal,4827
2007-10-12 18:00:00,2007-10-12 00:00:00,Foyer Theaterzaal ,4829
2007-10-12 18:00:00,2007-10-12 00:00:00,Dansstudio,4831
2007-10-12 18:00:00,0000-00-00 00:00:00,Diverse Zalen,4833
2007-10-12 18:00:00,2007-10-12 00:00:00,Antiekgang,4855
2007-10-12 20:00:00,0000-00-00 00:00:00,Minard,4745
2007-10-12 21:30:00,0000-00-00 00:00:00,Concertzaal,4815
2007-10-12 22:00:00,0000-00-00 00:00:00,Minard,4839
2007-10-13 14:00:00,2007-10-13 00:00:00,Mokabon,4821
2007-10-13 14:00:00,2007-10-13 00:00:00,Brugzaal,4823
2007-10-13 14:00:00,2007-10-13 00:00:00,Antiekzolder,4825
2007-10-13 14:00:00,2007-10-13 00:00:00,Brugzaal,4827
2007-10-13 14:00:00,2007-10-13 00:00:00,Foyer Theaterzaal ,4829
2007-10-13 14:00:00,2007-10-13 00:00:00,Dansstudio,4831
2007-10-13 14:00:00,0000-00-00 00:00:00,Diverse Zalen,4833
2007-10-13 14:00:00,0000-00-00 00:00:00,Theaterzaal,4841
2007-10-13 14:00:00,2007-10-13 00:00:00,Antiekgang,4855
2007-10-13 17:00:00,0000-00-00 00:00:00,Diverse Zalen,4833
2007-10-13 20:00:00,0000-00-00 00:00:00,Theaterzaal,4841
2007-10-13 22:00:00,0000-00-00 00:00:00,Concertzaal,4875
2007-10-14 13:30:00,2007-10-14 15:00:00,Café,4793
2007-10-14 14:00:00,0000-00-00 00:00:00,Café,4793
2007-10-14 14:00:00,2007-10-14 00:00:00,Mokabon,4821
2007-10-14 14:00:00,2007-10-14 00:00:00,Brugzaal,4823
2007-10-14 14:00:00,2007-10-14 00:00:00,Antiekzolder,4825
2007-10-14 14:00:00,2007-10-14 00:00:00,Brugzaal,4827
2007-10-14 14:00:00,2007-10-14 00:00:00,Foyer Theaterzaal ,4829
2007-10-14 14:00:00,2007-10-14 00:00:00,Dansstudio,4831
2007-10-14 14:00:00,0000-00-00 00:00:00,Diverse Zalen,4833
2007-10-14 14:00:00,2007-10-14 00:00:00,Antiekgang,4855
2007-10-14 14:30:00,0000-00-00 00:00:00,Theaterzaal,4973
2007-10-14 17:00:00,0000-00-00 00:00:00,Diverse Zalen,4833
2007-10-14 17:30:00,0000-00-00 00:00:00,Theaterzaal,4975
2007-10-14 20:00:00,0000-00-00 00:00:00,Domzaal,4843
2007-10-14 20:00:00,0000-00-00 00:00:00,"Academieraadzaal RUG, Volderstraat 9",4977
2007-10-15 09:30:00,2007-10-15 17:00:00,"Academieraadzaal RUG, Volderstraat 9",4959
2007-10-15 18:00:00,2007-10-15 00:00:00,Mokabon,4821
2007-10-15 18:00:00,2007-10-15 00:00:00,Brugzaal,4823
2007-10-15 18:00:00,2007-10-15 00:00:00,Antiekzolder,4825
2007-10-15 18:00:00,2007-10-15 00:00:00,Brugzaal,4827
2007-10-15 18:00:00,2007-10-15 00:00:00,Foyer Theaterzaal ,4829
2007-10-15 18:00:00,2007-10-15 00:00:00,Dansstudio,4831
2007-10-15 18:00:00,2007-10-15 00:00:00,Antiekgang,4855
2007-10-15 20:00:00,0000-00-00 00:00:00,Theaterzaal,4845
2007-10-16 18:00:00,2007-10-16 00:00:00,Mokabon,4821
2007-10-16 18:00:00,2007-10-16 00:00:00,Brugzaal,4823
2007-10-16 18:00:00,2007-10-16 00:00:00,Antiekzolder,4825
2007-10-16 18:00:00,2007-10-16 00:00:00,Brugzaal,4827
2007-10-16 18:00:00,2007-10-16 00:00:00,Foyer Theaterzaal ,4829
2007-10-16 18:00:00,2007-10-16 00:00:00,Dansstudio,4831
2007-10-16 18:00:00,2007-10-16 00:00:00,Antiekgang,4855
2007-10-16 20:00:00,0000-00-00 00:00:00,Balzaal,4801
2007-10-16 22:00:00,0000-00-00 00:00:00,Café,4809
2007-10-16 22:00:00,0000-00-00 00:00:00,Concertzaal,4877
2007-10-17 18:00:00,2007-10-17 00:00:00,Mokabon,4821
2007-10-17 18:00:00,2007-10-17 00:00:00,Brugzaal,4823
2007-10-17 18:00:00,2007-10-17 00:00:00,Antiekzolder,4825
2007-10-17 18:00:00,2007-10-17 00:00:00,Brugzaal,4827
2007-10-17 18:00:00,2007-10-17 00:00:00,Foyer Theaterzaal ,4829
2007-10-17 18:00:00,2007-10-17 00:00:00,Dansstudio,4831
2007-10-17 18:00:00,0000-00-00 00:00:00,Diverse Zalen,4833
2007-10-17 18:00:00,2007-10-17 00:00:00,Antiekgang,4855
2007-10-17 20:00:00,2007-10-17 22:15:00,Theaterzaal,4951
2007-10-17 22:00:00,0000-00-00 00:00:00,"Academieraadzaal RUG, Volderstraat 9",4879
2007-10-18 18:00:00,2007-10-18 00:00:00,Mokabon,4821
2007-10-18 18:00:00,2007-10-18 00:00:00,Brugzaal,4823
2007-10-18 18:00:00,2007-10-18 00:00:00,Antiekzolder,4825
2007-10-18 18:00:00,2007-10-18 00:00:00,Brugzaal,4827
2007-10-18 18:00:00,2007-10-18 00:00:00,Foyer Theaterzaal ,4829
2007-10-18 18:00:00,2007-10-18 00:00:00,Dansstudio,4831
2007-10-18 18:00:00,0000-00-00 00:00:00,Diverse Zalen,4833
2007-10-18 18:00:00,2007-10-18 00:00:00,Antiekgang,4855
2007-10-18 20:00:00,0000-00-00 00:00:00,Op Locatie,4747
2007-10-18 20:00:00,0000-00-00 00:00:00,Balzaal,4847
2007-10-18 21:30:00,0000-00-00 00:00:00,Concertzaal,4781
2007-10-19 18:00:00,2007-10-19 00:00:00,Mokabon,4821
2007-10-19 18:00:00,2007-10-19 00:00:00,Brugzaal,4823
2007-10-19 18:00:00,2007-10-19 00:00:00,Antiekzolder,4825
2007-10-19 18:00:00,2007-10-19 00:00:00,Brugzaal,4827
2007-10-19 18:00:00,2007-10-19 00:00:00,Foyer Theaterzaal ,4829
2007-10-19 18:00:00,2007-10-19 00:00:00,Dansstudio,4831
2007-10-19 18:00:00,0000-00-00 00:00:00,Diverse Zalen,4833
2007-10-19 18:00:00,2007-10-19 00:00:00,Antiekgang,4855
2007-10-19 21:00:00,0000-00-00 00:00:00,Balzaal,4849
2007-10-19 22:30:00,0000-00-00 00:00:00,Concertzaal,4881
2007-10-20 14:00:00,2007-10-20 00:00:00,Brugzaal,4823
2007-10-20 14:00:00,2007-10-20 00:00:00,Antiekzolder,4825
2007-10-20 14:00:00,2007-10-20 00:00:00,Brugzaal,4827
2007-10-20 14:00:00,2007-10-20 00:00:00,Foyer Theaterzaal ,4829
2007-10-20 14:00:00,2007-10-20 00:00:00,Dansstudio,4831
2007-10-20 14:00:00,2007-10-20 00:00:00,Antiekgang,4855
2007-10-20 18:00:00,2007-10-20 00:00:00,Mokabon,4821
2007-10-20 21:30:00,2007-10-20 21:50:00,Domzaal,4963
2007-10-20 22:30:00,0000-00-00 00:00:00,Balzaal,4851
2007-10-20 23:00:00,0000-00-00 00:00:00,Concertzaal,4883
2007-10-21 20:00:00,0000-00-00 00:00:00,Concertzaal,4813
2007-10-23 22:00:00,0000-00-00 00:00:00,Concertzaal,4885
2007-10-24 20:00:00,0000-00-00 00:00:00,Balzaal,4961
2007-10-25 22:00:00,0000-00-00 00:00:00,Concertzaal,4887
2007-10-27 11:00:00,0000-00-00 00:00:00,Diverse Zalen,4957
2007-10-27 20:00:00,0000-00-00 00:00:00,Minard,4751
2007-10-27 20:00:00,0000-00-00 00:00:00,Minard,4839
2007-10-27 21:00:00,0000-00-00 00:00:00,Minard,4861
2007-10-27 22:00:00,0000-00-00 00:00:00,Concertzaal,4889
2007-10-28 20:00:00,0000-00-00 00:00:00,Minard,4751
2007-10-28 20:00:00,0000-00-00 00:00:00,Minard,4839
2007-10-30 20:00:00,0000-00-00 00:00:00,Balzaal,4785
2007-10-31 20:00:00,0000-00-00 00:00:00,Balzaal,4799
2007-10-31 23:00:00,0000-00-00 00:00:00,Concertzaal,4891
2007-11-01 20:30:00,0000-00-00 00:00:00,Balzaal,4935
2007-11-02 20:00:00,0000-00-00 00:00:00,Theaterzaal,4749
2007-11-02 20:30:00,0000-00-00 00:00:00,Balzaal,4935
2007-11-03 20:00:00,2007-11-03 20:50:00,Domzaal,4931
2007-11-03 20:30:00,0000-00-00 00:00:00,Balzaal,4935
2007-11-04 13:00:00,2007-11-04 18:30:00,Brugzaal,4941
2007-11-04 13:00:00,2007-11-04 18:30:00,Vooruit,4947
2007-11-04 13:30:00,2007-11-04 14:30:00,Theaterzaal,4927
2007-11-04 13:30:00,0000-00-00 00:00:00,Foyer Theaterzaal ,4939
2007-11-04 14:00:00,2007-11-04 14:50:00,Domzaal,4931
2007-11-04 14:15:00,2007-11-04 14:35:00,Café,4949
2007-11-04 15:00:00,2007-11-04 15:30:00,Balzaal,4929
2007-11-04 15:00:00,2007-11-04 15:35:00,Dansstudio,4933
2007-11-04 15:00:00,2007-11-04 15:25:00,Concertzaal,4937
2007-11-04 15:00:00,0000-00-00 00:00:00,Foyer Theaterzaal ,4939
2007-11-04 15:30:00,2007-11-04 16:30:00,Theaterzaal,4927
2007-11-04 16:00:00,2007-11-04 16:50:00,Domzaal,4931
2007-11-04 16:00:00,2007-11-04 16:20:00,Café,4949
2007-11-04 17:00:00,2007-11-04 17:30:00,Balzaal,4929
2007-11-04 17:00:00,2007-11-04 17:35:00,Dansstudio,4933
2007-11-04 17:00:00,0000-00-00 00:00:00,Foyer Theaterzaal ,4939
2007-11-04 17:30:00,2007-11-04 17:55:00,Concertzaal,4937
2007-11-06 20:00:00,0000-00-00 00:00:00,Theaterzaal,4923
2007-11-07 20:00:00,0000-00-00 00:00:00,Domzaal,4787
2007-11-07 20:00:00,0000-00-00 00:00:00,Domzaal,4925
2007-11-08 20:00:00,0000-00-00 00:00:00,Balzaal,4995
2007-11-08 22:00:00,0000-00-00 00:00:00,Concertzaal,4893
2007-11-09 21:00:00,0000-00-00 00:00:00,Balzaal,4997
2007-11-10 23:00:00,0000-00-00 00:00:00,Concertzaal,4895
2007-11-10 23:00:00,0000-00-00 00:00:00,Balzaal,4897
2007-11-11 10:30:00,2007-11-12 01:00:00,Diverse Zalen,4921
2007-11-14 20:00:00,0000-00-00 00:00:00,Domzaal,4753
2007-11-14 20:00:00,0000-00-00 00:00:00,Theaterzaal,4965
2007-11-14 22:00:00,0000-00-00 00:00:00,Concertzaal,4899
2007-11-15 20:00:00,0000-00-00 00:00:00,Domzaal,4753
2007-11-15 22:00:00,0000-00-00 00:00:00,Café,4943
2007-11-16 20:00:00,0000-00-00 00:00:00,Minard,4755
2007-11-16 20:00:00,0000-00-00 00:00:00,Concertzaal,4807
2007-11-17 11:00:00,0000-00-00 00:00:00,Diverse Zalen,4957
2007-11-17 20:00:00,0000-00-00 00:00:00,Minard,4755
2007-11-17 21:00:00,0000-00-00 00:00:00,Concertzaal,4901
2007-11-17 21:00:00,0000-00-00 00:00:00,Minard,4955
2007-11-18 15:00:00,0000-00-00 00:00:00,Café,4795
2007-11-20 20:00:00,0000-00-00 00:00:00,Balzaal,4757
2007-11-21 19:30:00,0000-00-00 00:00:00,Theaterzaal,4759
2007-11-21 20:00:00,0000-00-00 00:00:00,Balzaal,4757
2007-11-22 19:30:00,0000-00-00 00:00:00,Theaterzaal,4759
2007-11-22 20:00:00,0000-00-00 00:00:00,Balzaal,4757
2007-11-22 22:00:00,0000-00-00 00:00:00,Concertzaal,4903
2007-11-23 19:30:00,0000-00-00 00:00:00,Theaterzaal,4759
2007-11-23 20:00:00,0000-00-00 00:00:00,Balzaal,4757
2007-11-24 19:30:00,0000-00-00 00:00:00,Theaterzaal,4759
2007-11-24 20:00:00,0000-00-00 00:00:00,Balzaal,4757
2007-11-27 20:00:00,0000-00-00 00:00:00,Balzaal,4803
2007-11-27 20:30:00,0000-00-00 00:00:00,Concertzaal,4853
2007-11-27 22:00:00,0000-00-00 00:00:00,Café,4945
2007-11-28 20:00:00,0000-00-00 00:00:00,Minard,4761
2007-11-28 20:00:00,0000-00-00 00:00:00,Balzaal,4967
2007-11-28 20:30:00,0000-00-00 00:00:00,Concertzaal,4805
2007-11-29 20:00:00,0000-00-00 00:00:00,Minard,4761
2007-11-29 20:00:00,0000-00-00 00:00:00,Theaterzaal,4763
2007-11-29 20:30:00,0000-00-00 00:00:00,Witte Zaal,4981
2007-11-29 22:00:00,0000-00-00 00:00:00,Concertzaal,4919
2007-11-29 23:00:00,0000-00-00 00:00:00,Brugzaal,4985
2007-11-30 00:00:00,0000-00-00 00:00:00,Brugzaal,4991
2007-11-30 14:00:00,0000-00-00 00:00:00,Witte Zaal,4981
2007-11-30 18:00:00,0000-00-00 00:00:00,Brugzaal,4987
2007-11-30 20:00:00,0000-00-00 00:00:00,Minard,4761
2007-11-30 20:30:00,0000-00-00 00:00:00,Balzaal,4979
2007-12-01 00:00:00,0000-00-00 00:00:00,Brugzaal,4991
2007-12-01 16:00:00,0000-00-00 00:00:00,Brugzaal,4989
2007-12-01 18:00:00,0000-00-00 00:00:00,Op Locatie,4993
2007-12-01 19:00:00,0000-00-00 00:00:00,Concertzaal,4905
2007-12-01 20:00:00,0000-00-00 00:00:00,Minard,4761
2007-12-01 20:30:00,0000-00-00 00:00:00,Balzaal,4983
2007-12-04 20:00:00,0000-00-00 00:00:00,Balzaal,4789
2007-12-05 20:00:00,0000-00-00 00:00:00,"De Bijloke, Jozef Kluyskensstraat 2",4765
2007-12-05 20:30:00,0000-00-00 00:00:00,Concertzaal,4857
2007-12-05 20:30:00,0000-00-00 00:00:00,Balzaal,4953
2007-12-06 20:00:00,0000-00-00 00:00:00,Theaterzaal,4767
2007-12-06 20:00:00,0000-00-00 00:00:00,Domzaal,4769
2007-12-06 22:00:00,0000-00-00 00:00:00,Concertzaal,5017
2007-12-07 20:00:00,0000-00-00 00:00:00,Theaterzaal,4767
2007-12-07 20:00:00,0000-00-00 00:00:00,Domzaal,4769
2007-12-08 11:00:00,0000-00-00 00:00:00,Diverse Zalen,4957
2007-12-08 20:00:00,0000-00-00 00:00:00,Theaterzaal,4767
2007-12-08 20:00:00,0000-00-00 00:00:00,Domzaal,4769
2007-12-08 22:30:00,0000-00-00 00:00:00,Concertzaal,4907
2007-12-08 23:00:00,0000-00-00 00:00:00,Concertzaal,4909
2007-12-09 18:00:00,0000-00-00 00:00:00,"Academieraadzaal RUG, Volderstraat 9",5023
2007-12-11 20:00:00,0000-00-00 00:00:00,Theaterzaal,4771
2007-12-12 18:00:00,2007-12-12 00:00:00,Diverse Zalen,5003
2007-12-12 20:00:00,0000-00-00 00:00:00,Brugzaal,5001
2007-12-12 21:00:00,0000-00-00 00:00:00,Theaterzaal,5007
2007-12-13 11:30:00,2007-12-13 02:00:00,Café,5005
2007-12-13 18:00:00,2007-12-13 00:00:00,Diverse Zalen,5003
2007-12-13 20:00:00,0000-00-00 00:00:00,Theaterzaal,4773
2007-12-13 22:30:00,0000-00-00 00:00:00,Café,5009
2007-12-14 11:30:00,2007-12-14 03:00:00,Café,5005
2007-12-14 18:00:00,2007-12-14 00:00:00,Diverse Zalen,5003
2007-12-14 20:00:00,2007-12-14 22:30:00,Diverse Zalen,5011
2007-12-14 23:00:00,0000-00-00 00:00:00,Café,5013
2007-12-15 11:30:00,2007-12-15 03:00:00,Café,5005
2007-12-15 14:00:00,2007-12-15 00:00:00,Diverse Zalen,5003
2007-12-15 20:00:00,0000-00-00 00:00:00,Diverse Zalen,5015
2007-12-16 15:00:00,0000-00-00 00:00:00,Café,4797
2007-12-18 20:00:00,0000-00-00 00:00:00,Concertzaal,4783
2007-12-19 20:00:00,0000-00-00 00:00:00,Domzaal,4775
2007-12-19 20:00:00,0000-00-00 00:00:00,Balzaal,4999
2007-12-19 21:00:00,0000-00-00 00:00:00,Dansstudio,4971
2007-12-19 22:00:00,0000-00-00 00:00:00,Café,4969
2007-12-20 20:00:00,0000-00-00 00:00:00,Domzaal,4775
2007-12-20 20:00:00,0000-00-00 00:00:00,Theaterzaal,4777
2007-12-20 23:00:00,0000-00-00 00:00:00,Concertzaal,4911
2007-12-21 18:00:00,0000-00-00 00:00:00,Balzaal,5025
2007-12-21 20:00:00,0000-00-00 00:00:00,Theaterzaal,4777
2007-12-21 23:00:00,0000-00-00 00:00:00,Concertzaal,4913
2007-12-22 20:00:00,0000-00-00 00:00:00,Theaterzaal,4777
2007-12-22 22:00:00,0000-00-00 00:00:00,Balzaal,4917
2007-12-22 23:00:00,0000-00-00 00:00:00,Concertzaal,4915
2007-12-31 00:30:00,0000-00-00 00:00:00,"Academieraadzaal RUG, Volderstraat 9",5021
2007-12-31 23:00:00,0000-00-00 00:00:00,Balzaal & Café,5019
2008-01-15 20:00:00,0000-00-00 00:00:00,Balzaal,4545
2008-01-16 20:00:00,0000-00-00 00:00:00,Balzaal,4561
2008-01-18 20:00:00,0000-00-00 00:00:00,Theaterzaal,4517
2008-01-19 20:00:00,0000-00-00 00:00:00,Theaterzaal,4517
2008-01-19 22:00:00,0000-00-00 00:00:00,Balzaal,4577
2008-01-20 14:00:00,0000-00-00 00:00:00,Café,4571
2008-01-20 20:00:00,0000-00-00 00:00:00,Theaterzaal,4519
2008-01-24 20:00:00,0000-00-00 00:00:00,Balzaal,4583
2008-01-25 20:00:00,0000-00-00 00:00:00,"NTGent, Sint-Baafsplein 17",4539
2008-01-25 23:00:00,0000-00-00 00:00:00,"Academieraadzaal RUG, Volderstraat 9",4581
2008-01-29 20:00:00,0000-00-00 00:00:00,Balzaal,4559
2008-01-30 22:00:00,0000-00-00 00:00:00,Balzaal,4579
2008-01-31 20:00:00,0000-00-00 00:00:00,Theaterzaal,4521
2008-02-01 20:00:00,0000-00-00 00:00:00,Theaterzaal,4521
2008-02-01 22:00:00,0000-00-00 00:00:00,Balzaal,4605
2008-02-02 20:00:00,0000-00-00 00:00:00,Theaterzaal,4521
2008-02-07 20:30:00,0000-00-00 00:00:00,Balzaal,4555
2008-02-08 20:00:00,0000-00-00 00:00:00,Balzaal,4563
2008-02-08 22:00:00,0000-00-00 00:00:00,Concertzaal,4681
2008-02-09 14:00:00,2008-02-09 19:30:00,Diverse Zalen,4625
2008-02-09 22:00:00,0000-00-00 00:00:00,Concertzaal,4607
2008-02-13 20:00:00,0000-00-00 00:00:00,Domzaal,4523
2008-02-13 21:00:00,0000-00-00 00:00:00,Domzaal,4541
2008-02-13 21:30:00,0000-00-00 00:00:00,Balzaal,4565
2008-02-13 22:00:00,0000-00-00 00:00:00,Café,4591
2008-02-14 20:00:00,0000-00-00 00:00:00,Domzaal,4523
2008-02-14 20:00:00,0000-00-00 00:00:00,Concertzaal,4557
2008-02-15 20:00:00,0000-00-00 00:00:00,Theaterzaal,4525
2008-02-16 10:00:00,2008-02-16 18:00:00,Antiekzolder,4587
2008-02-16 21:00:00,0000-00-00 00:00:00,Balzaal,4611
2008-02-16 23:00:00,0000-00-00 00:00:00,Concertzaal,4609
2008-02-17 10:00:00,2008-02-17 18:00:00,Antiekzolder,4587
2008-02-17 14:00:00,0000-00-00 00:00:00,Café,4573
2008-02-19 20:00:00,0000-00-00 00:00:00,Balzaal,4547
2008-02-20 20:00:00,0000-00-00 00:00:00,"De Bijloke, Jozef Kluyskensstraat 2",4603
2008-02-20 22:00:00,0000-00-00 00:00:00,Café,4593
2008-02-21 20:00:00,0000-00-00 00:00:00,Domzaal,4595
2008-02-22 20:00:00,0000-00-00 00:00:00,Theaterzaal,4527
2008-02-22 20:00:00,0000-00-00 00:00:00,Domzaal,4595
2008-02-22 22:00:00,0000-00-00 00:00:00,Balzaal,4613
2008-02-23 20:00:00,0000-00-00 00:00:00,Theaterzaal,4527
2008-02-23 21:00:00,0000-00-00 00:00:00,Balzaal,4615
2008-02-24 16:00:00,0000-00-00 00:00:00,Concertzaal,4621
2008-02-26 20:00:00,0000-00-00 00:00:00,Minard,4529
2008-02-27 20:00:00,0000-00-00 00:00:00,Balzaal,4567
2008-02-27 20:00:00,0000-00-00 00:00:00,Theaterzaal,4597
2008-02-28 20:00:00,0000-00-00 00:00:00,Minard,4529
2008-02-29 20:00:00,0000-00-00 00:00:00,Minard,4529
2008-02-29 20:00:00,0000-00-00 00:00:00,Theaterzaal,4599
2008-02-29 22:00:00,0000-00-00 00:00:00,Balzaal,4617
2008-03-01 20:00:00,0000-00-00 00:00:00,Minard,4529
2008-03-01 23:00:00,0000-00-00 00:00:00,Concertzaal,4683
2008-03-01 23:00:00,0000-00-00 00:00:00,Balzaal,4685
2008-03-05 11:30:00,2008-03-05 02:00:00,Café,4671
2008-03-05 11:30:00,2008-03-05 02:00:00,Diverse Zalen,4673
2008-03-05 17:00:00,2008-03-05 00:00:00,Wintertuin,4661
2008-03-05 17:00:00,2008-03-05 00:00:00,Brug & Brugzaal,4675
2008-03-05 19:00:00,2008-03-05 22:00:00,Kassaruimte Balzaal,4669
2008-03-05 20:00:00,0000-00-00 00:00:00,Minard,4531
2008-03-05 20:00:00,0000-00-00 00:00:00,Theaterzaal,4627
2008-03-05 22:00:00,0000-00-00 00:00:00,Concertzaal,4585
2008-03-05 22:00:00,0000-00-00 00:00:00,Balzaal,4629
2008-03-06 11:30:00,2008-03-06 02:00:00,Café,4671
2008-03-06 11:30:00,2008-03-06 02:00:00,Diverse Zalen,4673
2008-03-06 13:00:00,2008-03-06 18:00:00,Foyer Theaterzaal ,4631
2008-03-06 17:00:00,2008-03-06 00:00:00,Wintertuin,4661
2008-03-06 17:00:00,2008-03-06 00:00:00,Brug & Brugzaal,4675
2008-03-06 19:00:00,2008-03-06 22:00:00,Kassaruimte Balzaal,4669
2008-03-06 20:00:00,0000-00-00 00:00:00,Minard,4531
2008-03-06 20:00:00,0000-00-00 00:00:00,Balzaal,4633
2008-03-06 22:00:00,0000-00-00 00:00:00,Balzaal,4635
2008-03-06 22:00:00,0000-00-00 00:00:00,Concertzaal,4687
2008-03-07 11:30:00,2008-03-07 03:00:00,Café,4671
2008-03-07 11:30:00,2008-03-07 03:00:00,Diverse Zalen,4673
2008-03-07 17:00:00,2008-03-07 00:00:00,Wintertuin,4661
2008-03-07 17:00:00,2008-03-07 00:00:00,Brug & Brugzaal,4675
2008-03-07 19:00:00,2008-03-07 22:00:00,Kassaruimte Balzaal,4669
2008-03-07 20:00:00,0000-00-00 00:00:00,Balzaal,4637
2008-03-07 20:30:00,0000-00-00 00:00:00,Concertzaal,4589
2008-03-07 22:00:00,0000-00-00 00:00:00,Theaterzaal,4639
2008-03-07 22:00:00,0000-00-00 00:00:00,Balzaal,4641
2008-03-07 23:30:00,0000-00-00 00:00:00,Dansstudio,4643
2008-03-08 11:30:00,2008-03-08 03:00:00,Café,4671
2008-03-08 11:30:00,2008-03-08 03:00:00,Diverse Zalen,4673
2008-03-08 14:00:00,2008-03-08 00:00:00,Wintertuin,4661
2008-03-08 14:00:00,2008-03-08 00:00:00,Brug & Brugzaal,4675
2008-03-08 19:00:00,2008-03-08 22:00:00,Kassaruimte Balzaal,4669
2008-03-08 20:00:00,0000-00-00 00:00:00,Domzaal,4533
2008-03-08 20:00:00,0000-00-00 00:00:00,Theaterzaal,4623
2008-03-08 20:00:00,0000-00-00 00:00:00,Balzaal,4645
2008-03-08 21:00:00,0000-00-00 00:00:00,Domzaal,4543
2008-03-08 22:00:00,0000-00-00 00:00:00,Balzaal,4647
2008-03-08 23:00:00,0000-00-00 00:00:00,Concertzaal,4689
2008-03-08 23:30:00,0000-00-00 00:00:00,Dansstudio,4643
2008-03-09 14:00:00,0000-00-00 00:00:00,Café,4575
2008-03-09 14:00:00,2008-03-09 00:00:00,Wintertuin,4661
2008-03-09 14:00:00,2008-03-09 16:00:00,Kassaruimte Balzaal,4669
2008-03-09 14:00:00,2008-03-09 01:00:00,Diverse Zalen,4673
2008-03-09 14:00:00,2008-03-09 00:00:00,Brug & Brugzaal,4675
2008-03-09 14:30:00,2008-03-09 01:00:00,Café,4671
2008-03-09 20:00:00,0000-00-00 00:00:00,Domzaal,4533
2008-03-10 11:30:00,2008-03-10 02:00:00,Café,4671
2008-03-10 17:00:00,2008-03-10 00:00:00,Wintertuin,4661
2008-03-10 22:00:00,0000-00-00 00:00:00,Concertzaal,4553
2008-03-11 11:30:00,2008-03-11 02:00:00,Café,4671
2008-03-11 11:30:00,2008-03-11 02:00:00,Diverse Zalen,4673
2008-03-11 17:00:00,2008-03-11 00:00:00,Wintertuin,4661
2008-03-11 17:00:00,2008-03-11 00:00:00,Brug & Brugzaal,4675
2008-03-11 19:00:00,2008-03-11 22:00:00,Kassaruimte Balzaal,4669
2008-03-11 20:00:00,0000-00-00 00:00:00,Balzaal,4649
2008-03-11 22:00:00,0000-00-00 00:00:00,Balzaal,4651
2008-03-12 11:30:00,2008-03-12 02:00:00,Café,4671
2008-03-12 11:30:00,2008-03-12 02:00:00,Diverse Zalen,4673
2008-03-12 13:00:00,2008-03-12 18:00:00,Balzaal,4653
2008-03-12 17:00:00,2008-03-12 00:00:00,Wintertuin,4661
2008-03-12 17:00:00,2008-03-12 00:00:00,Brug & Brugzaal,4675
2008-03-12 19:00:00,2008-03-12 22:00:00,Kassaruimte Balzaal,4669
2008-03-12 19:30:00,2008-03-12 21:30:00,Balzaal,4653
2008-03-12 21:30:00,0000-00-00 00:00:00,Domzaal,4655
2008-03-13 11:30:00,2008-03-13 02:00:00,Café,4671
2008-03-13 11:30:00,2008-03-13 02:00:00,Diverse Zalen,4673
2008-03-13 17:00:00,2008-03-13 00:00:00,Wintertuin,4661
2008-03-13 17:00:00,2008-03-13 00:00:00,Brug & Brugzaal,4675
2008-03-13 19:00:00,2008-03-13 22:00:00,Kassaruimte Balzaal,4669
2008-03-13 20:00:00,0000-00-00 00:00:00,Balzaal,4657
2008-03-13 21:30:00,0000-00-00 00:00:00,Minard,4659
2008-03-13 21:30:00,0000-00-00 00:00:00,Domzaal,4663
2008-03-14 11:30:00,2008-03-14 03:00:00,Café,4671
2008-03-14 11:30:00,2008-03-14 03:00:00,Diverse Zalen,4673
2008-03-14 17:00:00,2008-03-14 00:00:00,Wintertuin,4661
2008-03-14 17:00:00,2008-03-14 00:00:00,Brug & Brugzaal,4675
2008-03-14 19:00:00,2008-03-14 22:00:00,Kassaruimte Balzaal,4669
2008-03-14 20:00:00,0000-00-00 00:00:00,Theaterzaal,4535
2008-03-14 20:00:00,0000-00-00 00:00:00,Balzaal,4665
2008-03-14 20:30:00,0000-00-00 00:00:00,"NTGent, Sint-Baafsplein 17",4537
2008-03-14 21:30:00,0000-00-00 00:00:00,Minard,4659
2008-03-15 11:30:00,2008-03-15 03:00:00,Café,4671
2008-03-15 11:30:00,2008-03-15 03:00:00,Diverse Zalen,4673
2008-03-15 14:00:00,2008-03-15 00:00:00,Wintertuin,4661
2008-03-15 17:00:00,2008-03-15 00:00:00,Brug & Brugzaal,4675
2008-03-15 19:00:00,2008-03-15 22:00:00,Kassaruimte Balzaal,4669
2008-03-15 20:00:00,0000-00-00 00:00:00,Theaterzaal,4535
2008-03-15 21:30:00,0000-00-00 00:00:00,Balzaal,4667
2008-03-15 22:00:00,0000-00-00 00:00:00,Concertzaal,4691
2008-03-18 20:00:00,0000-00-00 00:00:00,Balzaal,4549
2008-03-18 22:00:00,0000-00-00 00:00:00,Café,4619
2008-03-19 09:00:00,2008-03-19 22:00:00,Theaterzaal,4677
2008-03-19 20:00:00,0000-00-00 00:00:00,Balzaal,4569
2008-03-19 22:00:00,0000-00-00 00:00:00,Concertzaal,4693
2008-03-20 20:00:00,0000-00-00 00:00:00,Balzaal,4601
2008-03-20 22:00:00,0000-00-00 00:00:00,Concertzaal,4695
2008-03-21 20:00:00,0000-00-00 00:00:00,Theaterzaal,4679
2008-03-21 20:30:00,0000-00-00 00:00:00,\N,4703
2008-03-21 22:00:00,0000-00-00 00:00:00,Concertzaal,4551
2008-03-22 22:00:00,0000-00-00 00:00:00,Balzaal,4697
2008-03-22 23:00:00,0000-00-00 00:00:00,Concertzaal,4699
2008-03-28 20:00:00,0000-00-00 00:00:00,Diverse Zalen,4701
2008-03-29 19:30:00,0000-00-00 00:00:00,Diverse Zalen,4701
2008-04-01 20:00:00,0000-00-00 00:00:00,Concertzaal,4343
2008-04-04 19:30:00,0000-00-00 00:00:00,Diverse Zalen,4365
2008-04-08 20:00:00,0000-00-00 00:00:00,Balzaal,4337
2008-04-09 20:00:00,0000-00-00 00:00:00,Balzaal,4369
2008-04-10 20:00:00,0000-00-00 00:00:00,Theaterzaal,4305
2008-04-10 22:00:00,0000-00-00 00:00:00,Café,4357
2008-04-11 20:00:00,0000-00-00 00:00:00,Theaterzaal,4305
2008-04-11 20:00:00,0000-00-00 00:00:00,Domzaal,4399
2008-04-11 20:30:00,0000-00-00 00:00:00,"NTGent, Sint-Baafsplein 17",4307
2008-04-11 21:00:00,0000-00-00 00:00:00,Foyer Theaterzaal ,4329
2008-04-12 20:00:00,0000-00-00 00:00:00,Theaterzaal,4305
2008-04-12 20:30:00,0000-00-00 00:00:00,Balzaal,4381
2008-04-12 23:00:00,0000-00-00 00:00:00,"Academieraadzaal RUG, Volderstraat 9",4379
2008-04-15 20:00:00,0000-00-00 00:00:00,Balzaal,4333
2008-04-15 20:00:00,0000-00-00 00:00:00,Theaterzaal,4345
2008-04-15 22:00:00,0000-00-00 00:00:00,Concertzaal,4383
2008-04-16 20:00:00,0000-00-00 00:00:00,Domzaal,4309
2008-04-16 22:00:00,0000-00-00 00:00:00,Balzaal,4339
2008-04-17 10:30:00,2008-04-17 17:00:00,Theaterzaal,4401
2008-04-17 20:00:00,0000-00-00 00:00:00,Domzaal,4309
2008-04-17 20:30:00,0000-00-00 00:00:00,"NTGent, Sint-Baafsplein 17",4313
2008-04-18 20:00:00,0000-00-00 00:00:00,Theaterzaal,4363
2008-04-18 20:30:00,0000-00-00 00:00:00,"NTGent, Sint-Baafsplein 17",4313
2008-04-19 20:00:00,0000-00-00 00:00:00,Theaterzaal,4363
2008-04-19 22:30:00,0000-00-00 00:00:00,Balzaal,4385
2008-04-19 23:00:00,0000-00-00 00:00:00,Concertzaal,4387
2008-04-20 20:00:00,0000-00-00 00:00:00,Theaterzaal,4331
2008-04-20 20:30:00,0000-00-00 00:00:00,Balzaal,4359
2008-04-21 20:00:00,2008-04-21 22:30:00,"Cinema Sphinx, Sint-Michielshelling 3",4415
2008-04-21 23:00:00,0000-00-00 00:00:00,Theaterzaal,4411
2008-04-22 20:00:00,0000-00-00 00:00:00,Concertzaal,4389
2008-04-22 20:00:00,0000-00-00 00:00:00,"Academieraadzaal RUG, Volderstraat 9",4441
2008-04-22 21:30:00,0000-00-00 00:00:00,"Academieraadzaal RUG, Volderstraat 9",4447
2008-04-22 23:00:00,0000-00-00 00:00:00,"Cinema Sphinx, Sint-Michielshelling 3",4437
2008-04-23 18:00:00,2008-04-23 00:00:00,Diverse Zalen,4421
2008-04-23 18:30:00,0000-00-00 00:00:00,"Academieraadzaal RUG, Volderstraat 9",4449
2008-04-23 20:00:00,0000-00-00 00:00:00,Minard,4351
2008-04-23 20:00:00,2008-04-23 22:00:00,Domzaal,4413
2008-04-23 20:00:00,0000-00-00 00:00:00,"Academieraadzaal RUG, Volderstraat 9",4447
2008-04-23 23:00:00,0000-00-00 00:00:00,Theaterzaal,4411
2008-04-24 13:00:00,2008-04-24 00:00:00,Diverse Zalen,4421
2008-04-24 13:30:00,2008-04-24 17:30:00,"Zebrastraat, Zebrastraat 34",4425
2008-04-24 16:00:00,0000-00-00 00:00:00,Brugzaal,4403
2008-04-24 18:30:00,0000-00-00 00:00:00,"Academieraadzaal RUG, Volderstraat 9",4445
2008-04-24 20:00:00,0000-00-00 00:00:00,Minard,4351
2008-04-24 20:00:00,2008-04-24 22:00:00,Domzaal,4417
2008-04-24 20:00:00,0000-00-00 00:00:00,"Academieraadzaal RUG, Volderstraat 9",4443
2008-04-24 21:30:00,0000-00-00 00:00:00,"Academieraadzaal RUG, Volderstraat 9",4441
2008-04-24 23:00:00,2008-04-24 00:20:00,Op Locatie,4427
2008-04-25 13:00:00,2008-04-25 00:00:00,Diverse Zalen,4421
2008-04-25 18:30:00,0000-00-00 00:00:00,"Academieraadzaal RUG, Volderstraat 9",4451
2008-04-25 20:00:00,2008-04-25 22:30:00,Domzaal,4419
2008-04-25 20:00:00,0000-00-00 00:00:00,"Academieraadzaal RUG, Volderstraat 9",4445
2008-04-25 21:30:00,0000-00-00 00:00:00,"Academieraadzaal RUG, Volderstraat 9",4449
2008-04-25 23:00:00,2008-04-25 00:30:00,Op Locatie,4427
2008-04-25 23:00:00,0000-00-00 00:00:00,"Academieraadzaal RUG, Volderstraat 9",4443
2008-04-25 23:00:00,0000-00-00 00:00:00,"Academieraadzaal RUG, Volderstraat 9",4453
2008-04-26 13:00:00,2008-04-26 00:00:00,Diverse Zalen,4421
2008-04-26 15:00:00,2008-04-26 16:00:00,Op Locatie,4427
2008-04-26 15:00:00,0000-00-00 00:00:00,"Academieraadzaal RUG, Volderstraat 9",4453
2008-04-26 16:30:00,2008-04-26 17:30:00,Op Locatie,4427
2008-04-26 16:30:00,0000-00-00 00:00:00,"Academieraadzaal RUG, Volderstraat 9",4447
2008-04-26 18:00:00,0000-00-00 00:00:00,"Academieraadzaal RUG, Volderstraat 9",4443
2008-04-26 18:00:00,0000-00-00 00:00:00,"Academieraadzaal RUG, Volderstraat 9",4445
2008-04-26 19:30:00,2008-04-26 20:45:00,Op Locatie,4427
2008-04-26 20:30:00,0000-00-00 00:00:00,Theaterzaal,4455
2008-04-26 21:00:00,0000-00-00 00:00:00,Diverse Zalen,4439
2008-04-26 22:00:00,0000-00-00 00:00:00,Café,4423
2008-04-26 22:30:00,0000-00-00 00:00:00,"Academieraadzaal RUG, Volderstraat 9",4451
2008-04-27 15:00:00,0000-00-00 00:00:00,"Cinema Sphinx, Sint-Michielshelling 3",4437
2008-04-27 16:30:00,2008-04-27 17:30:00,Op Locatie,4427
2008-04-27 18:00:00,0000-00-00 00:00:00,Diverse Zalen,4439
2008-04-29 20:00:00,0000-00-00 00:00:00,Theaterzaal,4353
2008-04-29 20:00:00,0000-00-00 00:00:00,Balzaal,4371
2008-04-29 22:00:00,0000-00-00 00:00:00,Concertzaal,4391
2008-04-30 20:00:00,0000-00-00 00:00:00,Theaterzaal,4405
2008-04-30 22:00:00,0000-00-00 00:00:00,Concertzaal,4393
2008-04-30 22:00:00,0000-00-00 00:00:00,Balzaal,4395
2008-05-01 20:00:00,0000-00-00 00:00:00,Theaterzaal,4315
2008-05-01 20:30:00,0000-00-00 00:00:00,Balzaal,4367
2008-05-02 20:00:00,0000-00-00 00:00:00,Theaterzaal,4315
2008-05-03 20:00:00,0000-00-00 00:00:00,Theaterzaal,4315
2008-05-03 22:00:00,0000-00-00 00:00:00,"Academieraadzaal RUG, Volderstraat 9",4473
2008-05-06 20:00:00,0000-00-00 00:00:00,Minard,4319
2008-05-06 20:00:00,0000-00-00 00:00:00,Balzaal,4409
2008-05-07 20:00:00,0000-00-00 00:00:00,Minard,4319
2008-05-07 20:00:00,0000-00-00 00:00:00,Theaterzaal,4347
2008-05-07 20:00:00,0000-00-00 00:00:00,Balzaal,4433
2008-05-08 20:00:00,0000-00-00 00:00:00,Minard,4319
2008-05-08 20:00:00,0000-00-00 00:00:00,"Academieraadzaal RUG, Volderstraat 9",4341
2008-05-09 20:00:00,0000-00-00 00:00:00,Theaterzaal,4317
2008-05-10 20:00:00,0000-00-00 00:00:00,Theaterzaal,4317
2008-05-10 23:00:00,0000-00-00 00:00:00,"Academieraadzaal RUG, Volderstraat 9",4475
2008-05-11 20:00:00,0000-00-00 00:00:00,Theaterzaal,4317
2008-05-12 00:00:00,0000-00-00 00:00:00,Diverse Zalen,4461
2008-05-13 00:00:00,0000-00-00 00:00:00,Diverse Zalen,4461
2008-05-13 20:00:00,0000-00-00 00:00:00,Op Locatie,4509
2008-05-13 22:00:00,0000-00-00 00:00:00,Café,4457
2008-05-14 00:00:00,0000-00-00 00:00:00,Diverse Zalen,4461
2008-05-14 20:00:00,0000-00-00 00:00:00,Minard,4323
2008-05-14 20:00:00,0000-00-00 00:00:00,Diverse Zalen,4355
2008-05-14 20:00:00,0000-00-00 00:00:00,"Academieraadzaal RUG, Volderstraat 9",4431
2008-05-15 00:00:00,0000-00-00 00:00:00,Diverse Zalen,4461
2008-05-15 20:00:00,0000-00-00 00:00:00,Minard,4323
2008-05-15 20:00:00,0000-00-00 00:00:00,Balzaal,4349
2008-05-15 20:00:00,0000-00-00 00:00:00,Theaterzaal,4459
2008-05-15 22:00:00,0000-00-00 00:00:00,Café,4373
2008-05-16 00:00:00,0000-00-00 00:00:00,Diverse Zalen,4461
2008-05-16 20:00:00,0000-00-00 00:00:00,Minard,4323
2008-05-16 23:00:00,0000-00-00 00:00:00,"Academieraadzaal RUG, Volderstraat 9",4477
2008-05-17 00:00:00,0000-00-00 00:00:00,Diverse Zalen,4461
2008-05-17 20:00:00,0000-00-00 00:00:00,Minard,4323
2008-05-17 22:00:00,0000-00-00 00:00:00,"Academieraadzaal RUG, Volderstraat 9",4479
2008-05-18 00:00:00,0000-00-00 00:00:00,Diverse Zalen,4461
2008-05-19 00:00:00,0000-00-00 00:00:00,Diverse Zalen,4461
2008-05-20 20:00:00,0000-00-00 00:00:00,Balzaal,4361
2008-05-21 20:00:00,0000-00-00 00:00:00,Minard,4323
2008-05-21 20:00:00,0000-00-00 00:00:00,Theaterzaal,4335
2008-05-21 22:00:00,0000-00-00 00:00:00,Café,4377
2008-05-22 20:00:00,0000-00-00 00:00:00,Domzaal,4321
2008-05-22 20:00:00,0000-00-00 00:00:00,Minard,4323
2008-05-22 21:30:00,0000-00-00 00:00:00,Balzaal,4435
2008-05-23 19:30:00,0000-00-00 00:00:00,"Academieraadzaal RUG, Volderstraat 9",4481
2008-05-23 20:00:00,0000-00-00 00:00:00,Domzaal,4321
2008-05-23 20:00:00,0000-00-00 00:00:00,Minard,4323
2008-05-23 20:00:00,0000-00-00 00:00:00,Theaterzaal,4397
2008-05-24 20:00:00,0000-00-00 00:00:00,Domzaal,4321
2008-05-24 20:00:00,0000-00-00 00:00:00,Minard,4323
2008-05-24 20:00:00,0000-00-00 00:00:00,Theaterzaal,4325
2008-05-24 20:30:00,0000-00-00 00:00:00,Concertzaal,4483
2008-05-24 22:00:00,0000-00-00 00:00:00,Balzaal,4407
2008-05-27 20:00:00,0000-00-00 00:00:00,Theaterzaal,4465
2008-05-28 20:00:00,0000-00-00 00:00:00,Minard,4323
2008-05-28 21:00:00,0000-00-00 00:00:00,Theaterzaal,4463
2008-05-29 20:00:00,0000-00-00 00:00:00,Minard,4323
2008-05-29 20:00:00,0000-00-00 00:00:00,Domzaal,4327
2008-05-29 22:00:00,0000-00-00 00:00:00,Café,4375
2008-05-30 20:00:00,0000-00-00 00:00:00,Minard,4323
2008-05-30 20:00:00,0000-00-00 00:00:00,Domzaal,4327
2008-05-30 21:00:00,0000-00-00 00:00:00,Theaterzaal,4311
2008-05-30 21:00:00,0000-00-00 00:00:00,Theaterzaal,4429
2008-05-31 20:00:00,0000-00-00 00:00:00,Minard,4323
2008-05-31 20:00:00,0000-00-00 00:00:00,Domzaal,4327
2008-05-31 20:30:00,0000-00-00 00:00:00,"Academieraadzaal RUG, Volderstraat 9",4485
2008-06-04 20:00:00,0000-00-00 00:00:00,Minard,4323
2008-06-05 20:00:00,0000-00-00 00:00:00,Minard,4323
2008-06-05 20:00:00,0000-00-00 00:00:00,Balzaal,4511
2008-06-06 20:00:00,0000-00-00 00:00:00,Minard,4323
2008-06-06 20:00:00,0000-00-00 00:00:00,Balzaal,4469
2008-06-07 20:00:00,0000-00-00 00:00:00,Minard,4323
2008-06-14 23:00:00,0000-00-00 00:00:00,"Academieraadzaal RUG, Volderstraat 9",4487
2008-06-17 20:00:00,0000-00-00 00:00:00,Domzaal,4467
2008-06-19 20:00:00,0000-00-00 00:00:00,Domzaal,4467
2008-06-21 20:00:00,0000-00-00 00:00:00,Domzaal,4467
2008-06-21 22:30:00,0000-00-00 00:00:00,Balzaal,4471
2008-06-21 23:00:00,0000-00-00 00:00:00,"Academieraadzaal RUG, Volderstraat 9",4489
2008-06-24 22:00:00,0000-00-00 00:00:00,Café,4501
2008-06-25 22:00:00,0000-00-00 00:00:00,Café,4503
2008-06-25 23:00:00,0000-00-00 00:00:00,"Academieraadzaal RUG, Volderstraat 9",4491
2008-06-26 23:00:00,0000-00-00 00:00:00,"Academieraadzaal RUG, Volderstraat 9",4493
2008-06-27 20:00:00,0000-00-00 00:00:00,"Academieraadzaal RUG, Volderstraat 9",4495
2008-06-27 20:30:00,0000-00-00 00:00:00,Concertzaal,4513
2008-06-27 23:00:00,0000-00-00 00:00:00,"Academieraadzaal RUG, Volderstraat 9",4497
2008-06-28 23:00:00,0000-00-00 00:00:00,"Academieraadzaal RUG, Volderstraat 9",4499
2008-06-29 22:00:00,0000-00-00 00:00:00,Café,4505
2008-06-30 17:00:00,2008-06-30 22:00:00,Concertzaal,4515
2008-06-30 22:00:00,0000-00-00 00:00:00,Café,4507
2008-07-01 14:00:00,2008-07-01 20:00:00,Concertzaal,4515
2008-07-01 22:00:00,0000-00-00 00:00:00,Café,4261
2008-07-02 14:00:00,2008-07-02 20:00:00,Concertzaal,4515
2008-07-02 22:00:00,0000-00-00 00:00:00,Café,4263
2008-07-03 14:00:00,2008-07-03 20:00:00,Concertzaal,4515
2008-07-04 14:00:00,2008-07-04 00:00:00,Concertzaal,4515
2008-07-05 23:00:00,0000-00-00 00:00:00,Concertzaal,4275
2008-07-18 10:00:00,2008-07-18 18:00:00,"S.M.A.K., Jan Hoetplein 1",4265
2008-07-18 21:00:00,0000-00-00 00:00:00,"S.M.A.K., Jan Hoetplein 1",4269
2008-07-18 23:00:00,0000-00-00 00:00:00,Diverse Zalen,4259
2008-07-19 10:00:00,2008-07-19 18:00:00,"S.M.A.K., Jan Hoetplein 1",4265
2008-07-19 16:00:00,0000-00-00 00:00:00,"S.M.A.K., Jan Hoetplein 1",4267
2008-07-19 23:00:00,0000-00-00 00:00:00,Diverse Zalen,4259
2008-07-20 10:00:00,2008-07-20 18:00:00,"S.M.A.K., Jan Hoetplein 1",4265
2008-07-20 23:00:00,0000-00-00 00:00:00,Diverse Zalen,4259
2008-07-21 10:00:00,2008-07-21 18:00:00,"S.M.A.K., Jan Hoetplein 1",4265
2008-07-21 23:00:00,0000-00-00 00:00:00,Diverse Zalen,4259
2008-07-22 10:00:00,2008-07-22 18:00:00,"S.M.A.K., Jan Hoetplein 1",4265
2008-07-22 23:00:00,0000-00-00 00:00:00,Diverse Zalen,4259
2008-07-23 10:00:00,2008-07-23 18:00:00,"S.M.A.K., Jan Hoetplein 1",4265
2008-07-23 23:00:00,0000-00-00 00:00:00,Diverse Zalen,4259
2008-07-24 10:00:00,2008-07-24 18:00:00,"S.M.A.K., Jan Hoetplein 1",4265
2008-07-24 23:00:00,0000-00-00 00:00:00,Diverse Zalen,4259
2008-07-25 10:00:00,2008-07-25 18:00:00,"S.M.A.K., Jan Hoetplein 1",4265
2008-07-25 23:00:00,0000-00-00 00:00:00,Diverse Zalen,4259
2008-07-26 10:00:00,2008-07-26 18:00:00,"S.M.A.K., Jan Hoetplein 1",4265
2008-07-26 23:00:00,0000-00-00 00:00:00,Diverse Zalen,4259
2008-07-27 10:00:00,2008-07-27 18:00:00,"S.M.A.K., Jan Hoetplein 1",4265
2008-07-27 23:00:00,0000-00-00 00:00:00,Diverse Zalen,4259
2008-07-28 23:00:00,0000-00-00 00:00:00,Diverse Zalen,4259
2008-07-29 10:00:00,2008-07-29 18:00:00,"S.M.A.K., Jan Hoetplein 1",4265
2008-07-30 10:00:00,2008-07-30 18:00:00,"S.M.A.K., Jan Hoetplein 1",4265
2008-07-31 10:00:00,2008-07-31 18:00:00,"S.M.A.K., Jan Hoetplein 1",4265
2008-08-01 10:00:00,2008-08-01 18:00:00,"S.M.A.K., Jan Hoetplein 1",4265
2008-08-02 10:00:00,2008-08-02 18:00:00,"S.M.A.K., Jan Hoetplein 1",4265
2008-08-03 10:00:00,2008-08-03 18:00:00,"S.M.A.K., Jan Hoetplein 1",4265
2008-08-05 10:00:00,2008-08-05 18:00:00,"S.M.A.K., Jan Hoetplein 1",4265
2008-08-06 10:00:00,2008-08-06 18:00:00,"S.M.A.K., Jan Hoetplein 1",4265
2008-08-07 10:00:00,2008-08-07 18:00:00,"S.M.A.K., Jan Hoetplein 1",4265
2008-08-08 10:00:00,2008-08-08 18:00:00,"S.M.A.K., Jan Hoetplein 1",4265
2008-08-09 10:00:00,2008-08-09 18:00:00,"S.M.A.K., Jan Hoetplein 1",4265
2008-08-10 10:00:00,2008-08-10 18:00:00,"S.M.A.K., Jan Hoetplein 1",4265
2008-08-12 10:00:00,2008-08-12 18:00:00,"S.M.A.K., Jan Hoetplein 1",4265
2008-08-13 10:00:00,2008-08-13 18:00:00,"S.M.A.K., Jan Hoetplein 1",4265
2008-08-14 10:00:00,2008-08-14 18:00:00,"S.M.A.K., Jan Hoetplein 1",4265
2008-08-15 10:00:00,2008-08-15 18:00:00,"S.M.A.K., Jan Hoetplein 1",4265
2008-08-16 10:00:00,2008-08-16 18:00:00,"S.M.A.K., Jan Hoetplein 1",4265
2008-08-17 10:00:00,2008-08-17 18:00:00,"S.M.A.K., Jan Hoetplein 1",4265
2008-08-19 10:00:00,2008-08-19 18:00:00,"S.M.A.K., Jan Hoetplein 1",4265
2008-08-20 10:00:00,2008-08-20 18:00:00,"S.M.A.K., Jan Hoetplein 1",4265
2008-08-21 10:00:00,2008-08-21 18:00:00,"S.M.A.K., Jan Hoetplein 1",4265
2008-08-22 10:00:00,2008-08-22 18:00:00,"S.M.A.K., Jan Hoetplein 1",4265
2008-08-23 10:00:00,2008-08-23 18:00:00,"S.M.A.K., Jan Hoetplein 1",4265
2008-08-24 10:00:00,2008-08-24 18:00:00,"S.M.A.K., Jan Hoetplein 1",4265
2008-08-26 10:00:00,2008-08-26 18:00:00,"S.M.A.K., Jan Hoetplein 1",4265
2008-08-27 10:00:00,2008-08-27 18:00:00,"S.M.A.K., Jan Hoetplein 1",4265
2008-08-28 10:00:00,2008-08-28 18:00:00,"S.M.A.K., Jan Hoetplein 1",4265
2008-08-29 10:00:00,2008-08-29 18:00:00,"S.M.A.K., Jan Hoetplein 1",4265
2008-08-30 10:00:00,2008-08-30 18:00:00,"S.M.A.K., Jan Hoetplein 1",4265
2008-08-31 10:00:00,2008-08-31 18:00:00,"S.M.A.K., Jan Hoetplein 1",4265
2008-09-02 10:00:00,2008-09-02 18:00:00,"S.M.A.K., Jan Hoetplein 1",4265
2008-09-03 10:00:00,2008-09-03 18:00:00,"S.M.A.K., Jan Hoetplein 1",4265
2008-09-04 10:00:00,2008-09-04 18:00:00,"S.M.A.K., Jan Hoetplein 1",4265
2008-09-05 10:00:00,2008-09-05 18:00:00,"S.M.A.K., Jan Hoetplein 1",4265
2008-09-06 10:00:00,2008-09-06 18:00:00,"S.M.A.K., Jan Hoetplein 1",4265
2008-09-06 23:00:00,0000-00-00 00:00:00,Balzaal,4285
2008-09-07 10:00:00,2008-09-07 18:00:00,"S.M.A.K., Jan Hoetplein 1",4265
2008-09-09 10:00:00,2008-09-09 18:00:00,"S.M.A.K., Jan Hoetplein 1",4265
2008-09-10 10:00:00,2008-09-10 18:00:00,"S.M.A.K., Jan Hoetplein 1",4265
2008-09-11 10:00:00,2008-09-11 18:00:00,"S.M.A.K., Jan Hoetplein 1",4265
2008-09-12 10:00:00,2008-09-12 18:00:00,"S.M.A.K., Jan Hoetplein 1",4265
2008-09-12 20:30:00,0000-00-00 00:00:00,Concertzaal,4283
2008-09-13 10:00:00,2008-09-13 18:00:00,"S.M.A.K., Jan Hoetplein 1",4265
2008-09-13 14:00:00,0000-00-00 00:00:00,Theaterzaal,4301
2008-09-13 23:00:00,0000-00-00 00:00:00,Balzaal,4287
2008-09-14 10:00:00,2008-09-14 18:00:00,"S.M.A.K., Jan Hoetplein 1",4265
2008-09-14 11:00:00,2008-09-14 17:00:00,Diverse Zalen,4303
2008-09-16 10:00:00,2008-09-16 18:00:00,"S.M.A.K., Jan Hoetplein 1",4265
2008-09-16 22:00:00,0000-00-00 00:00:00,Café,4277
2008-09-17 10:00:00,2008-09-17 18:00:00,"S.M.A.K., Jan Hoetplein 1",4265
2008-09-18 10:00:00,2008-09-18 18:00:00,"S.M.A.K., Jan Hoetplein 1",4265
2008-09-19 10:00:00,2008-09-19 18:00:00,"S.M.A.K., Jan Hoetplein 1",4265
2008-09-20 10:00:00,2008-09-20 18:00:00,"S.M.A.K., Jan Hoetplein 1",4265
2008-09-20 23:00:00,0000-00-00 00:00:00,Concertzaal,4289
2008-09-21 10:00:00,2008-09-21 18:00:00,"S.M.A.K., Jan Hoetplein 1",4265
2008-09-24 23:00:00,0000-00-00 00:00:00,Concertzaal,4281
2008-09-25 22:00:00,0000-00-00 00:00:00,Balzaal,4279
2008-09-25 22:00:00,0000-00-00 00:00:00,Concertzaal,4291
2008-09-26 19:15:00,0000-00-00 00:00:00,"Academieraadzaal RUG, Volderstraat 9",4273
2008-09-26 20:30:00,0000-00-00 00:00:00,"NTGent, Sint-Baafsplein 17",4271
2008-09-26 22:00:00,0000-00-00 00:00:00,Balzaal,4293
2008-09-27 22:00:00,0000-00-00 00:00:00,Concertzaal,4295
2008-09-27 22:30:00,0000-00-00 00:00:00,Balzaal,4297
2008-09-30 22:00:00,0000-00-00 00:00:00,"Academieraadzaal RUG, Volderstraat 9",4299
2008-10-01 20:00:00,0000-00-00 00:00:00,Theaterzaal,3857
2008-10-01 21:30:00,0000-00-00 00:00:00,Dansstudio,3979
2008-10-01 22:00:00,0000-00-00 00:00:00,Balzaal,3943
2008-10-02 20:00:00,0000-00-00 00:00:00,Theaterzaal,3857
2008-10-02 20:00:00,0000-00-00 00:00:00,Minard,3859
2008-10-02 20:00:00,0000-00-00 00:00:00,Balzaal,3911
2008-10-02 22:00:00,0000-00-00 00:00:00,Concertzaal,4021
2008-10-03 20:00:00,0000-00-00 00:00:00,Minard,3859
2008-10-03 20:00:00,0000-00-00 00:00:00,"Academieraadzaal RUG, Volderstraat 9",3945
2008-10-03 20:30:00,0000-00-00 00:00:00,"NTGent, Sint-Baafsplein 17",4271
2008-10-03 23:00:00,0000-00-00 00:00:00,Concertzaal,3919
2008-10-04 20:00:00,0000-00-00 00:00:00,"Academieraadzaal RUG, Volderstraat 9",3861
2008-10-04 21:30:00,0000-00-00 00:00:00,Concertzaal,3913
2008-10-04 23:00:00,0000-00-00 00:00:00,Balzaal,3995
2008-10-07 18:00:00,2008-10-07 00:00:00,Diverse Zalen,3983
2008-10-07 20:00:00,0000-00-00 00:00:00,Theaterzaal,3967
2008-10-08 14:30:00,0000-00-00 00:00:00,Domzaal,4071
2008-10-08 17:00:00,0000-00-00 00:00:00,Domzaal,4081
2008-10-08 18:00:00,2008-10-06 00:00:00,Diverse Zalen,3983
2008-10-08 18:00:00,2008-10-08 18:40:00,\N,4035
2008-10-08 18:40:00,2008-10-08 19:20:00,\N,4035
2008-10-08 19:20:00,2008-10-08 20:00:00,\N,4035
2008-10-08 20:00:00,0000-00-00 00:00:00,Theaterzaal,3981
2008-10-08 20:00:00,0000-00-00 00:00:00,Domzaal,4065
2008-10-08 20:40:00,2008-10-08 21:20:00,\N,4035
2008-10-08 21:00:00,0000-00-00 00:00:00,Theaterzaal,3981
2008-10-08 21:20:00,2008-10-08 22:00:00,Brugzaal,3971
2008-10-08 21:20:00,2008-10-08 22:00:00,\N,4035
2008-10-08 21:40:00,2008-10-08 22:20:00,Brugzaal,3971
2008-10-08 22:00:00,2008-10-08 22:40:00,Brugzaal,3971
2008-10-08 22:00:00,0000-00-00 00:00:00,Theaterzaal,3981
2008-10-08 22:00:00,0000-00-00 00:00:00,Concertzaal,4023
2008-10-08 22:00:00,2008-10-08 22:40:00,\N,4035
2008-10-08 22:20:00,2008-10-08 23:00:00,Brugzaal,3971
2008-10-08 22:30:00,0000-00-00 00:00:00,Domzaal,4067
2008-10-08 22:40:00,2008-10-08 23:20:00,Brugzaal,3971
2008-10-08 22:40:00,2008-10-08 23:20:00,\N,4035
2008-10-08 23:00:00,2008-10-08 23:40:00,Brugzaal,3971
2008-10-08 23:20:00,2008-10-08 00:00:00,Brugzaal,3971
2008-10-08 23:20:00,2008-10-08 00:00:00,\N,4035
2008-10-09 10:00:00,2008-10-09 18:00:00,Theaterzaal,3991
2008-10-09 14:30:00,0000-00-00 00:00:00,Domzaal,4067
2008-10-09 17:00:00,0000-00-00 00:00:00,Domzaal,4045
2008-10-09 18:00:00,2008-10-09 18:40:00,Brugzaal,3971
2008-10-09 18:00:00,2008-10-09 00:00:00,Diverse Zalen,3983
2008-10-09 18:00:00,2008-10-09 18:40:00,\N,4035
2008-10-09 18:20:00,2008-10-09 19:00:00,Brugzaal,3971
2008-10-09 18:40:00,2008-10-09 19:20:00,Brugzaal,3971
2008-10-09 18:40:00,2008-10-09 19:20:00,\N,4035
2008-10-09 19:00:00,2008-10-09 19:40:00,Brugzaal,3971
2008-10-09 19:20:00,2008-10-09 20:00:00,Brugzaal,3971
2008-10-09 19:20:00,2008-10-09 20:00:00,\N,4035
2008-10-09 19:40:00,2008-10-09 20:20:00,Brugzaal,3971
2008-10-09 20:00:00,0000-00-00 00:00:00,Balzaal,3969
2008-10-09 20:00:00,0000-00-00 00:00:00,Brugzaal,3971
2008-10-09 20:00:00,0000-00-00 00:00:00,Domzaal,4055
2008-10-09 20:15:00,0000-00-00 00:00:00,Theaterzaal,4041
2008-10-09 21:00:00,2008-10-09 21:40:00,Brugzaal,3971
2008-10-09 21:20:00,2008-10-09 22:00:00,Brugzaal,3971
2008-10-09 21:20:00,2008-10-09 22:00:00,\N,4035
2008-10-09 21:40:00,2008-10-09 22:20:00,Brugzaal,3971
2008-10-09 22:00:00,2008-10-09 22:40:00,Brugzaal,3971
2008-10-09 22:00:00,2008-10-09 22:40:00,Dansstudio,3973
2008-10-09 22:00:00,0000-00-00 00:00:00,Concertzaal,4025
2008-10-09 22:00:00,2008-10-09 22:40:00,\N,4035
2008-10-09 22:20:00,2008-10-09 23:00:00,Brugzaal,3971
2008-10-09 22:30:00,0000-00-00 00:00:00,Domzaal,4061
2008-10-09 22:40:00,2008-10-09 23:20:00,Brugzaal,3971
2008-10-09 22:40:00,2008-10-09 23:20:00,\N,4035
2008-10-09 23:00:00,2008-10-09 23:40:00,Brugzaal,3971
2008-10-09 23:20:00,2008-10-09 00:00:00,Brugzaal,3971
2008-10-09 23:20:00,2008-10-09 00:00:00,\N,4035
2008-10-10 14:30:00,0000-00-00 00:00:00,Domzaal,4055
2008-10-10 17:00:00,0000-00-00 00:00:00,Domzaal,4075
2008-10-10 18:00:00,2008-10-10 18:40:00,Brugzaal,3971
2008-10-10 18:00:00,2008-10-10 00:00:00,Diverse Zalen,3983
2008-10-10 18:00:00,2008-10-10 18:40:00,\N,4035
2008-10-10 18:20:00,2008-10-10 19:00:00,Brugzaal,3971
2008-10-10 18:40:00,2008-10-10 19:20:00,Brugzaal,3971
2008-10-10 18:40:00,2008-10-10 19:20:00,\N,4035
2008-10-10 19:00:00,2008-10-10 19:40:00,Brugzaal,3971
2008-10-10 19:20:00,2008-10-10 20:00:00,Brugzaal,3971
2008-10-10 19:40:00,2008-10-10 20:20:00,Brugzaal,3971
2008-10-10 20:00:00,0000-00-00 00:00:00,Balzaal,3863
2008-10-10 20:00:00,0000-00-00 00:00:00,Domzaal,4071
2008-10-10 20:15:00,0000-00-00 00:00:00,Theaterzaal,4053
2008-10-10 20:40:00,2008-10-10 21:20:00,\N,4035
2008-10-10 21:00:00,2008-10-10 21:40:00,Brugzaal,3971
2008-10-10 21:20:00,2008-10-10 22:00:00,Brugzaal,3971
2008-10-10 21:20:00,2008-10-10 22:00:00,\N,4035
2008-10-10 21:40:00,2008-10-10 22:20:00,Brugzaal,3971
2008-10-10 22:00:00,2008-10-10 22:40:00,Brugzaal,3971
2008-10-10 22:00:00,2008-10-10 22:40:00,Dansstudio,3973
2008-10-10 22:00:00,2008-10-10 22:40:00,\N,4035
2008-10-10 22:20:00,2008-10-10 23:00:00,Brugzaal,3971
2008-10-10 22:30:00,0000-00-00 00:00:00,Domzaal,4083
2008-10-10 22:40:00,2008-10-10 23:20:00,Brugzaal,3971
2008-10-10 22:40:00,2008-10-10 23:20:00,\N,4035
2008-10-10 23:00:00,2008-10-10 23:40:00,Brugzaal,3971
2008-10-10 23:20:00,2008-10-10 00:00:00,Brugzaal,3971
2008-10-10 23:20:00,2008-10-10 00:00:00,\N,4035
2008-10-11 14:00:00,2008-10-11 00:00:00,Diverse Zalen,3983
2008-10-11 14:00:00,2008-10-11 14:40:00,\N,4035
2008-10-11 14:20:00,2008-10-11 15:00:00,Brugzaal,3971
2008-10-11 14:30:00,0000-00-00 00:00:00,Domzaal,4073
2008-10-11 14:40:00,2008-10-11 15:20:00,Brugzaal,3971
2008-10-11 14:40:00,2008-10-11 15:20:00,\N,4035
2008-10-11 15:00:00,2008-10-11 15:40:00,Brugzaal,3971
2008-10-11 15:00:00,0000-00-00 00:00:00,Theaterzaal,4101
2008-10-11 15:20:00,2008-10-11 16:00:00,Brugzaal,3971
2008-10-11 15:20:00,2008-10-11 16:00:00,\N,4035
2008-10-11 15:40:00,2008-10-11 16:20:00,Brugzaal,3971
2008-10-11 16:00:00,2008-10-11 16:40:00,Brugzaal,3971
2008-10-11 16:00:00,2008-10-11 16:40:00,\N,4035
2008-10-11 16:20:00,2008-10-11 17:00:00,Brugzaal,3971
2008-10-11 16:40:00,2008-10-11 17:20:00,Brugzaal,3971
2008-10-11 17:00:00,0000-00-00 00:00:00,Diverse Zalen,3997
2008-10-11 17:00:00,0000-00-00 00:00:00,Domzaal,4075
2008-10-11 17:20:00,2008-10-11 18:00:00,\N,4035
2008-10-11 18:00:00,2008-10-11 18:40:00,Brugzaal,3971
2008-10-11 18:00:00,2008-10-11 18:40:00,\N,4035
2008-10-11 18:20:00,2008-10-11 19:00:00,Brugzaal,3971
2008-10-11 18:40:00,2008-10-11 19:20:00,Brugzaal,3971
2008-10-11 18:40:00,2008-10-11 19:20:00,\N,4035
2008-10-11 19:00:00,2008-10-11 19:40:00,Brugzaal,3971
2008-10-11 19:20:00,2008-10-11 20:00:00,Brugzaal,3971
2008-10-11 19:40:00,2008-10-11 20:20:00,Brugzaal,3971
2008-10-11 20:00:00,0000-00-00 00:00:00,Balzaal,3863
2008-10-11 20:00:00,0000-00-00 00:00:00,Domzaal,4045
2008-10-11 20:15:00,0000-00-00 00:00:00,Theaterzaal,4051
2008-10-11 20:40:00,2008-10-11 21:20:00,\N,4035
2008-10-11 21:00:00,2008-10-11 21:40:00,Brugzaal,3971
2008-10-11 21:20:00,2008-10-11 22:00:00,Brugzaal,3971
2008-10-11 21:20:00,2008-10-11 22:00:00,\N,4035
2008-10-11 21:40:00,2008-10-11 22:20:00,Brugzaal,3971
2008-10-11 22:00:00,2008-10-11 22:40:00,Brugzaal,3971
2008-10-11 22:00:00,2008-10-11 22:40:00,Dansstudio,3973
2008-10-11 22:00:00,2008-10-11 22:40:00,\N,4035
2008-10-11 22:00:00,0000-00-00 00:00:00,Café,4085
2008-10-11 22:20:00,2008-10-11 23:00:00,Brugzaal,3971
2008-10-11 22:30:00,0000-00-00 00:00:00,Domzaal,4081
2008-10-11 22:40:00,2008-10-11 23:20:00,Brugzaal,3971
2008-10-11 22:40:00,2008-10-11 23:20:00,\N,4035
2008-10-11 23:00:00,2008-10-11 23:40:00,Brugzaal,3971
2008-10-11 23:00:00,0000-00-00 00:00:00,Concertzaal,4011
2008-10-11 23:20:00,2008-10-11 00:00:00,Brugzaal,3971
2008-10-11 23:20:00,2008-10-11 00:00:00,\N,4035
2008-10-12 13:30:00,2008-10-12 15:00:00,Café,3905
2008-10-12 14:00:00,0000-00-00 00:00:00,Café,3905
2008-10-12 14:00:00,2008-10-12 00:00:00,Diverse Zalen,3983
2008-10-12 14:30:00,0000-00-00 00:00:00,Domzaal,4065
2008-10-12 15:00:00,0000-00-00 00:00:00,Café,3905
2008-10-12 17:00:00,0000-00-00 00:00:00,Domzaal,4083
2008-10-12 20:00:00,0000-00-00 00:00:00,Domzaal,4069
2008-10-12 20:15:00,0000-00-00 00:00:00,Theaterzaal,4059
2008-10-12 22:30:00,0000-00-00 00:00:00,Domzaal,4079
2008-10-13 14:30:00,0000-00-00 00:00:00,Domzaal,4061
2008-10-13 15:00:00,0000-00-00 00:00:00,Theaterzaal,4001
2008-10-13 17:00:00,0000-00-00 00:00:00,Theaterzaal,4053
2008-10-13 18:00:00,2008-10-13 00:00:00,Diverse Zalen,3983
2008-10-13 20:00:00,0000-00-00 00:00:00,Domzaal,4063
2008-10-13 22:30:00,0000-00-00 00:00:00,Domzaal,4073
2008-10-14 14:30:00,0000-00-00 00:00:00,Domzaal,4083
2008-10-14 17:00:00,0000-00-00 00:00:00,Domzaal,4079
2008-10-14 18:00:00,2008-10-14 18:40:00,Brugzaal,3971
2008-10-14 18:00:00,2008-10-14 00:00:00,Diverse Zalen,3983
2008-10-14 18:20:00,2008-10-14 19:00:00,Brugzaal,3971
2008-10-14 18:40:00,2008-10-14 19:20:00,Brugzaal,3971
2008-10-14 19:00:00,2008-10-14 19:40:00,Brugzaal,3971
2008-10-14 19:20:00,2008-10-14 20:00:00,Brugzaal,3971
2008-10-14 19:40:00,2008-10-14 20:20:00,Brugzaal,3971
2008-10-14 20:00:00,0000-00-00 00:00:00,"De Bijloke, Jozef Kluyskensstraat 2",3865
2008-10-14 20:00:00,0000-00-00 00:00:00,Balzaal,3987
2008-10-14 20:00:00,0000-00-00 00:00:00,Domzaal,4081
2008-10-14 20:15:00,0000-00-00 00:00:00,Domzaal,4065
2008-10-14 21:00:00,2008-10-14 21:40:00,Brugzaal,3971
2008-10-14 21:20:00,2008-10-14 22:00:00,Brugzaal,3971
2008-10-14 21:40:00,2008-10-14 22:20:00,Brugzaal,3971
2008-10-14 22:00:00,2008-10-14 22:40:00,Brugzaal,3971
2008-10-14 22:00:00,2008-10-14 22:40:00,Dansstudio,3973
2008-10-14 22:00:00,0000-00-00 00:00:00,Concertzaal,4027
2008-10-14 22:20:00,2008-10-14 23:00:00,Brugzaal,3971
2008-10-14 22:30:00,0000-00-00 00:00:00,Domzaal,4077
2008-10-14 22:40:00,2008-10-14 23:20:00,Brugzaal,3971
2008-10-14 23:00:00,2008-10-14 23:40:00,Brugzaal,3971
2008-10-14 23:20:00,2008-10-14 00:00:00,Brugzaal,3971
2008-10-15 14:30:00,0000-00-00 00:00:00,Domzaal,4063
2008-10-15 17:00:00,0000-00-00 00:00:00,Domzaal,4069
2008-10-15 18:00:00,2008-10-15 18:40:00,Brugzaal,3971
2008-10-15 18:00:00,2008-10-15 00:00:00,Diverse Zalen,3983
2008-10-15 18:20:00,2008-10-15 19:00:00,Brugzaal,3971
2008-10-15 18:40:00,2008-10-15 19:20:00,Brugzaal,3971
2008-10-15 19:00:00,2008-10-15 19:40:00,Brugzaal,3971
2008-10-15 19:00:00,0000-00-00 00:00:00,Domzaal,4049
2008-10-15 19:20:00,2008-10-15 20:00:00,Brugzaal,3971
2008-10-15 19:40:00,2008-10-15 20:20:00,Brugzaal,3971
2008-10-15 20:00:00,0000-00-00 00:00:00,Balzaal,4003
2008-10-15 20:00:00,0000-00-00 00:00:00,Concertzaal,4029
2008-10-15 20:15:00,0000-00-00 00:00:00,Theaterzaal,4043
2008-10-15 21:00:00,2008-10-15 21:40:00,Brugzaal,3971
2008-10-15 21:20:00,2008-10-15 22:00:00,Brugzaal,3971
2008-10-15 21:40:00,2008-10-15 22:20:00,Brugzaal,3971
2008-10-15 21:40:00,2008-10-15 22:20:00,Brugzaal,3971
2008-10-15 22:00:00,2008-10-15 22:40:00,Brugzaal,3971
2008-10-15 22:00:00,2008-10-15 22:40:00,Dansstudio,3973
2008-10-15 22:20:00,2008-10-15 23:00:00,Brugzaal,3971
2008-10-15 22:30:00,0000-00-00 00:00:00,Domzaal,4047
2008-10-15 22:40:00,2008-10-15 23:20:00,Brugzaal,3971
2008-10-15 23:00:00,2008-10-15 23:40:00,Brugzaal,3971
2008-10-15 23:20:00,2008-10-15 00:00:00,Brugzaal,3971
2008-10-16 14:30:00,0000-00-00 00:00:00,Domzaal,4077
2008-10-16 17:00:00,0000-00-00 00:00:00,Domzaal,4123
2008-10-16 18:00:00,2008-10-16 18:40:00,Brugzaal,3971
2008-10-16 18:00:00,2008-10-16 00:00:00,Diverse Zalen,3983
2008-10-16 18:00:00,0000-00-00 00:00:00,Antiekzolder,3985
2008-10-16 18:20:00,2008-10-16 19:00:00,Brugzaal,3971
2008-10-16 18:40:00,2008-10-16 19:20:00,Brugzaal,3971
2008-10-16 19:00:00,2008-10-16 19:40:00,Brugzaal,3971
2008-10-16 19:20:00,2008-10-16 20:00:00,Brugzaal,3971
2008-10-16 19:30:00,0000-00-00 00:00:00,Domzaal,4005
2008-10-16 19:40:00,2008-10-16 20:20:00,Brugzaal,3971
2008-10-16 20:00:00,0000-00-00 00:00:00,Minard,3867
2008-10-16 20:30:00,0000-00-00 00:00:00,Theaterzaal,3923
2008-10-16 21:00:00,2008-10-16 21:40:00,Brugzaal,3971
2008-10-16 21:20:00,2008-10-16 22:00:00,Brugzaal,3971
2008-10-16 21:40:00,2008-10-16 22:20:00,Brugzaal,3971
2008-10-16 22:00:00,0000-00-00 00:00:00,Café,3955
2008-10-16 22:00:00,2008-10-16 22:40:00,Brugzaal,3971
2008-10-16 22:00:00,0000-00-00 00:00:00,Concertzaal,4031
2008-10-16 22:20:00,2008-10-16 23:00:00,Brugzaal,3971
2008-10-16 22:30:00,0000-00-00 00:00:00,Domzaal,4063
2008-10-16 22:40:00,2008-10-16 23:20:00,Brugzaal,3971
2008-10-16 23:00:00,2008-10-16 23:40:00,Brugzaal,3971
2008-10-16 23:20:00,2008-10-16 00:00:00,Brugzaal,3971
2008-10-17 14:30:00,0000-00-00 00:00:00,Domzaal,4047
2008-10-17 17:00:00,0000-00-00 00:00:00,Domzaal,4061
2008-10-17 18:00:00,2008-10-17 00:00:00,Diverse Zalen,3983
2008-10-17 18:00:00,0000-00-00 00:00:00,Antiekzolder,3985
2008-10-17 20:00:00,0000-00-00 00:00:00,Minard,3867
2008-10-17 20:00:00,0000-00-00 00:00:00,Balzaal,3895
2008-10-17 20:00:00,0000-00-00 00:00:00,Domzaal,3989
2008-10-17 20:15:00,0000-00-00 00:00:00,Theaterzaal,4057
2008-10-17 20:30:00,0000-00-00 00:00:00,\N,4127
2008-10-17 22:00:00,0000-00-00 00:00:00,Antiekzolder,3985
2008-10-17 22:30:00,0000-00-00 00:00:00,Domzaal,4075
2008-10-18 14:00:00,2008-10-18 00:00:00,Diverse Zalen,3983
2008-10-18 14:30:00,0000-00-00 00:00:00,Domzaal,4049
2008-10-18 18:00:00,0000-00-00 00:00:00,Antiekzolder,3985
2008-10-18 18:00:00,0000-00-00 00:00:00,Theaterzaal,4059
2008-10-18 20:00:00,0000-00-00 00:00:00,Minard,3867
2008-10-18 20:00:00,0000-00-00 00:00:00,Theaterzaal,4057
2008-10-18 20:15:00,0000-00-00 00:00:00,Theaterzaal,4009
2008-10-18 22:00:00,0000-00-00 00:00:00,Antiekzolder,3985
2008-10-18 22:00:00,0000-00-00 00:00:00,Theaterzaal,4009
2008-10-18 22:30:00,0000-00-00 00:00:00,Theaterzaal,4043
2008-10-18 23:00:00,0000-00-00 00:00:00,Concertzaal,3993
2008-10-20 20:00:00,0000-00-00 00:00:00,Domzaal,3927
2008-10-21 20:00:00,0000-00-00 00:00:00,Balzaal,3961
2008-10-21 22:00:00,0000-00-00 00:00:00,Concertzaal,4033
2008-10-22 20:00:00,0000-00-00 00:00:00,Minard,3867
2008-10-23 20:00:00,0000-00-00 00:00:00,Minard,3867
2008-10-23 20:00:00,0000-00-00 00:00:00,Theaterzaal,3871
2008-10-23 20:00:00,0000-00-00 00:00:00,Balzaal,3873
2008-10-24 20:00:00,0000-00-00 00:00:00,Minard,3867
2008-10-24 20:00:00,0000-00-00 00:00:00,Theaterzaal,3871
2008-10-24 22:00:00,0000-00-00 00:00:00,Concertzaal,4013
2008-10-25 15:00:00,0000-00-00 00:00:00,Diverse Zalen,3999
2008-10-25 20:00:00,0000-00-00 00:00:00,Minard,3867
2008-10-25 20:00:00,0000-00-00 00:00:00,Theaterzaal,3871
2008-10-25 20:00:00,0000-00-00 00:00:00,Balzaal,4017
2008-10-25 23:00:00,0000-00-00 00:00:00,Concertzaal,4015
2008-10-28 20:00:00,0000-00-00 00:00:00,Theaterzaal,3875
2008-10-29 20:00:00,0000-00-00 00:00:00,Balzaal,3935
2008-10-30 20:00:00,0000-00-00 00:00:00,Theaterzaal,3877
2008-10-30 21:30:00,0000-00-00 00:00:00,Concertzaal,3931
2008-10-30 21:30:00,0000-00-00 00:00:00,Theaterzaal,3977
2008-10-30 22:00:00,0000-00-00 00:00:00,Café,3953
2008-10-31 20:00:00,0000-00-00 00:00:00,Theaterzaal,3877
2008-10-31 22:00:00,0000-00-00 00:00:00,Concertzaal,4019
2008-11-01 22:30:00,0000-00-00 00:00:00,Balzaal,4093
2008-11-01 23:00:00,0000-00-00 00:00:00,Concertzaal,3933
2008-11-04 20:00:00,0000-00-00 00:00:00,Domzaal,3879
2008-11-04 20:00:00,0000-00-00 00:00:00,Theaterzaal,3881
2008-11-05 20:00:00,0000-00-00 00:00:00,Domzaal,3879
2008-11-05 20:00:00,0000-00-00 00:00:00,Balzaal,4039
2008-11-06 12:30:00,2008-11-06 13:15:00,Foyer Theaterzaal ,4131
2008-11-06 20:00:00,0000-00-00 00:00:00,Theaterzaal,3883
2008-11-06 22:00:00,0000-00-00 00:00:00,Café,3959
2008-11-07 20:00:00,0000-00-00 00:00:00,Theaterzaal,3915
2008-11-07 21:30:00,0000-00-00 00:00:00,Concertzaal,4115
2008-11-08 15:00:00,0000-00-00 00:00:00,Diverse Zalen,3999
2008-11-08 20:00:00,0000-00-00 00:00:00,Concertzaal,3939
2008-11-08 22:00:00,0000-00-00 00:00:00,Balzaal,3917
2008-11-09 20:00:00,0000-00-00 00:00:00,Balzaal,4135
2008-11-10 23:00:00,0000-00-00 00:00:00,Concertzaal,4117
2008-11-12 20:00:00,0000-00-00 00:00:00,Balzaal,4087
2008-11-13 19:00:00,0000-00-00 00:00:00,"Academieraadzaal RUG, Volderstraat 9",4109
2008-11-13 20:00:00,0000-00-00 00:00:00,Balzaal,4095
2008-11-14 18:00:00,0000-00-00 00:00:00,Brugzaal,4111
2008-11-14 20:00:00,0000-00-00 00:00:00,Theaterzaal,3853
2008-11-14 20:00:00,0000-00-00 00:00:00,Balzaal,4103
2008-11-14 22:00:00,0000-00-00 00:00:00,Concertzaal,3949
2008-11-14 22:30:00,0000-00-00 00:00:00,Brugzaal,4107
2008-11-15 15:00:00,0000-00-00 00:00:00,Concertzaal,4089
2008-11-15 16:00:00,0000-00-00 00:00:00,"Academieraadzaal RUG, Volderstraat 9",4113
2008-11-15 20:00:00,0000-00-00 00:00:00,"Academieraadzaal RUG, Volderstraat 9",4105
2008-11-15 21:50:00,0000-00-00 00:00:00,Brugzaal,4107
2008-11-16 13:30:00,2008-11-16 15:00:00,Café,3907
2008-11-16 14:00:00,0000-00-00 00:00:00,Café,3907
2008-11-16 15:00:00,0000-00-00 00:00:00,Café,3907
2008-11-18 20:00:00,0000-00-00 00:00:00,Balzaal,3963
2008-11-19 20:00:00,0000-00-00 00:00:00,Balzaal,3887
2008-11-19 20:00:00,0000-00-00 00:00:00,"De Bijloke, Jozef Kluyskensstraat 2",3889
2008-11-19 20:00:00,0000-00-00 00:00:00,Concertzaal,3951
2008-11-20 12:30:00,2008-11-20 13:15:00,Foyer Theaterzaal ,4133
2008-11-20 20:00:00,0000-00-00 00:00:00,Minard,3885
2008-11-20 20:00:00,0000-00-00 00:00:00,Domzaal,3891
2008-11-20 20:30:00,0000-00-00 00:00:00,Balzaal,3957
2008-11-20 22:00:00,0000-00-00 00:00:00,Balzaal,3937
2008-11-20 22:00:00,0000-00-00 00:00:00,Café,3941
2008-11-21 20:00:00,0000-00-00 00:00:00,Minard,3885
2008-11-21 20:00:00,0000-00-00 00:00:00,Domzaal,3891
2008-11-21 20:30:00,0000-00-00 00:00:00,Concertzaal,3929
2008-11-21 20:30:00,0000-00-00 00:00:00,"Academieraadzaal RUG, Volderstraat 9",4173
2008-11-21 21:00:00,0000-00-00 00:00:00,Minard,4125
2008-11-22 13:00:00,2008-11-22 19:00:00,Diverse Zalen,3975
2008-11-22 20:00:00,0000-00-00 00:00:00,Minard,3885
2008-11-22 22:00:00,0000-00-00 00:00:00,Balzaal,4163
2008-11-23 20:00:00,0000-00-00 00:00:00,"Academieraadzaal RUG, Volderstraat 9",3903
2008-11-26 20:00:00,0000-00-00 00:00:00,Concertzaal,3947
2008-11-26 22:30:00,0000-00-00 00:00:00,Concertzaal,3947
2008-11-27 21:00:00,0000-00-00 00:00:00,Balzaal,4091
2008-11-27 22:00:00,0000-00-00 00:00:00,Concertzaal,4171
2008-11-27 23:00:00,0000-00-00 00:00:00,"Academieraadzaal RUG, Volderstraat 9",3921
2008-11-28 20:00:00,0000-00-00 00:00:00,Theaterzaal,3893
2008-11-28 20:30:00,0000-00-00 00:00:00,Balzaal,3869
2008-11-28 21:00:00,0000-00-00 00:00:00,Balzaal,4161
2008-11-29 15:00:00,0000-00-00 00:00:00,Diverse Zalen,3999
2008-11-29 20:00:00,0000-00-00 00:00:00,Theaterzaal,3893
2008-11-29 21:00:00,0000-00-00 00:00:00,Balzaal,4121
2008-11-29 22:00:00,0000-00-00 00:00:00,Concertzaal,4119
2008-11-30 21:00:00,0000-00-00 00:00:00,Concertzaal,4037
2008-12-03 00:30:00,0000-00-00 00:00:00,Balzaal,4143
2008-12-03 20:00:00,0000-00-00 00:00:00,Concertzaal,4157
2008-12-03 22:30:00,0000-00-00 00:00:00,Balzaal,4141
2008-12-04 00:30:00,0000-00-00 00:00:00,Balzaal,4147
2008-12-04 20:00:00,0000-00-00 00:00:00,Concertzaal,4099
2008-12-04 22:30:00,0000-00-00 00:00:00,Balzaal,4145
2008-12-05 00:30:00,0000-00-00 00:00:00,Balzaal,4153
2008-12-05 20:00:00,0000-00-00 00:00:00,Concertzaal,4149
2008-12-05 22:30:00,0000-00-00 00:00:00,Balzaal,4151
2008-12-06 00:30:00,0000-00-00 00:00:00,Balzaal,4155
2008-12-06 18:00:00,0000-00-00 00:00:00,Balzaal,4159
2008-12-06 19:30:00,0000-00-00 00:00:00,Concertzaal,4007
2008-12-06 22:30:00,0000-00-00 00:00:00,Balzaal,3925
2008-12-09 20:00:00,0000-00-00 00:00:00,Theaterzaal,4139
2008-12-09 22:00:00,0000-00-00 00:00:00,Concertzaal,4189
2008-12-10 19:00:00,2008-12-10 22:00:00,Foyer Theaterzaal ,4181
2008-12-10 20:30:00,0000-00-00 00:00:00,Balzaal,4097
2008-12-11 20:00:00,0000-00-00 00:00:00,Domzaal,3897
2008-12-12 20:00:00,0000-00-00 00:00:00,Domzaal,3897
2008-12-12 20:00:00,0000-00-00 00:00:00,Concertzaal,4175
2008-12-13 15:00:00,0000-00-00 00:00:00,Diverse Zalen,3999
2008-12-13 20:00:00,0000-00-00 00:00:00,Domzaal,3897
2008-12-13 23:00:00,0000-00-00 00:00:00,Balzaal,4191
2008-12-14 13:30:00,2008-12-14 15:00:00,Café,3909
2008-12-14 14:00:00,0000-00-00 00:00:00,Café,3909
2008-12-14 15:00:00,0000-00-00 00:00:00,Café,3909
2008-12-16 20:00:00,0000-00-00 00:00:00,Balzaal,3899
2008-12-16 20:00:00,0000-00-00 00:00:00,Theaterzaal,3901
2008-12-16 21:30:00,0000-00-00 00:00:00,Theaterzaal,4129
2008-12-17 20:00:00,0000-00-00 00:00:00,Domzaal,3897
2008-12-17 20:00:00,0000-00-00 00:00:00,Theaterzaal,3901
2008-12-17 20:00:00,0000-00-00 00:00:00,Balzaal,3965
2008-12-17 22:00:00,0000-00-00 00:00:00,Café,4195
2008-12-18 20:00:00,0000-00-00 00:00:00,Domzaal,3897
2008-12-18 20:00:00,0000-00-00 00:00:00,Balzaal,4137
2008-12-18 22:00:00,0000-00-00 00:00:00,Café,4165
2008-12-18 23:00:00,0000-00-00 00:00:00,Concertzaal,4179
2008-12-19 20:00:00,0000-00-00 00:00:00,Domzaal,3897
2008-12-19 20:00:00,0000-00-00 00:00:00,Balzaal,4193
2008-12-19 23:00:00,0000-00-00 00:00:00,Concertzaal,4187
2008-12-20 20:00:00,0000-00-00 00:00:00,Domzaal,3897
2008-12-20 22:00:00,0000-00-00 00:00:00,Balzaal,4197
2008-12-20 23:00:00,0000-00-00 00:00:00,Concertzaal,4177
2008-12-22 20:00:00,0000-00-00 00:00:00,Theaterzaal,3855
2008-12-23 22:00:00,0000-00-00 00:00:00,Concertzaal,4183
2008-12-24 17:15:00,2008-12-24 18:00:00,Concertzaal,4185
2008-12-31 00:30:00,0000-00-00 00:00:00,Concertzaal,4167
2008-12-31 23:00:00,0000-00-00 00:00:00,Balzaal & Café,4169
2009-01-10 20:30:00,0000-00-00 00:00:00,Concertzaal,3703
2009-01-12 20:00:00,0000-00-00 00:00:00,Theaterzaal,3615
2009-01-14 20:00:00,0000-00-00 00:00:00,Theaterzaal,3617
2009-01-15 20:00:00,0000-00-00 00:00:00,Theaterzaal,3617
2009-01-15 20:00:00,0000-00-00 00:00:00,Balzaal,3689
2009-01-16 20:00:00,0000-00-00 00:00:00,Theaterzaal,3617
2009-01-16 20:30:00,0000-00-00 00:00:00,Balzaal,3665
2009-01-16 20:30:00,0000-00-00 00:00:00,Balzaal,3665
2009-01-16 20:30:00,0000-00-00 00:00:00,De Centrale (Turbinezaal),3693
2009-01-17 20:00:00,0000-00-00 00:00:00,Theaterzaal,3617
2009-01-17 20:00:00,0000-00-00 00:00:00,De Centrale (Turbinezaal),3695
2009-01-17 22:00:00,0000-00-00 00:00:00,Balzaal,3705
2009-01-18 20:00:00,0000-00-00 00:00:00,De Centrale (Turbinezaal),3697
2009-01-19 20:00:00,0000-00-00 00:00:00,De Centrale (Turbinezaal),3745
2009-01-20 20:00:00,0000-00-00 00:00:00,Balzaal,3649
2009-01-20 20:00:00,0000-00-00 00:00:00,De Centrale (Turbinezaal),3749
2009-01-21 20:00:00,0000-00-00 00:00:00,Theaterzaal,3619
2009-01-21 20:00:00,0000-00-00 00:00:00,"Academieraadzaal RUG, Volderstraat 9",3667
2009-01-21 20:00:00,0000-00-00 00:00:00,De Centrale (Turbinezaal),3747
2009-01-22 20:00:00,0000-00-00 00:00:00,Minard,3621
2009-01-22 20:00:00,0000-00-00 00:00:00,De Centrale (Turbinezaal),3751
2009-01-23 20:00:00,0000-00-00 00:00:00,Minard,3621
2009-01-23 20:00:00,0000-00-00 00:00:00,Theaterzaal,3699
2009-01-23 20:30:00,0000-00-00 00:00:00,"NTGent, Sint-Baafsplein 17",3623
2009-01-24 20:00:00,0000-00-00 00:00:00,Minard,3621
2009-01-24 20:00:00,0000-00-00 00:00:00,Balzaal,3701
2009-01-25 13:30:00,2009-01-25 15:00:00,Café,3713
2009-01-25 14:00:00,2009-01-25 15:00:00,Café,3713
2009-01-25 15:00:00,0000-00-00 00:00:00,Café,3713
2009-01-27 20:00:00,0000-00-00 00:00:00,Balzaal,3625
2009-01-29 20:00:00,2009-01-29 22:40:00,Domzaal,3719
2009-01-30 20:00:00,0000-00-00 00:00:00,Theaterzaal,3627
2009-01-30 22:00:00,0000-00-00 00:00:00,Balzaal,3707
2009-01-31 20:00:00,0000-00-00 00:00:00,Theaterzaal,3627
2009-02-02 20:00:00,0000-00-00 00:00:00,Domzaal,3657
2009-02-03 20:00:00,0000-00-00 00:00:00,Balzaal,3723
2009-02-04 20:00:00,0000-00-00 00:00:00,Balzaal,3687
2009-02-05 20:00:00,0000-00-00 00:00:00,Domzaal,3629
2009-02-05 20:00:00,0000-00-00 00:00:00,Theaterzaal,3669
2009-02-06 20:00:00,0000-00-00 00:00:00,Domzaal,3629
2009-02-07 21:00:00,0000-00-00 00:00:00,Diverse Zalen,3727
2009-02-09 20:00:00,0000-00-00 00:00:00,Theaterzaal,4139
2009-02-10 20:00:00,0000-00-00 00:00:00,Theaterzaal,3671
2009-02-11 20:00:00,0000-00-00 00:00:00,Concertzaal,3709
2009-02-11 22:00:00,0000-00-00 00:00:00,Café,3691
2009-02-12 20:00:00,0000-00-00 00:00:00,Minard,3631
2009-02-12 20:00:00,0000-00-00 00:00:00,Theaterzaal,3633
2009-02-13 11:00:00,2009-02-14 03:00:00,Café,3775
2009-02-13 20:00:00,0000-00-00 00:00:00,Minard,3631
2009-02-14 14:00:00,0000-00-00 00:00:00,Diverse Zalen,3755
2009-02-14 20:00:00,0000-00-00 00:00:00,Minard,3631
2009-02-14 23:00:00,0000-00-00 00:00:00,Concertzaal,3731
2009-02-17 20:00:00,0000-00-00 00:00:00,Balzaal,3651
2009-02-17 22:00:00,0000-00-00 00:00:00,Concertzaal,3735
2009-02-18 20:00:00,0000-00-00 00:00:00,Domzaal,3635
2009-02-18 20:00:00,0000-00-00 00:00:00,Theaterzaal,3663
2009-02-18 21:30:00,0000-00-00 00:00:00,Domzaal,3681
2009-02-18 21:30:00,0000-00-00 00:00:00,"Academieraadzaal RUG, Volderstraat 9",3685
2009-02-18 22:00:00,0000-00-00 00:00:00,Concertzaal,3739
2009-02-19 20:00:00,0000-00-00 00:00:00,Domzaal,3635
2009-02-19 20:30:00,0000-00-00 00:00:00,Balzaal,3673
2009-02-20 20:00:00,0000-00-00 00:00:00,Theaterzaal,3637
2009-02-20 21:00:00,0000-00-00 00:00:00,Balzaal,3737
2009-02-21 20:00:00,0000-00-00 00:00:00,Theaterzaal,3637
2009-02-21 20:30:00,0000-00-00 00:00:00,Balzaal,3733
2009-02-21 23:00:00,0000-00-00 00:00:00,Concertzaal,3729
2009-02-22 13:30:00,2009-02-22 15:00:00,Café,3715
2009-02-22 14:00:00,2009-02-22 15:00:00,Café,3715
2009-02-22 15:00:00,0000-00-00 00:00:00,Café,3715
2009-02-23 20:00:00,0000-00-00 00:00:00,Balzaal,3721
2009-02-24 20:00:00,0000-00-00 00:00:00,"Academieraadzaal RUG, Volderstraat 9",3675
2009-02-24 21:00:00,0000-00-00 00:00:00,"Academieraadzaal RUG, Volderstraat 9",3753
2009-02-25 20:00:00,0000-00-00 00:00:00,Theaterzaal,3617
2009-02-25 20:00:00,0000-00-00 00:00:00,Balzaal,3661
2009-02-26 20:00:00,0000-00-00 00:00:00,Theaterzaal,3617
2009-02-26 22:00:00,0000-00-00 00:00:00,Concertzaal,3741
2009-02-26 22:00:00,0000-00-00 00:00:00,Café,3761
2009-02-27 20:00:00,0000-00-00 00:00:00,Theaterzaal,3617
2009-02-27 20:00:00,0000-00-00 00:00:00,Balzaal,3757
2009-02-28 20:00:00,0000-00-00 00:00:00,Theaterzaal,3617
2009-02-28 22:00:00,0000-00-00 00:00:00,Balzaal,3759
2009-02-28 23:00:00,0000-00-00 00:00:00,Concertzaal,3743
2009-03-04 00:00:00,2009-03-05 00:00:00,Op Locatie,3801
2009-03-04 18:00:00,2009-03-04 00:00:00,Diverse Zalen,3779
2009-03-04 18:00:00,2009-03-04 19:30:00,Op Locatie,3811
2009-03-04 18:00:00,2009-03-04 00:00:00,Brugzaal,3835
2009-03-04 19:00:00,2009-03-04 22:00:00,Theaterzaal,3791
2009-03-04 19:45:00,0000-00-00 00:00:00,Café,3817
2009-03-04 20:00:00,0000-00-00 00:00:00,Domzaal,3763
2009-03-04 21:30:00,2009-03-04 23:30:00,Balzaal,3789
2009-03-04 22:00:00,2009-03-04 22:15:00,Balzaal,3813
2009-03-05 00:00:00,2009-03-06 00:00:00,Op Locatie,3801
2009-03-05 18:00:00,2009-03-05 00:00:00,Diverse Zalen,3779
2009-03-05 18:00:00,2009-03-05 00:00:00,Brugzaal,3835
2009-03-05 19:00:00,2009-03-05 22:00:00,Theaterzaal,3791
2009-03-05 19:45:00,0000-00-00 00:00:00,Café,3817
2009-03-05 20:00:00,0000-00-00 00:00:00,Domzaal,3763
2009-03-05 20:00:00,0000-00-00 00:00:00,Balzaal,3803
2009-03-05 22:00:00,0000-00-00 00:00:00,Balzaal,3655
2009-03-05 22:00:00,0000-00-00 00:00:00,Diverse Zalen,3825
2009-03-06 00:00:00,2009-03-07 00:00:00,Op Locatie,3801
2009-03-06 09:30:00,2009-03-06 18:00:00,Balzaal,3793
2009-03-06 18:00:00,2009-03-06 00:00:00,Diverse Zalen,3779
2009-03-06 18:00:00,2009-03-06 00:00:00,Brugzaal,3835
2009-03-06 19:00:00,2009-03-06 22:00:00,Theaterzaal,3791
2009-03-06 19:45:00,0000-00-00 00:00:00,Café,3817
2009-03-06 20:00:00,0000-00-00 00:00:00,Minard,3765
2009-03-06 20:00:00,0000-00-00 00:00:00,Balzaal,3797
2009-03-06 21:30:00,0000-00-00 00:00:00,Domzaal,3783
2009-03-07 00:00:00,2009-03-08 00:00:00,Op Locatie,3801
2009-03-07 09:30:00,2009-03-07 18:00:00,Balzaal,3793
2009-03-07 14:00:00,2009-03-07 15:00:00,Diverse Zalen,3819
2009-03-07 16:00:00,2009-03-07 00:00:00,Diverse Zalen,3779
2009-03-07 16:00:00,2009-03-07 00:00:00,Brugzaal,3835
2009-03-07 18:00:00,2009-03-07 22:00:00,Theaterzaal,3791
2009-03-07 19:45:00,0000-00-00 00:00:00,Café,3817
2009-03-07 20:00:00,0000-00-00 00:00:00,Minard,3765
2009-03-07 20:00:00,0000-00-00 00:00:00,Domzaal,3795
2009-03-07 20:00:00,0000-00-00 00:00:00,Diverse Zalen,3825
2009-03-08 00:00:00,2009-03-09 00:00:00,Op Locatie,3801
2009-03-08 16:00:00,2009-03-08 00:00:00,Diverse Zalen,3779
2009-03-08 16:00:00,0000-00-00 00:00:00,Café,3809
2009-03-08 16:00:00,2009-03-08 00:00:00,Brugzaal,3835
2009-03-08 19:45:00,0000-00-00 00:00:00,Café,3817
2009-03-09 00:00:00,2009-03-10 00:00:00,Op Locatie,3801
2009-03-09 18:00:00,2009-03-09 00:00:00,Brugzaal,3835
2009-03-10 00:00:00,2009-03-11 00:00:00,Op Locatie,3801
2009-03-10 18:00:00,2009-03-10 00:00:00,Diverse Zalen,3779
2009-03-10 18:00:00,2009-03-10 00:00:00,Brugzaal,3835
2009-03-10 19:45:00,0000-00-00 00:00:00,Café,3817
2009-03-10 20:00:00,0000-00-00 00:00:00,Balzaal,3799
2009-03-11 00:00:00,2009-03-12 00:00:00,Op Locatie,3801
2009-03-11 18:00:00,2009-03-11 00:00:00,Diverse Zalen,3779
2009-03-11 18:00:00,2009-03-11 00:00:00,Brugzaal,3835
2009-03-11 19:45:00,0000-00-00 00:00:00,Café,3817
2009-03-11 20:00:00,0000-00-00 00:00:00,Domzaal,3773
2009-03-11 20:00:00,0000-00-00 00:00:00,Balzaal,3807
2009-03-11 21:00:00,0000-00-00 00:00:00,Balzaal,3787
2009-03-12 00:00:00,2009-03-13 00:00:00,Op Locatie,3801
2009-03-12 18:00:00,2009-03-12 00:00:00,Diverse Zalen,3779
2009-03-12 18:00:00,2009-03-12 00:00:00,Brugzaal,3835
2009-03-12 19:45:00,0000-00-00 00:00:00,Café,3817
2009-03-12 20:00:00,0000-00-00 00:00:00,Balzaal,3777
2009-03-12 21:30:00,0000-00-00 00:00:00,Minard,3785
2009-03-12 22:00:00,0000-00-00 00:00:00,Diverse Zalen,3825
2009-03-12 22:00:00,0000-00-00 00:00:00,Concertzaal,3837
2009-03-13 00:00:00,2009-03-14 00:00:00,Op Locatie,3801
2009-03-13 18:00:00,2009-03-13 00:00:00,Diverse Zalen,3779
2009-03-13 18:00:00,2009-03-13 00:00:00,Brugzaal,3835
2009-03-13 19:45:00,0000-00-00 00:00:00,Café,3817
2009-03-13 20:00:00,0000-00-00 00:00:00,Minard,3767
2009-03-13 20:00:00,0000-00-00 00:00:00,Theaterzaal,3771
2009-03-13 20:00:00,0000-00-00 00:00:00,Balzaal,3781
2009-03-13 20:00:00,0000-00-00 00:00:00,Balzaal,3821
2009-03-13 22:00:00,0000-00-00 00:00:00,Domzaal,3769
2009-03-14 00:00:00,2009-03-15 00:00:00,Op Locatie,3801
2009-03-14 16:00:00,2009-03-14 00:00:00,Diverse Zalen,3779
2009-03-14 16:00:00,2009-03-14 00:00:00,Brugzaal,3835
2009-03-14 19:45:00,0000-00-00 00:00:00,Café,3817
2009-03-14 20:00:00,0000-00-00 00:00:00,Minard,3767
2009-03-14 21:30:00,0000-00-00 00:00:00,Domzaal,3769
2009-03-14 22:30:00,0000-00-00 00:00:00,Balzaal,3805
2009-03-17 20:00:00,0000-00-00 00:00:00,Balzaal,3653
2009-03-17 20:00:00,0000-00-00 00:00:00,"Academieraadzaal RUG, Volderstraat 9",3677
2009-03-18 09:00:00,2009-03-18 12:00:00,Theaterzaal,3659
2009-03-18 15:00:00,2009-03-18 17:00:00,Theaterzaal,3659
2009-03-18 20:00:00,2009-03-18 22:00:00,Theaterzaal,3659
2009-03-19 20:00:00,0000-00-00 00:00:00,Theaterzaal,3639
2009-03-19 22:00:00,0000-00-00 00:00:00,Café,3823
2009-03-19 22:00:00,0000-00-00 00:00:00,Concertzaal,3845
2009-03-20 20:00:00,0000-00-00 00:00:00,Theaterzaal,3639
2009-03-20 20:00:00,0000-00-00 00:00:00,Domzaal,3641
2009-03-20 21:00:00,0000-00-00 00:00:00,Balzaal,3843
2009-03-20 21:30:00,0000-00-00 00:00:00,Domzaal,3683
2009-03-21 20:00:00,0000-00-00 00:00:00,Theaterzaal,3639
2009-03-21 20:00:00,0000-00-00 00:00:00,Domzaal,3641
2009-03-21 23:00:00,0000-00-00 00:00:00,Concertzaal,3827
2009-03-21 23:00:00,0000-00-00 00:00:00,Balzaal,3829
2009-03-22 13:30:00,2009-03-22 15:00:00,Café,3717
2009-03-22 14:00:00,2009-03-22 15:00:00,Café,3717
2009-03-22 15:00:00,0000-00-00 00:00:00,Café,3717
2009-03-23 09:00:00,2009-03-23 16:00:00,Diverse Zalen,3647
2009-03-23 20:00:00,0000-00-00 00:00:00,Diverse Zalen,3647
2009-03-23 20:00:00,0000-00-00 00:00:00,Balzaal,3847
2009-03-24 09:00:00,2009-03-24 16:00:00,Diverse Zalen,3647
2009-03-24 20:00:00,0000-00-00 00:00:00,Minard,3643
2009-03-25 15:00:00,2009-03-25 16:15:00,Diverse Zalen,3647
2009-03-25 15:00:00,2009-03-25 16:15:00,Theaterzaal,3849
2009-03-25 20:00:00,0000-00-00 00:00:00,Minard,3643
2009-03-26 20:00:00,0000-00-00 00:00:00,Minard,3643
2009-03-26 20:00:00,0000-00-00 00:00:00,Theaterzaal,3645
2009-03-26 20:00:00,0000-00-00 00:00:00,Domzaal,3679
2009-03-27 20:00:00,0000-00-00 00:00:00,Balzaal,3725
2009-03-27 22:00:00,0000-00-00 00:00:00,Balzaal,3725
2009-03-28 21:00:00,0000-00-00 00:00:00,Concertzaal,3711
2009-03-28 22:30:00,0000-00-00 00:00:00,Balzaal,3831
2009-03-30 19:00:00,2009-03-30 22:00:00,Foyer Theaterzaal ,3841
2009-03-31 20:00:00,0000-00-00 00:00:00,Theaterzaal,3815
2009-03-31 20:00:00,0000-00-00 00:00:00,Concertzaal,3833
2009-03-31 20:30:00,0000-00-00 00:00:00,Balzaal,3839
2009-04-01 20:00:00,0000-00-00 00:00:00,Theaterzaal,3419
2009-04-01 20:00:00,0000-00-00 00:00:00,Minard,3439
2009-04-01 20:00:00,0000-00-00 00:00:00,Domzaal,3499
2009-04-01 22:00:00,0000-00-00 00:00:00,Concertzaal,3501
2009-04-02 20:00:00,0000-00-00 00:00:00,Minard,3439
2009-04-03 19:30:00,0000-00-00 00:00:00,Diverse Zalen,3449
2009-04-03 20:00:00,0000-00-00 00:00:00,Minard,3439
2009-04-04 20:00:00,0000-00-00 00:00:00,Minard,3439
2009-04-04 23:00:00,0000-00-00 00:00:00,Concertzaal,3493
2009-04-08 20:00:00,0000-00-00 00:00:00,Theaterzaal,3421
2009-04-08 20:00:00,0000-00-00 00:00:00,Minard,3439
2009-04-09 20:00:00,0000-00-00 00:00:00,Theaterzaal,3421
2009-04-09 20:00:00,0000-00-00 00:00:00,Minard,3439
2009-04-09 22:00:00,0000-00-00 00:00:00,Concertzaal,3511
2009-04-10 20:00:00,0000-00-00 00:00:00,Theaterzaal,3421
2009-04-10 20:00:00,0000-00-00 00:00:00,Minard,3439
2009-04-10 20:30:00,0000-00-00 00:00:00,"NTGent, Sint-Baafsplein 17",3623
2009-04-11 20:00:00,0000-00-00 00:00:00,Theaterzaal,3421
2009-04-11 20:00:00,0000-00-00 00:00:00,Minard,3439
2009-04-11 22:00:00,0000-00-00 00:00:00,Balzaal,3495
2009-04-11 22:00:00,0000-00-00 00:00:00,Concertzaal,3539
2009-04-12 22:00:00,0000-00-00 00:00:00,Concertzaal,3527
2009-04-13 20:30:00,0000-00-00 00:00:00,Balzaal,3471
2009-04-15 20:30:00,0000-00-00 00:00:00,Balzaal,3507
2009-04-16 20:00:00,0000-00-00 00:00:00,Concertzaal,3453
2009-04-16 22:00:00,0000-00-00 00:00:00,"Academieraadzaal RUG, Volderstraat 9",3457
2009-04-16 22:00:00,0000-00-00 00:00:00,"Academieraadzaal RUG, Volderstraat 9",3463
2009-04-17 20:00:00,0000-00-00 00:00:00,Theaterzaal,3461
2009-04-17 22:00:00,0000-00-00 00:00:00,Balzaal,3529
2009-04-18 20:00:00,0000-00-00 00:00:00,Theaterzaal,3441
2009-04-18 23:00:00,0000-00-00 00:00:00,Concertzaal,3497
2009-04-18 23:00:00,0000-00-00 00:00:00,Balzaal,3531
2009-04-19 16:00:00,2009-04-19 18:00:00,Balzaal,3477
2009-04-19 20:00:00,0000-00-00 00:00:00,Balzaal,3475
2009-04-20 20:00:00,0000-00-00 00:00:00,Balzaal,3475
2009-04-21 20:00:00,0000-00-00 00:00:00,Balzaal,3475
2009-04-22 12:00:00,2009-04-22 17:00:00,Café,3577
2009-04-22 18:30:00,0000-00-00 00:00:00,Balzaal,3533
2009-04-22 20:00:00,0000-00-00 00:00:00,Theaterzaal,3513
2009-04-23 11:00:00,2009-04-23 17:00:00,"Cinema Sphinx, Sint-Michielshelling 3",3549
2009-04-23 14:00:00,2009-04-23 22:00:00,Op Locatie,3547
2009-04-23 20:00:00,0000-00-00 00:00:00,Theaterzaal,3417
2009-04-23 20:00:00,2009-04-23 23:15:00,Domzaal,3519
2009-04-24 10:30:00,2009-04-24 17:00:00,Theaterzaal,3491
2009-04-24 11:00:00,2009-04-24 17:00:00,"Cinema Sphinx, Sint-Michielshelling 3",3549
2009-04-24 14:00:00,2009-04-24 20:00:00,Op Locatie,3547
2009-04-24 20:00:00,2009-04-24 00:00:00,Domzaal,3521
2009-04-25 11:00:00,2009-04-25 20:00:00,Op Locatie,3547
2009-04-25 11:00:00,2009-04-25 17:00:00,"De Handelsbeurs, Kouter 29",3579
2009-04-25 13:00:00,2009-04-25 00:30:00,"Cinema Sphinx, Sint-Michielshelling 3",3549
2009-04-25 22:00:00,0000-00-00 00:00:00,Balzaal,3537
2009-04-25 23:00:00,0000-00-00 00:00:00,Concertzaal,3535
2009-04-26 11:00:00,2009-04-26 20:00:00,Op Locatie,3547
2009-04-26 11:00:00,2009-04-26 00:10:00,"Cinema Sphinx, Sint-Michielshelling 3",3549
2009-04-27 14:00:00,2009-04-27 20:00:00,Op Locatie,3547
2009-04-27 19:00:00,2009-04-27 22:00:00,Foyer Theaterzaal ,3515
2009-04-28 14:00:00,2009-04-28 20:00:00,Op Locatie,3547
2009-04-28 20:00:00,0000-00-00 00:00:00,Balzaal,3443
2009-04-29 14:00:00,2009-04-29 20:00:00,Op Locatie,3547
2009-04-29 20:00:00,0000-00-00 00:00:00,Minard,3423
2009-04-29 20:00:00,0000-00-00 00:00:00,Op Locatie,3473
2009-04-29 20:00:00,0000-00-00 00:00:00,Balzaal,3481
2009-04-29 22:00:00,0000-00-00 00:00:00,Café,3483
2009-04-29 23:00:00,0000-00-00 00:00:00,Op Locatie,3473
2009-04-30 14:00:00,2009-04-30 20:00:00,Op Locatie,3547
2009-04-30 20:00:00,0000-00-00 00:00:00,Minard,3423
2009-04-30 20:00:00,0000-00-00 00:00:00,Theaterzaal,3425
2009-04-30 20:00:00,0000-00-00 00:00:00,Op Locatie,3473
2009-04-30 20:30:00,0000-00-00 00:00:00,Diverse Zalen,3523
2009-04-30 23:00:00,0000-00-00 00:00:00,Op Locatie,3473
2009-05-01 14:00:00,2009-05-01 20:00:00,Op Locatie,3547
2009-05-01 20:00:00,0000-00-00 00:00:00,Minard,3423
2009-05-01 20:00:00,0000-00-00 00:00:00,Theaterzaal,3425
2009-05-01 20:00:00,0000-00-00 00:00:00,Balzaal,3469
2009-05-01 20:00:00,0000-00-00 00:00:00,Op Locatie,3473
2009-05-01 23:00:00,0000-00-00 00:00:00,Op Locatie,3473
2009-05-02 11:00:00,2009-05-02 20:00:00,Op Locatie,3547
2009-05-02 20:00:00,0000-00-00 00:00:00,Minard,3423
2009-05-02 20:00:00,0000-00-00 00:00:00,Theaterzaal,3425
2009-05-02 20:00:00,0000-00-00 00:00:00,Op Locatie,3473
2009-05-02 23:00:00,0000-00-00 00:00:00,Op Locatie,3473
2009-05-02 23:00:00,0000-00-00 00:00:00,Balzaal,3561
2009-05-03 11:00:00,2009-05-03 20:00:00,Op Locatie,3547
2009-05-05 20:00:00,0000-00-00 00:00:00,Balzaal,3487
2009-05-05 20:00:00,0000-00-00 00:00:00,Theaterzaal,3559
2009-05-06 13:00:00,0000-00-00 00:00:00,Balzaal,3553
2009-05-06 14:30:00,0000-00-00 00:00:00,Balzaal,3553
2009-05-06 20:00:00,0000-00-00 00:00:00,Minard,3423
2009-05-06 20:00:00,0000-00-00 00:00:00,Theaterzaal,3455
2009-05-06 22:00:00,0000-00-00 00:00:00,Café,3541
2009-05-07 20:00:00,0000-00-00 00:00:00,Minard,3423
2009-05-07 20:00:00,0000-00-00 00:00:00,Domzaal,3427
2009-05-07 20:00:00,0000-00-00 00:00:00,Foyer Theaterzaal ,3555
2009-05-07 21:30:00,0000-00-00 00:00:00,Balzaal,3479
2009-05-08 20:00:00,0000-00-00 00:00:00,Minard,3423
2009-05-08 20:00:00,0000-00-00 00:00:00,Domzaal,3427
2009-05-09 14:00:00,0000-00-00 00:00:00,Diverse Zalen,3465
2009-05-09 20:00:00,0000-00-00 00:00:00,Minard,3423
2009-05-13 20:00:00,0000-00-00 00:00:00,Theaterzaal,3429
2009-05-13 20:30:00,0000-00-00 00:00:00,Domzaal,3581
2009-05-13 21:30:00,0000-00-00 00:00:00,Theaterzaal,3451
2009-05-13 22:00:00,0000-00-00 00:00:00,Café,3509
2009-05-14 20:00:00,0000-00-00 00:00:00,Theaterzaal,3429
2009-05-14 20:00:00,0000-00-00 00:00:00,Domzaal,3431
2009-05-14 20:00:00,0000-00-00 00:00:00,Balzaal,3551
2009-05-14 22:00:00,0000-00-00 00:00:00,Balzaal,3551
2009-05-15 20:00:00,0000-00-00 00:00:00,Domzaal,3431
2009-05-15 20:00:00,0000-00-00 00:00:00,Theaterzaal,3467
2009-05-16 22:00:00,0000-00-00 00:00:00,Balzaal,3563
2009-05-17 20:30:00,0000-00-00 00:00:00,Concertzaal,3459
2009-05-18 20:30:00,0000-00-00 00:00:00,Balzaal,3543
2009-05-18 20:30:00,0000-00-00 00:00:00,Balzaal,3543
2009-05-19 20:00:00,0000-00-00 00:00:00,Domzaal,3485
2009-05-20 20:00:00,2009-05-20 23:00:00,Theaterzaal,3433
2009-05-20 21:00:00,0000-00-00 00:00:00,Domzaal,3489
2009-05-21 20:00:00,2009-05-21 23:00:00,Theaterzaal,3433
2009-05-22 20:00:00,2009-05-22 23:00:00,Theaterzaal,3433
2009-05-23 20:00:00,2009-05-23 23:00:00,Theaterzaal,3433
2009-05-23 20:00:00,0000-00-00 00:00:00,Balzaal,3565
2009-05-23 21:30:00,0000-00-00 00:00:00,Balzaal,3565
2009-05-26 20:00:00,0000-00-00 00:00:00,Theaterzaal,3445
2009-05-26 20:00:00,0000-00-00 00:00:00,Balzaal,3517
2009-05-27 20:00:00,0000-00-00 00:00:00,Balzaal,3435
2009-05-28 20:00:00,0000-00-00 00:00:00,Balzaal,3435
2009-05-28 20:00:00,0000-00-00 00:00:00,Theaterzaal,3447
2009-05-28 22:00:00,0000-00-00 00:00:00,Café,3545
2009-05-29 20:00:00,0000-00-00 00:00:00,Balzaal,3435
2009-05-30 20:00:00,0000-00-00 00:00:00,Balzaal,3435
2009-05-30 22:00:00,0000-00-00 00:00:00,Concertzaal,3503
2009-06-01 20:00:00,0000-00-00 00:00:00,Balzaal,3435
2009-06-03 20:00:00,0000-00-00 00:00:00,Theaterzaal,3525
2009-06-06 20:30:00,0000-00-00 00:00:00,Concertzaal,3607
2009-06-06 22:30:00,0000-00-00 00:00:00,Balzaal,3567
2009-06-07 16:00:00,2009-06-07 23:00:00,Café,3609
2009-06-10 20:00:00,0000-00-00 00:00:00,Domzaal,3557
2009-06-12 20:00:00,0000-00-00 00:00:00,Balzaal,3587
2009-06-14 22:00:00,0000-00-00 00:00:00,Café,3583
2009-06-14 22:00:00,0000-00-00 00:00:00,Café,3589
2009-06-15 22:00:00,0000-00-00 00:00:00,Café,3583
2009-06-15 22:00:00,0000-00-00 00:00:00,Café,3591
2009-06-16 22:00:00,0000-00-00 00:00:00,Café,3583
2009-06-16 22:00:00,0000-00-00 00:00:00,Café,3593
2009-06-17 20:00:00,0000-00-00 00:00:00,Theaterzaal,3437
2009-06-18 20:00:00,0000-00-00 00:00:00,Theaterzaal,3437
2009-06-18 22:00:00,0000-00-00 00:00:00,Concertzaal,3505
2009-06-19 19:00:00,0000-00-00 00:00:00,Balzaal,3613
2009-06-19 20:00:00,0000-00-00 00:00:00,Theaterzaal,3437
2009-06-20 20:00:00,0000-00-00 00:00:00,Theaterzaal,3437
2009-06-20 23:00:00,0000-00-00 00:00:00,Balzaal,3569
2009-06-21 22:00:00,0000-00-00 00:00:00,Café,3583
2009-06-21 22:00:00,0000-00-00 00:00:00,Café,3595
2009-06-22 22:00:00,0000-00-00 00:00:00,Café,3583
2009-06-22 22:00:00,0000-00-00 00:00:00,Café,3597
2009-06-23 20:00:00,0000-00-00 00:00:00,Balzaal,3585
2009-06-23 22:00:00,0000-00-00 00:00:00,Café,3583
2009-06-24 20:00:00,0000-00-00 00:00:00,Balzaal,3605
2009-06-25 23:00:00,0000-00-00 00:00:00,Diverse Zalen,3571
2009-06-26 20:00:00,0000-00-00 00:00:00,Minard,3611
2009-06-26 23:00:00,0000-00-00 00:00:00,Concertzaal,3573
2009-06-27 20:00:00,0000-00-00 00:00:00,Minard,3611
2009-06-27 23:00:00,0000-00-00 00:00:00,Concertzaal,3575
2009-06-28 22:00:00,0000-00-00 00:00:00,Café,3583
2009-06-28 22:00:00,0000-00-00 00:00:00,Café,3599
2009-06-29 22:00:00,0000-00-00 00:00:00,Café,3583
2009-06-29 22:00:00,0000-00-00 00:00:00,Café,3601
2009-06-30 22:00:00,0000-00-00 00:00:00,Café,3583
2009-06-30 22:00:00,0000-00-00 00:00:00,Café,3603
2009-07-02 22:00:00,0000-00-00 00:00:00,Café,3369
2009-07-06 21:00:00,0000-00-00 00:00:00,Concertzaal,3351
2009-07-17 23:00:00,0000-00-00 00:00:00,Diverse Zalen,3371
2009-07-18 16:00:00,0000-00-00 00:00:00,"Academieraadzaal RUG, Volderstraat 9",3365
2009-07-18 23:00:00,0000-00-00 00:00:00,Diverse Zalen,3371
2009-07-19 23:00:00,0000-00-00 00:00:00,Diverse Zalen,3371
2009-07-20 23:00:00,0000-00-00 00:00:00,Diverse Zalen,3371
2009-07-21 23:00:00,0000-00-00 00:00:00,Diverse Zalen,3371
2009-07-23 23:00:00,0000-00-00 00:00:00,Diverse Zalen,3371
2009-07-24 23:00:00,0000-00-00 00:00:00,Diverse Zalen,3371
2009-07-25 23:00:00,0000-00-00 00:00:00,Diverse Zalen,3371
2009-07-26 23:00:00,0000-00-00 00:00:00,Diverse Zalen,3371
2009-07-27 23:00:00,0000-00-00 00:00:00,Diverse Zalen,3371
2009-08-01 17:00:00,0000-00-00 00:00:00,Op Locatie,3373
2009-08-02 17:00:00,0000-00-00 00:00:00,"Academieraadzaal RUG, Volderstraat 9",3375
2009-08-03 17:00:00,0000-00-00 00:00:00,"Academieraadzaal RUG, Volderstraat 9",3377
2009-08-05 17:00:00,0000-00-00 00:00:00,"Vrijstaat O, Oostende",3379
2009-08-06 17:00:00,0000-00-00 00:00:00,"Vrijstaat O, Oostende",3381
2009-08-07 17:00:00,0000-00-00 00:00:00,"Vrijstaat O, Oostende",3383
2009-09-05 22:00:00,0000-00-00 00:00:00,Concertzaal,3415
2009-09-05 23:00:00,0000-00-00 00:00:00,"Academieraadzaal RUG, Volderstraat 9",3389
2009-09-10 20:00:00,2009-09-10 22:30:00,Balzaal,3367
2009-09-12 13:30:00,0000-00-00 00:00:00,Theaterzaal & Balzaal,3407
2009-09-13 10:00:00,2009-09-13 18:00:00,Diverse Zalen,3411
2009-09-14 20:00:00,2009-09-14 00:00:00,Concertzaal,3385
2009-09-15 20:00:00,2009-09-15 23:00:00,Minard,3387
2009-09-16 20:00:00,2009-09-16 23:00:00,Minard,3387
2009-09-16 22:00:00,2009-09-16 23:00:00,Café,3403
2009-09-18 20:00:00,2009-09-18 22:00:00,Balzaal,3409
2009-09-19 22:30:00,0000-00-00 00:00:00,Balzaal,3393
2009-09-19 23:00:00,0000-00-00 00:00:00,Concertzaal,3391
2009-09-20 20:00:00,2009-09-20 22:00:00,Balzaal,3413
2009-09-23 20:00:00,2009-09-23 21:30:00,Theaterzaal,3353
2009-09-24 20:00:00,2009-09-24 21:30:00,Theaterzaal,3353
2009-09-24 20:00:00,0000-00-00 00:00:00,Domzaal,3355
2009-09-24 21:30:00,0000-00-00 00:00:00,Minard,3357
2009-09-25 20:00:00,2009-09-25 21:30:00,Theaterzaal,3353
2009-09-25 20:00:00,0000-00-00 00:00:00,Domzaal,3355
2009-09-25 21:30:00,0000-00-00 00:00:00,Minard,3357
2009-09-25 22:30:00,0000-00-00 00:00:00,Domzaal,3359
2009-09-25 23:00:00,0000-00-00 00:00:00,Concertzaal,3395
2009-09-26 20:00:00,0000-00-00 00:00:00,Domzaal,3355
2009-09-26 21:30:00,0000-00-00 00:00:00,Minard,3357
2009-09-26 22:00:00,0000-00-00 00:00:00,Concertzaal,3397
2009-09-26 22:00:00,0000-00-00 00:00:00,"Academieraadzaal RUG, Volderstraat 9",3399
2009-09-29 20:00:00,0000-00-00 00:00:00,Balzaal,3361
2009-09-29 20:00:00,0000-00-00 00:00:00,Theaterzaal,3363
2009-09-30 20:00:00,0000-00-00 00:00:00,Balzaal,3401
2009-09-30 22:00:00,0000-00-00 00:00:00,Café,3405
2009-10-01 20:00:00,0000-00-00 00:00:00,Theaterzaal,3027
2009-10-01 20:00:00,0000-00-00 00:00:00,Balzaal,3071
2009-10-01 22:00:00,0000-00-00 00:00:00,Concertzaal,3165
2009-10-02 20:00:00,0000-00-00 00:00:00,Theaterzaal,3027
2009-10-02 20:00:00,0000-00-00 00:00:00,"Academieraadzaal RUG, Volderstraat 9",3119
2009-10-03 20:00:00,0000-00-00 00:00:00,Theaterzaal,3027
2009-10-03 23:00:00,0000-00-00 00:00:00,Balzaal,3101
2009-10-03 23:00:00,0000-00-00 00:00:00,Concertzaal,3137
2009-10-05 22:00:00,0000-00-00 00:00:00,Concertzaal,3167
2009-10-06 18:00:00,2009-10-06 00:00:00,Diverse Zalen,3095
2009-10-06 21:00:00,0000-00-00 00:00:00,Theaterzaal,3097
2009-10-06 23:00:00,0000-00-00 00:00:00,Theaterzaal,3097
2009-10-06 23:00:00,0000-00-00 00:00:00,Balzaal & Café,3253
2009-10-07 14:30:00,0000-00-00 00:00:00,Domzaal,3197
2009-10-07 17:30:00,0000-00-00 00:00:00,"Academieraadzaal RUG, Volderstraat 9",3209
2009-10-07 18:00:00,2009-10-07 00:00:00,Diverse Zalen,3095
2009-10-07 20:00:00,2009-10-07 20:30:00,Dansstudio,3115
2009-10-07 20:00:00,0000-00-00 00:00:00,Domzaal,3187
2009-10-07 20:15:00,0000-00-00 00:00:00,Theaterzaal,3185
2009-10-07 22:00:00,2009-10-07 22:30:00,Dansstudio,3115
2009-10-07 22:00:00,0000-00-00 00:00:00,Balzaal,3147
2009-10-07 22:00:00,0000-00-00 00:00:00,Concertzaal,3169
2009-10-07 22:30:00,0000-00-00 00:00:00,Domzaal,3211
2009-10-08 14:30:00,0000-00-00 00:00:00,"Academieraadzaal RUG, Volderstraat 9",3219
2009-10-08 17:30:00,0000-00-00 00:00:00,Theaterzaal,3223
2009-10-08 18:00:00,2009-10-08 00:00:00,Diverse Zalen,3095
2009-10-08 19:30:00,0000-00-00 00:00:00,"Academieraadzaal RUG, Volderstraat 9",3189
2009-10-08 20:00:00,0000-00-00 00:00:00,Balzaal,3089
2009-10-08 20:00:00,0000-00-00 00:00:00,Minard,3099
2009-10-08 21:30:00,0000-00-00 00:00:00,Theaterzaal,3195
2009-10-08 22:00:00,0000-00-00 00:00:00,Diverse Zalen,3103
2009-10-08 22:30:00,0000-00-00 00:00:00,Domzaal,3117
2009-10-09 14:30:00,0000-00-00 00:00:00,Theaterzaal,3215
2009-10-09 17:30:00,0000-00-00 00:00:00,Theaterzaal,3185
2009-10-09 18:00:00,2009-10-09 00:00:00,Diverse Zalen,3095
2009-10-09 20:00:00,0000-00-00 00:00:00,Minard,3099
2009-10-09 20:00:00,0000-00-00 00:00:00,"Academieraadzaal RUG, Volderstraat 9",3123
2009-10-09 20:00:00,0000-00-00 00:00:00,"Academieraadzaal RUG, Volderstraat 9",3227
2009-10-09 22:30:00,0000-00-00 00:00:00,"Academieraadzaal RUG, Volderstraat 9",3209
2009-10-10 14:00:00,2009-10-10 00:00:00,Diverse Zalen,3095
2009-10-10 14:00:00,0000-00-00 00:00:00,Theaterzaal,3285
2009-10-10 14:30:00,0000-00-00 00:00:00,"Academieraadzaal RUG, Volderstraat 9",3227
2009-10-10 15:00:00,2009-10-10 16:30:00,Diverse Zalen,3155
2009-10-10 17:30:00,0000-00-00 00:00:00,"Academieraadzaal RUG, Volderstraat 9",3229
2009-10-10 20:00:00,0000-00-00 00:00:00,Domzaal,3231
2009-10-10 21:00:00,0000-00-00 00:00:00,Theaterzaal,3121
2009-10-10 22:30:00,0000-00-00 00:00:00,Domzaal,3217
2009-10-10 23:00:00,0000-00-00 00:00:00,Concertzaal,3171
2009-10-11 13:30:00,2009-10-11 15:00:00,Café,3085
2009-10-11 14:00:00,0000-00-00 00:00:00,Café,3085
2009-10-11 14:00:00,2009-10-11 00:00:00,Diverse Zalen,3095
2009-10-11 14:30:00,0000-00-00 00:00:00,Domzaal,3203
2009-10-11 15:00:00,2009-10-11 16:30:00,Diverse Zalen,3155
2009-10-11 17:30:00,0000-00-00 00:00:00,Domzaal,3235
2009-10-11 19:30:00,0000-00-00 00:00:00,"Academieraadzaal RUG, Volderstraat 9",3221
2009-10-11 20:00:00,0000-00-00 00:00:00,Domzaal,3207
2009-10-11 22:00:00,0000-00-00 00:00:00,Concertzaal,3149
2009-10-11 22:30:00,0000-00-00 00:00:00,Domzaal,3197
2009-10-12 11:00:00,0000-00-00 00:00:00,Theaterzaal,3139
2009-10-12 14:30:00,0000-00-00 00:00:00,Domzaal,3211
2009-10-12 17:00:00,0000-00-00 00:00:00,"Academieraadzaal RUG, Volderstraat 9",3229
2009-10-12 19:00:00,0000-00-00 00:00:00,Domzaal,3213
2009-10-12 20:15:00,0000-00-00 00:00:00,Theaterzaal,3205
2009-10-12 20:30:00,0000-00-00 00:00:00,Domzaal,3201
2009-10-12 22:30:00,0000-00-00 00:00:00,"Academieraadzaal RUG, Volderstraat 9",3209
2009-10-13 14:30:00,0000-00-00 00:00:00,Domzaal,3187
2009-10-13 17:30:00,0000-00-00 00:00:00,Domzaal,3207
2009-10-13 18:00:00,2009-10-13 00:00:00,Diverse Zalen,3095
2009-10-13 19:30:00,0000-00-00 00:00:00,Domzaal,3203
2009-10-13 20:00:00,2009-10-13 20:30:00,Dansstudio,3115
2009-10-13 20:15:00,0000-00-00 00:00:00,Theaterzaal,3223
2009-10-13 22:00:00,2009-10-13 22:30:00,Dansstudio,3115
2009-10-13 22:00:00,0000-00-00 00:00:00,Concertzaal,3173
2009-10-13 22:30:00,0000-00-00 00:00:00,"Academieraadzaal RUG, Volderstraat 9",3219
2009-10-14 14:30:00,0000-00-00 00:00:00,Domzaal,3191
2009-10-14 17:30:00,0000-00-00 00:00:00,Domzaal,3235
2009-10-14 18:00:00,2009-10-14 00:00:00,Diverse Zalen,3095
2009-10-14 20:00:00,0000-00-00 00:00:00,Minard,3113
2009-10-14 20:00:00,2009-10-14 20:30:00,Dansstudio,3115
2009-10-14 20:00:00,0000-00-00 00:00:00,Theaterzaal,3195
2009-10-14 20:15:00,0000-00-00 00:00:00,Theaterzaal,3225
2009-10-14 22:00:00,2009-10-14 22:30:00,Dansstudio,3115
2009-10-14 22:00:00,0000-00-00 00:00:00,Concertzaal,3175
2009-10-14 22:30:00,0000-00-00 00:00:00,Domzaal,3193
2009-10-15 10:00:00,2009-10-15 18:00:00,Domzaal,3145
2009-10-15 18:00:00,2009-10-15 00:00:00,Diverse Zalen,3095
2009-10-15 20:00:00,0000-00-00 00:00:00,Balzaal,3029
2009-10-15 20:00:00,2009-10-15 20:30:00,Dansstudio,3115
2009-10-15 20:00:00,0000-00-00 00:00:00,Domzaal,3233
2009-10-15 20:30:00,0000-00-00 00:00:00,Theaterzaal,3081
2009-10-15 22:00:00,2009-10-15 22:30:00,Dansstudio,3115
2009-10-15 22:30:00,0000-00-00 00:00:00,Theaterzaal,3081
2009-10-15 22:30:00,0000-00-00 00:00:00,"Academieraadzaal RUG, Volderstraat 9",3189
2009-10-16 14:30:00,0000-00-00 00:00:00,Domzaal,3231
2009-10-16 17:30:00,0000-00-00 00:00:00,Domzaal,3201
2009-10-16 18:00:00,2009-10-16 00:00:00,Diverse Zalen,3095
2009-10-16 20:00:00,0000-00-00 00:00:00,Balzaal,3029
2009-10-16 20:00:00,2009-10-16 20:30:00,Dansstudio,3115
2009-10-16 20:00:00,0000-00-00 00:00:00,Domzaal,3237
2009-10-16 20:00:00,0000-00-00 00:00:00,Domzaal,3273
2009-10-16 20:15:00,0000-00-00 00:00:00,Theaterzaal,3245
2009-10-16 21:30:00,0000-00-00 00:00:00,Balzaal,3029
2009-10-16 22:00:00,2009-10-16 22:30:00,Dansstudio,3115
2009-10-16 22:00:00,0000-00-00 00:00:00,Café,3131
2009-10-16 22:30:00,0000-00-00 00:00:00,Domzaal,3191
2009-10-17 14:00:00,2009-10-17 00:00:00,Diverse Zalen,3095
2009-10-17 14:30:00,0000-00-00 00:00:00,Domzaal,3217
2009-10-17 17:30:00,0000-00-00 00:00:00,Domzaal,3237
2009-10-17 17:30:00,0000-00-00 00:00:00,Domzaal,3273
2009-10-17 20:00:00,0000-00-00 00:00:00,Balzaal,3029
2009-10-17 20:00:00,0000-00-00 00:00:00,"Academieraadzaal RUG, Volderstraat 9",3221
2009-10-17 21:00:00,0000-00-00 00:00:00,Theaterzaal,3199
2009-10-17 21:00:00,0000-00-00 00:00:00,"Academieraadzaal RUG, Volderstraat 9",3257
2009-10-17 22:30:00,0000-00-00 00:00:00,Domzaal,3233
2009-10-17 23:00:00,0000-00-00 00:00:00,Balzaal,3143
2009-10-19 20:00:00,0000-00-00 00:00:00,Concertzaal,3183
2009-10-20 22:00:00,0000-00-00 00:00:00,Concertzaal,3177
2009-10-21 20:00:00,2009-10-21 22:00:00,Balzaal,3075
2009-10-22 20:00:00,2009-10-22 22:45:00,Balzaal,3031
2009-10-22 22:00:00,0000-00-00 00:00:00,Concertzaal,3179
2009-10-23 20:00:00,2009-10-23 21:30:00,Theaterzaal,3035
2009-10-23 22:00:00,0000-00-00 00:00:00,Concertzaal,3105
2009-10-24 20:00:00,2009-10-24 21:30:00,Theaterzaal,3035
2009-10-25 20:00:00,2009-10-25 23:30:00,Concertzaal,3135
2009-10-27 20:00:00,2009-10-27 22:00:00,Theaterzaal,3045
2009-10-27 21:30:00,0000-00-00 00:00:00,Theaterzaal,3291
2009-10-27 22:00:00,0000-00-00 00:00:00,Café,3125
2009-10-28 20:00:00,0000-00-00 00:00:00,Minard,3037
2009-10-28 20:00:00,0000-00-00 00:00:00,Balzaal,3157
2009-10-28 21:30:00,0000-00-00 00:00:00,Minard,3041
2009-10-29 20:00:00,0000-00-00 00:00:00,"Academieraadzaal RUG, Volderstraat 9",3033
2009-10-29 20:00:00,0000-00-00 00:00:00,Minard,3037
2009-10-29 20:00:00,2009-10-29 22:00:00,Theaterzaal,3045
2009-10-29 20:30:00,0000-00-00 00:00:00,"NTGent, Sint-Baafsplein 17",3043
2009-10-30 20:00:00,2009-10-30 22:00:00,Theaterzaal,3045
2009-10-30 23:00:00,0000-00-00 00:00:00,"Academieraadzaal RUG, Volderstraat 9",3107
2009-10-31 20:00:00,2009-10-31 22:00:00,Theaterzaal,3045
2009-10-31 20:00:00,0000-00-00 00:00:00,Op Locatie,3247
2009-10-31 22:30:00,0000-00-00 00:00:00,"Academieraadzaal RUG, Volderstraat 9",3111
2009-10-31 23:00:00,0000-00-00 00:00:00,"Academieraadzaal RUG, Volderstraat 9",3109
2009-11-01 20:30:00,0000-00-00 00:00:00,NTGent (Minnemeers),3239
2009-11-03 20:00:00,0000-00-00 00:00:00,"Academieraadzaal RUG, Volderstraat 9",3317
2009-11-04 20:00:00,0000-00-00 00:00:00,Theaterzaal,3047
2009-11-04 20:00:00,0000-00-00 00:00:00,Minard,3049
2009-11-04 20:30:00,0000-00-00 00:00:00,Concertzaal,3271
2009-11-04 22:00:00,0000-00-00 00:00:00,Café,3249
2009-11-05 20:00:00,0000-00-00 00:00:00,Minard,3049
2009-11-05 20:00:00,0000-00-00 00:00:00,Balzaal,3151
2009-11-05 20:00:00,0000-00-00 00:00:00,Op Locatie,3295
2009-11-05 22:00:00,0000-00-00 00:00:00,Concertzaal,3259
2009-11-06 20:00:00,0000-00-00 00:00:00,Minard,3049
2009-11-06 20:00:00,0000-00-00 00:00:00,Balzaal,3141
2009-11-06 20:00:00,0000-00-00 00:00:00,Op Locatie,3295
2009-11-06 21:00:00,0000-00-00 00:00:00,Concertzaal,3255
2009-11-07 20:00:00,0000-00-00 00:00:00,Minard,3049
2009-11-07 22:00:00,0000-00-00 00:00:00,Concertzaal,3129
2009-11-10 20:00:00,0000-00-00 00:00:00,Balzaal,3051
2009-11-10 20:30:00,0000-00-00 00:00:00,Concertzaal,3093
2009-11-10 20:30:00,0000-00-00 00:00:00,Concertzaal,3277
2009-11-11 14:30:00,2009-11-11 15:30:00,"Academieraadzaal RUG, Volderstraat 9",3069
2009-11-11 16:00:00,2009-11-11 17:00:00,"Academieraadzaal RUG, Volderstraat 9",3069
2009-11-11 17:30:00,2009-11-11 18:30:00,"Academieraadzaal RUG, Volderstraat 9",3069
2009-11-11 19:00:00,2009-11-11 20:00:00,"Academieraadzaal RUG, Volderstraat 9",3069
2009-11-11 20:00:00,0000-00-00 00:00:00,Minard,3049
2009-11-11 20:00:00,2009-11-11 22:15:00,Theaterzaal,3059
2009-11-11 20:30:00,2009-11-11 21:30:00,"Academieraadzaal RUG, Volderstraat 9",3069
2009-11-11 22:00:00,2009-11-11 23:00:00,"Academieraadzaal RUG, Volderstraat 9",3069
2009-11-12 14:30:00,2009-11-12 15:30:00,"Academieraadzaal RUG, Volderstraat 9",3069
2009-11-12 16:00:00,2009-11-12 17:00:00,"Academieraadzaal RUG, Volderstraat 9",3069
2009-11-12 17:30:00,2009-11-12 18:30:00,"Academieraadzaal RUG, Volderstraat 9",3069
2009-11-12 19:00:00,2009-11-12 20:00:00,"Academieraadzaal RUG, Volderstraat 9",3069
2009-11-12 19:00:00,0000-00-00 00:00:00,Domzaal,3313
2009-11-12 20:00:00,0000-00-00 00:00:00,Minard,3049
2009-11-12 20:00:00,2009-11-12 22:15:00,Theaterzaal,3059
2009-11-12 20:00:00,2009-11-12 22:00:00,Balzaal,3159
2009-11-12 20:30:00,2009-11-12 21:30:00,"Academieraadzaal RUG, Volderstraat 9",3069
2009-11-12 21:30:00,2009-11-12 22:45:00,Domzaal,3251
2009-11-12 22:00:00,2009-11-12 22:00:00,"Academieraadzaal RUG, Volderstraat 9",3069
2009-11-13 11:30:00,2009-11-13 19:00:00,Ticketbalie,3293
2009-11-13 14:30:00,2009-11-13 15:30:00,"Academieraadzaal RUG, Volderstraat 9",3069
2009-11-13 16:00:00,2009-11-13 17:00:00,"Academieraadzaal RUG, Volderstraat 9",3069
2009-11-13 17:00:00,0000-00-00 00:00:00,Balzaal,3303
2009-11-13 17:30:00,2009-11-13 18:30:00,"Academieraadzaal RUG, Volderstraat 9",3069
2009-11-13 19:00:00,2009-11-13 20:00:00,"Academieraadzaal RUG, Volderstraat 9",3069
2009-11-13 20:00:00,0000-00-00 00:00:00,Minard,3049
2009-11-13 20:00:00,2009-11-13 22:15:00,Theaterzaal,3059
2009-11-13 20:30:00,2009-11-13 21:30:00,"Academieraadzaal RUG, Volderstraat 9",3069
2009-11-13 21:00:00,0000-00-00 00:00:00,Balzaal,3303
2009-11-13 22:00:00,2009-11-13 23:00:00,"Academieraadzaal RUG, Volderstraat 9",3069
2009-11-13 23:00:00,0000-00-00 00:00:00,Concertzaal,3311
2009-11-14 14:30:00,2009-11-14 15:30:00,"Academieraadzaal RUG, Volderstraat 9",3069
2009-11-14 15:00:00,2009-11-14 18:00:00,Ticketbalie,3293
2009-11-14 16:00:00,2009-11-14 17:00:00,"Academieraadzaal RUG, Volderstraat 9",3069
2009-11-14 17:30:00,2009-11-14 18:30:00,"Academieraadzaal RUG, Volderstraat 9",3069
2009-11-14 19:00:00,2009-11-14 20:00:00,"Academieraadzaal RUG, Volderstraat 9",3069
2009-11-14 20:00:00,0000-00-00 00:00:00,Minard,3049
2009-11-14 20:00:00,2009-11-14 22:15:00,Theaterzaal,3059
2009-11-14 20:30:00,2009-11-14 21:30:00,"Academieraadzaal RUG, Volderstraat 9",3069
2009-11-14 22:00:00,2009-11-14 23:00:00,"Academieraadzaal RUG, Volderstraat 9",3069
2009-11-14 22:00:00,0000-00-00 00:00:00,Balzaal,3263
2009-11-14 23:00:00,0000-00-00 00:00:00,Concertzaal,3261
2009-11-15 13:30:00,2009-11-15 15:00:00,Café,3083
2009-11-15 14:00:00,0000-00-00 00:00:00,Café,3083
2009-11-15 14:00:00,2009-11-15 18:00:00,Balzaal,3269
2009-11-17 11:30:00,2009-11-17 19:00:00,Ticketbalie,3293
2009-11-17 20:00:00,0000-00-00 00:00:00,Theaterzaal,3133
2009-11-18 11:30:00,2009-11-18 19:00:00,Ticketbalie,3293
2009-11-18 20:00:00,0000-00-00 00:00:00,Minard,3049
2009-11-18 20:00:00,0000-00-00 00:00:00,"De Bijloke, Jozef Kluyskensstraat 2",3053
2009-11-18 20:00:00,0000-00-00 00:00:00,Balzaal,3153
2009-11-18 20:00:00,0000-00-00 00:00:00,"Academieraadzaal RUG, Volderstraat 9",3275
2009-11-19 11:30:00,2009-11-19 19:00:00,Ticketbalie,3293
2009-11-19 20:00:00,0000-00-00 00:00:00,Minard,3049
2009-11-19 20:00:00,0000-00-00 00:00:00,Domzaal,3061
2009-11-19 20:00:00,0000-00-00 00:00:00,Concertzaal,3283
2009-11-19 22:00:00,0000-00-00 00:00:00,Café,3039
2009-11-20 11:30:00,2009-11-20 19:00:00,Ticketbalie,3293
2009-11-20 20:00:00,0000-00-00 00:00:00,Minard,3049
2009-11-20 20:00:00,0000-00-00 00:00:00,Domzaal,3061
2009-11-20 22:00:00,0000-00-00 00:00:00,Balzaal,3181
2009-11-21 13:30:00,0000-00-00 00:00:00,"Academieraadzaal RUG, Volderstraat 9",3281
2009-11-21 15:00:00,2009-11-21 18:00:00,Ticketbalie,3293
2009-11-21 20:00:00,0000-00-00 00:00:00,Minard,3049
2009-11-21 20:00:00,0000-00-00 00:00:00,Balzaal,3315
2009-11-24 11:30:00,2009-11-24 19:00:00,Ticketbalie,3293
2009-11-24 20:00:00,0000-00-00 00:00:00,Balzaal,3077
2009-11-24 22:00:00,0000-00-00 00:00:00,Café,3091
2009-11-24 22:00:00,0000-00-00 00:00:00,"Academieraadzaal RUG, Volderstraat 9",3265
2009-11-25 11:30:00,2009-11-25 19:00:00,Ticketbalie,3293
2009-11-25 20:00:00,2009-11-25 21:30:00,Balzaal,3241
2009-11-25 20:00:00,2009-11-25 21:30:00,"Academieraadzaal RUG, Volderstraat 9",3279
2009-11-26 11:30:00,2009-11-26 19:00:00,Ticketbalie,3293
2009-11-26 20:00:00,0000-00-00 00:00:00,Theaterzaal,3025
2009-11-26 20:00:00,2009-11-26 22:30:00,Balzaal,3073
2009-11-26 20:00:00,0000-00-00 00:00:00,Concertzaal,3163
2009-11-27 11:30:00,2009-11-27 19:00:00,Ticketbalie,3293
2009-11-27 20:00:00,0000-00-00 00:00:00,Theaterzaal,3025
2009-11-27 22:00:00,0000-00-00 00:00:00,Concertzaal,3287
2009-11-28 15:00:00,2009-11-28 18:00:00,Ticketbalie,3293
2009-11-28 20:00:00,0000-00-00 00:00:00,Concertzaal,3243
2009-11-28 20:00:00,0000-00-00 00:00:00,Diverse Zalen,3309
2009-11-28 22:00:00,0000-00-00 00:00:00,Balzaal,3267
2009-11-29 20:00:00,0000-00-00 00:00:00,Diverse Zalen,3309
2009-11-30 20:00:00,0000-00-00 00:00:00,Diverse Zalen,3309
2009-12-01 11:30:00,2009-12-01 19:00:00,Ticketbalie,3293
2009-12-01 20:00:00,0000-00-00 00:00:00,Diverse Zalen,3309
2009-12-02 11:30:00,2009-12-02 19:00:00,Ticketbalie,3293
2009-12-02 20:00:00,0000-00-00 00:00:00,Theaterzaal,3161
2009-12-02 20:00:00,0000-00-00 00:00:00,"Academieraadzaal RUG, Volderstraat 9",3297
2009-12-02 20:00:00,0000-00-00 00:00:00,Diverse Zalen,3309
2009-12-03 11:30:00,2009-12-03 19:00:00,Ticketbalie,3293
2009-12-03 20:00:00,0000-00-00 00:00:00,Diverse Zalen,3301
2009-12-03 20:00:00,0000-00-00 00:00:00,Diverse Zalen,3309
2009-12-04 11:30:00,2009-12-04 19:00:00,Ticketbalie,3293
2009-12-04 20:00:00,0000-00-00 00:00:00,"Academieraadzaal RUG, Volderstraat 9",3299
2009-12-04 20:00:00,0000-00-00 00:00:00,Diverse Zalen,3309
2009-12-04 22:30:00,0000-00-00 00:00:00,Balzaal,3339
2009-12-05 15:00:00,2009-12-05 18:00:00,Ticketbalie,3293
2009-12-05 20:00:00,0000-00-00 00:00:00,Domzaal,3307
2009-12-05 20:00:00,0000-00-00 00:00:00,Diverse Zalen,3309
2009-12-05 22:00:00,0000-00-00 00:00:00,Concertzaal,3319
2009-12-06 20:30:00,0000-00-00 00:00:00,Concertzaal,3127
2009-12-08 20:00:00,0000-00-00 00:00:00,Balzaal,3055
2009-12-08 20:00:00,0000-00-00 00:00:00,Balzaal,3055
2009-12-08 20:30:00,2009-12-08 23:00:00,Theaterzaal,3289
2009-12-09 20:00:00,2009-12-09 21:10:00,Domzaal,3063
2009-12-09 22:00:00,0000-00-00 00:00:00,Concertzaal,3321
2009-12-10 20:00:00,2009-12-10 21:10:00,Domzaal,3063
2009-12-10 22:00:00,0000-00-00 00:00:00,Café,3305
2009-12-11 20:00:00,2009-12-10 21:10:00,Domzaal,3063
2009-12-12 20:00:00,2009-12-12 21:10:00,Domzaal,3063
2009-12-12 23:00:00,0000-00-00 00:00:00,"Academieraadzaal RUG, Volderstraat 9",3323
2009-12-13 13:30:00,2009-12-13 15:00:00,Café,3087
2009-12-13 14:00:00,0000-00-00 00:00:00,Café,3087
2009-12-15 20:00:00,0000-00-00 00:00:00,Balzaal,3079
2009-12-16 19:00:00,2009-12-16 23:00:00,Café,3345
2009-12-16 20:00:00,0000-00-00 00:00:00,Balzaal,3057
2009-12-16 20:00:00,2009-12-16 21:10:00,Domzaal,3063
2009-12-16 20:00:00,0000-00-00 00:00:00,Theaterzaal,3065
2009-12-17 20:00:00,2009-12-17 21:10:00,Domzaal,3063
2009-12-17 20:00:00,0000-00-00 00:00:00,Theaterzaal,3065
2009-12-17 23:00:00,0000-00-00 00:00:00,Concertzaal,3325
2009-12-18 20:00:00,2009-12-18 21:10:00,Domzaal,3063
2009-12-18 20:00:00,0000-00-00 00:00:00,Theaterzaal,3065
2009-12-18 22:00:00,0000-00-00 00:00:00,Balzaal,3327
2009-12-18 23:00:00,0000-00-00 00:00:00,Concertzaal,3343
2009-12-19 20:00:00,2009-12-19 21:10:00,Domzaal,3063
2009-12-19 20:00:00,0000-00-00 00:00:00,Theaterzaal,3065
2009-12-19 22:00:00,0000-00-00 00:00:00,Balzaal,3329
2009-12-19 23:00:00,0000-00-00 00:00:00,Concertzaal,3331
2009-12-20 15:00:00,2009-12-20 19:00:00,Café,3345
2009-12-20 20:00:00,0000-00-00 00:00:00,Café,3349
2009-12-22 20:00:00,0000-00-00 00:00:00,Theaterzaal,3067
2009-12-23 20:00:00,0000-00-00 00:00:00,Theaterzaal,3067
2009-12-23 22:00:00,0000-00-00 00:00:00,Concertzaal,3341
2009-12-24 17:00:00,2009-12-24 18:00:00,Concertzaal,3347
2009-12-26 21:00:00,0000-00-00 00:00:00,Concertzaal,3333
2009-12-31 00:30:00,0000-00-00 00:00:00,Concertzaal,3337
2009-12-31 23:00:00,0000-00-00 00:00:00,Balzaal,3335
2010-01-09 23:00:00,0000-00-00 00:00:00,"Academieraadzaal RUG, Volderstraat 9",2985
2010-01-13 20:00:00,2010-01-13 22:00:00,Minard,2939
2010-01-14 19:00:00,0000-00-00 00:00:00,Foyer Theaterzaal ,2957
2010-01-14 20:00:00,2010-01-14 22:00:00,Minard,2939
2010-01-14 20:00:00,0000-00-00 00:00:00,Balzaal,2969
2010-01-15 20:00:00,0000-00-00 00:00:00,Domzaal,2937
2010-01-15 20:00:00,2010-01-15 22:00:00,Minard,2939
2010-01-15 20:00:00,0000-00-00 00:00:00,Theaterzaal,2953
2010-01-16 20:00:00,0000-00-00 00:00:00,Domzaal,2937
2010-01-16 22:00:00,0000-00-00 00:00:00,Balzaal,2987
2010-01-17 13:30:00,2010-01-17 15:00:00,Café,2977
2010-01-17 14:00:00,2010-01-17 15:00:00,Café,2977
2010-01-17 15:00:00,0000-00-00 00:00:00,Café,2977
2010-01-17 20:00:00,2010-01-17 22:00:00,Minard,2939
2010-01-19 20:00:00,0000-00-00 00:00:00,Balzaal,2933
2010-01-19 20:00:00,2010-01-19 21:30:00,Theaterzaal,2947
2010-01-20 20:00:00,0000-00-00 00:00:00,Balzaal,2905
2010-01-20 20:00:00,2010-01-20 22:00:00,Minard,2939
2010-01-21 12:30:00,2010-01-21 13:30:00,Café,2983
2010-01-21 20:00:00,2010-01-21 21:10:00,Domzaal,2915
2010-01-21 20:00:00,0000-00-00 00:00:00,Theaterzaal,2917
2010-01-21 20:00:00,2010-01-21 22:00:00,Minard,2939
2010-01-21 21:30:00,0000-00-00 00:00:00,Minard,2943
2010-01-22 20:00:00,2010-01-22 21:10:00,Domzaal,2915
2010-01-22 20:00:00,0000-00-00 00:00:00,Theaterzaal,2917
2010-01-22 20:00:00,2010-01-22 22:00:00,Minard,2939
2010-01-23 20:00:00,0000-00-00 00:00:00,Theaterzaal,2917
2010-01-23 20:00:00,2010-01-23 22:00:00,Minard,2939
2010-01-23 22:00:00,0000-00-00 00:00:00,Concertzaal,2989
2010-01-24 15:00:00,0000-00-00 00:00:00,Theaterzaal,3021
2010-01-26 19:00:00,0000-00-00 00:00:00,Foyer Theaterzaal ,2957
2010-01-26 20:00:00,0000-00-00 00:00:00,Domzaal,2907
2010-01-27 20:00:00,2010-01-27 22:00:00,Minard,2939
2010-01-27 20:00:00,0000-00-00 00:00:00,"Academieraadzaal RUG, Volderstraat 9",2975
2010-01-27 22:00:00,0000-00-00 00:00:00,Café,2965
2010-01-28 12:30:00,2010-01-28 13:30:00,Café,2983
2010-01-28 20:00:00,0000-00-00 00:00:00,Theaterzaal,2919
2010-01-28 20:00:00,0000-00-00 00:00:00,Domzaal,2921
2010-01-28 20:00:00,2010-01-28 22:00:00,Minard,2939
2010-01-29 20:00:00,0000-00-00 00:00:00,Theaterzaal,2919
2010-01-29 20:00:00,0000-00-00 00:00:00,Domzaal,2921
2010-01-29 20:00:00,2010-01-29 22:00:00,Minard,2939
2010-01-29 21:30:00,0000-00-00 00:00:00,Domzaal,2923
2010-01-30 20:00:00,0000-00-00 00:00:00,Theaterzaal,2919
2010-01-30 20:00:00,2010-01-30 22:00:00,Minard,2939
2010-01-30 22:00:00,0000-00-00 00:00:00,Balzaal,2991
2010-01-31 20:00:00,2010-01-31 22:00:00,Minard,2939
2010-02-03 20:00:00,0000-00-00 00:00:00,Concertzaal,2993
2010-02-03 22:00:00,0000-00-00 00:00:00,Balzaal,3013
2010-02-04 12:30:00,2010-02-04 13:30:00,Café,2983
2010-02-04 20:00:00,0000-00-00 00:00:00,Domzaal,2931
2010-02-04 21:30:00,0000-00-00 00:00:00,Domzaal,2931
2010-02-04 23:00:00,0000-00-00 00:00:00,Domzaal,2931
2010-02-05 20:00:00,0000-00-00 00:00:00,Domzaal,2931
2010-02-05 21:30:00,0000-00-00 00:00:00,Domzaal,2931
2010-02-05 23:00:00,0000-00-00 00:00:00,Domzaal,2931
2010-02-06 15:00:00,0000-00-00 00:00:00,"Academieraadzaal RUG, Volderstraat 9",2959
2010-02-06 20:00:00,0000-00-00 00:00:00,Theaterzaal,2941
2010-02-06 22:00:00,2010-02-06 05:00:00,Balzaal,2997
2010-02-07 20:00:00,0000-00-00 00:00:00,Balzaal,2971
2010-02-09 20:00:00,0000-00-00 00:00:00,Theaterzaal,3017
2010-02-10 10:00:00,2010-02-10 16:00:00,Theaterzaal & Balzaal,3015
2010-02-10 20:00:00,0000-00-00 00:00:00,"De Bijloke, Jozef Kluyskensstraat 2",2909
2010-02-11 20:00:00,0000-00-00 00:00:00,Domzaal,2911
2010-02-11 20:00:00,0000-00-00 00:00:00,Balzaal,2973
2010-02-11 22:00:00,0000-00-00 00:00:00,"Academieraadzaal RUG, Volderstraat 9",2967
2010-02-12 11:30:00,2010-02-12 00:00:00,Café,2983
2010-02-12 21:00:00,2010-02-12 01:00:00,Concertzaal,2949
2010-02-13 14:00:00,2010-02-13 20:00:00,Diverse Zalen,2945
2010-02-13 23:00:00,2010-02-13 06:00:00,Concertzaal,2999
2010-02-14 13:30:00,2010-02-14 15:00:00,Café,2979
2010-02-14 14:00:00,2010-02-14 15:00:00,Café,2979
2010-02-14 15:00:00,0000-00-00 00:00:00,Café,2979
2010-02-17 20:00:00,0000-00-00 00:00:00,Theaterzaal,2929
2010-02-18 20:00:00,2010-02-18 21:00:00,Theaterzaal,2927
2010-02-18 20:00:00,0000-00-00 00:00:00,Balzaal,2951
2010-02-18 22:00:00,2010-02-18 05:00:00,Concertzaal,3003
2010-02-19 20:00:00,2010-02-19 21:00:00,Theaterzaal,2927
2010-02-19 22:00:00,0000-00-00 00:00:00,Concertzaal,3023
2010-02-20 20:00:00,2010-02-20 21:00:00,Theaterzaal,2927
2010-02-20 22:00:00,2010-02-20 05:00:00,Balzaal,3001
2010-02-21 20:00:00,0000-00-00 00:00:00,Concertzaal,2955
2010-02-21 20:00:00,0000-00-00 00:00:00,Balzaal,2961
2010-02-23 20:00:00,2010-02-23 21:30:00,Domzaal,2913
2010-02-23 20:00:00,0000-00-00 00:00:00,Balzaal,2935
2010-02-23 22:00:00,2010-02-23 05:00:00,Concertzaal,3005
2010-02-24 22:00:00,2010-02-24 05:00:00,Concertzaal,3007
2010-02-25 20:00:00,0000-00-00 00:00:00,Theaterzaal,2925
2010-02-25 20:00:00,0000-00-00 00:00:00,Balzaal,2963
2010-02-25 22:00:00,2010-02-25 05:00:00,Concertzaal,3009
2010-02-26 20:00:00,0000-00-00 00:00:00,Balzaal,3019
2010-02-26 22:00:00,0000-00-00 00:00:00,Concertzaal,2995
2010-02-26 22:00:00,0000-00-00 00:00:00,Balzaal,3019
2010-02-27 20:30:00,0000-00-00 00:00:00,Concertzaal,2981
2010-02-27 21:00:00,0000-00-00 00:00:00,Balzaal,3011
2010-02-28 20:30:00,0000-00-00 00:00:00,Concertzaal,2981
2010-03-02 20:00:00,0000-00-00 00:00:00,"Academieraadzaal RUG, Volderstraat 9",2699
2010-03-03 20:00:00,0000-00-00 00:00:00,"Academieraadzaal RUG, Volderstraat 9",2685
2010-03-04 10:30:00,2010-03-04 17:00:00,Theaterzaal,2769
2010-03-04 20:00:00,0000-00-00 00:00:00,"Academieraadzaal RUG, Volderstraat 9",2685
2010-03-04 21:30:00,0000-00-00 00:00:00,Domzaal,2695
2010-03-04 22:00:00,0000-00-00 00:00:00,Concertzaal,2809
2010-03-05 20:30:00,0000-00-00 00:00:00,Concertzaal,2707
2010-03-05 21:00:00,0000-00-00 00:00:00,Balzaal,2779
2010-03-05 23:00:00,0000-00-00 00:00:00,Balzaal,2779
2010-03-06 22:00:00,0000-00-00 00:00:00,Balzaal,2779
2010-03-06 23:00:00,2010-03-06 06:00:00,Concertzaal,2753
2010-03-07 16:00:00,0000-00-00 00:00:00,Concertzaal,2743
2010-03-09 22:00:00,0000-00-00 00:00:00,Café,2715
2010-03-10 20:00:00,0000-00-00 00:00:00,Theaterzaal,2787
2010-03-11 14:00:00,2010-03-11 22:00:00,Diverse Zalen,2759
2010-03-11 20:00:00,0000-00-00 00:00:00,Balzaal,2703
2010-03-11 22:00:00,0000-00-00 00:00:00,Concertzaal,2807
2010-03-12 14:00:00,2010-03-12 22:00:00,Diverse Zalen,2759
2010-03-12 20:00:00,2010-03-12 21:00:00,"Academieraadzaal RUG, Volderstraat 9",2683
2010-03-12 21:00:00,0000-00-00 00:00:00,Concertzaal,2751
2010-03-12 22:00:00,0000-00-00 00:00:00,Balzaal,2843
2010-03-13 14:00:00,2010-03-13 22:00:00,Diverse Zalen,2759
2010-03-13 20:00:00,2010-03-13 21:00:00,"Academieraadzaal RUG, Volderstraat 9",2683
2010-03-13 22:00:00,0000-00-00 00:00:00,Balzaal,2785
2010-03-14 16:00:00,2010-03-14 22:00:00,Diverse Zalen,2759
2010-03-14 20:00:00,0000-00-00 00:00:00,Balzaal,2713
2010-03-15 14:00:00,2010-03-15 22:00:00,Diverse Zalen,2759
2010-03-16 14:00:00,2010-03-16 18:00:00,Diverse Zalen,2759
2010-03-16 14:00:00,2010-03-16 22:00:00,Diverse Zalen,2759
2010-03-16 20:00:00,0000-00-00 00:00:00,Theaterzaal,2765
2010-03-17 14:00:00,2010-03-17 22:00:00,Diverse Zalen,2759
2010-03-17 14:00:00,2010-03-17 18:00:00,Diverse Zalen,2759
2010-03-17 20:00:00,0000-00-00 00:00:00,Balzaal,2687
2010-03-18 14:00:00,2010-03-18 22:00:00,Diverse Zalen,2759
2010-03-18 20:00:00,2010-03-18 22:30:00,Theaterzaal,2649
2010-03-18 20:00:00,0000-00-00 00:00:00,"Academieraadzaal RUG, Volderstraat 9",2681
2010-03-18 20:00:00,2010-03-18 23:30:00,Domzaal,2793
2010-03-19 14:00:00,2010-03-19 22:00:00,Diverse Zalen,2759
2010-03-19 20:00:00,0000-00-00 00:00:00,Theaterzaal,2679
2010-03-19 20:00:00,0000-00-00 00:00:00,"Academieraadzaal RUG, Volderstraat 9",2681
2010-03-19 20:00:00,0000-00-00 00:00:00,Domzaal,2795
2010-03-19 23:00:00,0000-00-00 00:00:00,Concertzaal,2723
2010-03-20 14:00:00,2010-03-20 20:00:00,Diverse Zalen,2745
2010-03-20 14:00:00,2010-03-20 20:00:00,Diverse Zalen,2759
2010-03-20 23:00:00,0000-00-00 00:00:00,Concertzaal,2781
2010-03-20 23:00:00,0000-00-00 00:00:00,Concertzaal,2791
2010-03-21 13:30:00,2010-03-21 15:00:00,Café,2709
2010-03-21 14:00:00,2010-03-21 15:00:00,Café,2709
2010-03-21 15:00:00,0000-00-00 00:00:00,Café,2709
2010-03-21 16:00:00,2010-03-21 20:00:00,Diverse Zalen,2759
2010-03-21 20:30:00,0000-00-00 00:00:00,Concertzaal,2773
2010-03-22 16:00:00,2010-03-22 19:00:00,"De Bijloke, Jozef Kluyskensstraat 2",2735
2010-03-22 20:00:00,0000-00-00 00:00:00,Op Locatie,2737
2010-03-23 20:00:00,0000-00-00 00:00:00,"Miry Concertzaal, Biezekapelstraat 9",2739
2010-03-23 20:00:00,0000-00-00 00:00:00,Theaterzaal,2767
2010-03-24 09:30:00,2010-03-24 12:00:00,Theaterzaal,2749
2010-03-24 15:00:00,2010-03-24 17:00:00,Theaterzaal,2749
2010-03-24 20:00:00,0000-00-00 00:00:00,Balzaal,2711
2010-03-24 20:00:00,2010-03-24 22:00:00,Theaterzaal,2749
2010-03-25 18:30:00,0000-00-00 00:00:00,Diverse Zalen,2725
2010-03-25 22:30:00,0000-00-00 00:00:00,"Academieraadzaal RUG, Volderstraat 9",2845
2010-03-26 14:00:00,0000-00-00 00:00:00,"De Bijloke, Jozef Kluyskensstraat 2",2741
2010-03-26 20:00:00,0000-00-00 00:00:00,Diverse Zalen,2729
2010-03-26 20:30:00,0000-00-00 00:00:00,"NTGent, Sint-Baafsplein 17",2677
2010-03-26 22:30:00,0000-00-00 00:00:00,Concertzaal,2847
2010-03-27 20:00:00,0000-00-00 00:00:00,"De Bijloke, Jozef Kluyskensstraat 2",2731
2010-03-27 22:00:00,0000-00-00 00:00:00,"Academieraadzaal RUG, Volderstraat 9",2851
2010-03-27 22:30:00,0000-00-00 00:00:00,Balzaal,2797
2010-03-28 20:00:00,0000-00-00 00:00:00,"De Bijloke, Jozef Kluyskensstraat 2",2733
2010-03-29 20:00:00,0000-00-00 00:00:00,Theaterzaal,2721
2010-03-30 20:00:00,0000-00-00 00:00:00,Balzaal,2651
2010-03-30 20:00:00,0000-00-00 00:00:00,Concertzaal,2813
2010-03-31 19:00:00,0000-00-00 00:00:00,Balzaal,2719
2010-03-31 20:00:00,0000-00-00 00:00:00,Minard,2673
2010-03-31 20:00:00,0000-00-00 00:00:00,Theaterzaal,2721
2010-03-31 20:00:00,0000-00-00 00:00:00,Domzaal,2775
2010-03-31 22:00:00,0000-00-00 00:00:00,"Academieraadzaal RUG, Volderstraat 9",2815
2010-04-01 20:00:00,0000-00-00 00:00:00,Minard,2673
2010-04-01 20:00:00,0000-00-00 00:00:00,Theaterzaal,2721
2010-04-01 20:00:00,0000-00-00 00:00:00,Balzaal,2853
2010-04-01 22:00:00,0000-00-00 00:00:00,Café,2705
2010-04-02 20:00:00,0000-00-00 00:00:00,Minard,2673
2010-04-02 20:00:00,0000-00-00 00:00:00,Theaterzaal,2721
2010-04-02 21:00:00,0000-00-00 00:00:00,Balzaal,2855
2010-04-02 22:00:00,0000-00-00 00:00:00,Balzaal,2857
2010-04-03 10:00:00,2010-04-03 18:00:00,"S.M.A.K., Jan Hoetplein 1",2837
2010-04-03 20:00:00,0000-00-00 00:00:00,Minard,2673
2010-04-03 20:00:00,0000-00-00 00:00:00,Balzaal & Domzaal,2747
2010-04-03 23:00:00,0000-00-00 00:00:00,Concertzaal,2783
2010-04-04 10:00:00,2010-04-04 18:00:00,"S.M.A.K., Jan Hoetplein 1",2837
2010-04-04 20:00:00,0000-00-00 00:00:00,Balzaal,2859
2010-04-05 10:00:00,2010-04-05 18:00:00,"S.M.A.K., Jan Hoetplein 1",2837
2010-04-06 10:00:00,2010-04-06 18:00:00,"S.M.A.K., Jan Hoetplein 1",2837
2010-04-06 20:30:00,0000-00-00 00:00:00,Concertzaal,2727
2010-04-07 10:00:00,2010-04-07 18:00:00,"S.M.A.K., Jan Hoetplein 1",2837
2010-04-07 20:00:00,0000-00-00 00:00:00,Balzaal,2861
2010-04-08 10:00:00,2010-04-08 18:00:00,"S.M.A.K., Jan Hoetplein 1",2837
2010-04-09 10:00:00,2010-04-09 18:00:00,"S.M.A.K., Jan Hoetplein 1",2837
2010-04-09 20:00:00,0000-00-00 00:00:00,Balzaal,2863
2010-04-10 10:00:00,2010-04-10 18:00:00,"S.M.A.K., Jan Hoetplein 1",2837
2010-04-10 23:00:00,0000-00-00 00:00:00,Concertzaal,2865
2010-04-11 10:00:00,2010-04-11 18:00:00,"S.M.A.K., Jan Hoetplein 1",2837
2010-04-11 20:00:00,0000-00-00 00:00:00,Theaterzaal,2647
2010-04-12 20:00:00,0000-00-00 00:00:00,Theaterzaal,2693
2010-04-13 10:00:00,2010-04-13 18:00:00,"S.M.A.K., Jan Hoetplein 1",2837
2010-04-14 10:00:00,2010-04-14 18:00:00,"S.M.A.K., Jan Hoetplein 1",2837
2010-04-15 10:00:00,2010-04-15 18:00:00,"S.M.A.K., Jan Hoetplein 1",2837
2010-04-15 14:00:00,2010-04-15 14:30:00,Minard,2657
2010-04-15 14:30:00,2010-04-15 15:00:00,Minard,2657
2010-04-15 15:00:00,2010-04-15 15:30:00,Minard,2657
2010-04-15 15:30:00,2010-04-15 16:00:00,Minard,2657
2010-04-15 16:00:00,2010-04-15 16:30:00,Minard,2657
2010-04-15 16:30:00,2010-04-15 17:00:00,Minard,2657
2010-04-15 20:00:00,2010-04-15 20:30:00,Minard,2657
2010-04-15 20:30:00,2010-04-15 21:00:00,Minard,2657
2010-04-15 20:30:00,0000-00-00 00:00:00,"NTGent, Sint-Baafsplein 17",2675
2010-04-15 20:30:00,0000-00-00 00:00:00,Concertzaal,2771
2010-04-15 21:00:00,2010-04-15 21:30:00,Minard,2657
2010-04-15 21:30:00,2010-04-15 22:00:00,Minard,2657
2010-04-15 22:00:00,2010-04-15 22:30:00,Minard,2657
2010-04-15 22:30:00,2010-04-15 23:00:00,Minard,2657
2010-04-16 10:00:00,2010-04-16 18:00:00,"S.M.A.K., Jan Hoetplein 1",2837
2010-04-16 14:00:00,2010-04-16 14:30:00,Minard,2657
2010-04-16 14:30:00,2010-04-16 15:00:00,Minard,2657
2010-04-16 15:00:00,2010-04-16 15:30:00,Minard,2657
2010-04-16 15:30:00,2010-04-16 16:00:00,Minard,2657
2010-04-16 16:00:00,2010-04-16 16:30:00,Minard,2657
2010-04-16 16:30:00,2010-04-16 17:00:00,Minard,2657
2010-04-16 20:00:00,2010-04-16 20:30:00,Minard,2657
2010-04-16 20:00:00,0000-00-00 00:00:00,Balzaal,2763
2010-04-16 20:30:00,2010-04-16 21:00:00,Minard,2657
2010-04-16 20:30:00,0000-00-00 00:00:00,"NTGent, Sint-Baafsplein 17",2675
2010-04-16 21:00:00,2010-04-16 21:30:00,Minard,2657
2010-04-16 21:00:00,0000-00-00 00:00:00,Concertzaal,2831
2010-04-16 21:30:00,2010-04-16 22:00:00,Minard,2657
2010-04-16 22:00:00,2010-04-16 22:30:00,Minard,2657
2010-04-16 22:30:00,2010-04-16 23:00:00,Minard,2657
2010-04-17 10:00:00,2010-04-17 18:00:00,"S.M.A.K., Jan Hoetplein 1",2837
2010-04-17 14:00:00,2010-04-17 14:30:00,Minard,2657
2010-04-17 14:30:00,2010-04-17 15:00:00,Minard,2657
2010-04-17 15:00:00,2010-04-17 15:30:00,Minard,2657
2010-04-17 15:30:00,2010-04-17 16:00:00,Minard,2657
2010-04-17 16:00:00,2010-04-17 16:30:00,Minard,2657
2010-04-17 16:30:00,2010-04-17 17:00:00,Minard,2657
2010-04-17 20:00:00,2010-04-17 20:30:00,Minard,2657
2010-04-17 20:30:00,2010-04-17 21:00:00,Minard,2657
2010-04-17 20:30:00,0000-00-00 00:00:00,"NTGent, Sint-Baafsplein 17",2675
2010-04-17 21:00:00,2010-04-17 21:30:00,Minard,2657
2010-04-17 21:30:00,2010-04-17 22:00:00,Minard,2657
2010-04-17 22:00:00,2010-04-17 22:30:00,Minard,2657
2010-04-17 22:30:00,2010-04-17 23:00:00,Minard,2657
2010-04-17 23:00:00,0000-00-00 00:00:00,"Academieraadzaal RUG, Volderstraat 9",2877
2010-04-17 23:00:00,0000-00-00 00:00:00,Concertzaal,2883
2010-04-18 10:00:00,2010-04-18 18:00:00,"S.M.A.K., Jan Hoetplein 1",2837
2010-04-18 14:00:00,2010-04-18 14:30:00,Minard,2657
2010-04-18 14:30:00,2010-04-18 15:00:00,Minard,2657
2010-04-18 15:00:00,2010-04-18 15:30:00,Minard,2657
2010-04-18 15:30:00,2010-04-18 16:00:00,Minard,2657
2010-04-18 16:00:00,2010-04-18 16:30:00,Minard,2657
2010-04-18 16:30:00,2010-04-18 17:00:00,Minard,2657
2010-04-18 20:00:00,2010-04-18 20:30:00,Minard,2657
2010-04-18 20:00:00,0000-00-00 00:00:00,Theaterzaal,2801
2010-04-18 20:30:00,2010-04-18 21:00:00,Minard,2657
2010-04-18 21:00:00,2010-04-18 21:30:00,Minard,2657
2010-04-18 21:30:00,2010-04-18 22:00:00,Minard,2657
2010-04-18 22:00:00,2010-04-18 22:30:00,Minard,2657
2010-04-18 22:30:00,2010-04-18 23:00:00,Minard,2657
2010-04-20 10:00:00,2010-04-20 18:00:00,"S.M.A.K., Jan Hoetplein 1",2837
2010-04-20 20:00:00,0000-00-00 00:00:00,"Academieraadzaal RUG, Volderstraat 9",2671
2010-04-20 20:00:00,0000-00-00 00:00:00,Balzaal,2689
2010-04-20 20:00:00,0000-00-00 00:00:00,"Academieraadzaal RUG, Volderstraat 9",2701
2010-04-20 21:30:00,0000-00-00 00:00:00,Domzaal,2697
2010-04-21 10:00:00,2010-04-21 18:00:00,"S.M.A.K., Jan Hoetplein 1",2837
2010-04-21 20:00:00,0000-00-00 00:00:00,"Academieraadzaal RUG, Volderstraat 9",2671
2010-04-22 10:00:00,2010-04-22 18:00:00,"S.M.A.K., Jan Hoetplein 1",2837
2010-04-22 20:00:00,0000-00-00 00:00:00,Theaterzaal,2819
2010-04-22 22:00:00,0000-00-00 00:00:00,Café,2717
2010-04-22 22:00:00,0000-00-00 00:00:00,Concertzaal,2879
2010-04-23 10:00:00,2010-04-23 18:00:00,"S.M.A.K., Jan Hoetplein 1",2837
2010-04-23 20:00:00,0000-00-00 00:00:00,Theaterzaal,2669
2010-04-24 10:00:00,2010-04-24 18:00:00,"S.M.A.K., Jan Hoetplein 1",2837
2010-04-24 20:00:00,0000-00-00 00:00:00,Theaterzaal,2653
2010-04-24 22:00:00,0000-00-00 00:00:00,Balzaal,2881
2010-04-24 23:00:00,0000-00-00 00:00:00,Concertzaal,2885
2010-04-25 10:00:00,2010-04-25 18:00:00,"S.M.A.K., Jan Hoetplein 1",2837
2010-04-25 11:00:00,0000-00-00 00:00:00,"S.M.A.K., Jan Hoetplein 1",2849
2010-04-26 20:30:00,0000-00-00 00:00:00,Concertzaal,2799
2010-04-27 09:00:00,2010-04-27 17:00:00,Diverse Zalen,2803
2010-04-27 10:00:00,2010-04-27 18:00:00,"S.M.A.K., Jan Hoetplein 1",2837
2010-04-27 20:30:00,0000-00-00 00:00:00,Concertzaal,2761
2010-04-28 10:00:00,2010-04-28 18:00:00,"S.M.A.K., Jan Hoetplein 1",2837
2010-04-28 20:00:00,0000-00-00 00:00:00,Minard,2667
2010-04-28 20:00:00,0000-00-00 00:00:00,Balzaal,2755
2010-04-28 20:00:00,0000-00-00 00:00:00,Theaterzaal,2867
2010-04-29 10:00:00,2010-04-29 18:00:00,"S.M.A.K., Jan Hoetplein 1",2837
2010-04-29 20:00:00,0000-00-00 00:00:00,Minard,2667
2010-04-29 20:00:00,0000-00-00 00:00:00,Domzaal,2817
2010-04-30 10:00:00,2010-04-30 18:00:00,"S.M.A.K., Jan Hoetplein 1",2837
2010-04-30 20:00:00,0000-00-00 00:00:00,Diverse Zalen,2869
2010-04-30 20:00:00,0000-00-00 00:00:00,Diverse Zalen,2869
2010-04-30 21:30:00,2010-04-30 23:00:00,Diverse Zalen,2869
2010-05-01 10:00:00,2010-05-01 18:00:00,"S.M.A.K., Jan Hoetplein 1",2837
2010-05-02 10:00:00,2010-05-02 18:00:00,"S.M.A.K., Jan Hoetplein 1",2837
2010-05-02 14:00:00,2010-05-02 02:00:00,Diverse Zalen,2821
2010-05-04 10:00:00,2010-05-04 18:00:00,"S.M.A.K., Jan Hoetplein 1",2837
2010-05-04 20:00:00,0000-00-00 00:00:00,Balzaal,2893
2010-05-05 10:00:00,2010-05-05 18:00:00,"S.M.A.K., Jan Hoetplein 1",2837
2010-05-05 20:00:00,0000-00-00 00:00:00,Balzaal,2823
2010-05-06 10:00:00,2010-05-06 18:00:00,"S.M.A.K., Jan Hoetplein 1",2837
2010-05-06 20:00:00,0000-00-00 00:00:00,"De Bijloke, Jozef Kluyskensstraat 2",2655
2010-05-06 20:00:00,0000-00-00 00:00:00,Theaterzaal,2665
2010-05-07 10:00:00,2010-05-07 18:00:00,"S.M.A.K., Jan Hoetplein 1",2837
2010-05-07 20:00:00,0000-00-00 00:00:00,Theaterzaal,2665
2010-05-07 21:30:00,0000-00-00 00:00:00,Balzaal,2889
2010-05-07 23:30:00,0000-00-00 00:00:00,Balzaal,2891
2010-05-08 10:00:00,2010-05-08 18:00:00,"S.M.A.K., Jan Hoetplein 1",2837
2010-05-08 20:00:00,0000-00-00 00:00:00,Theaterzaal,2805
2010-05-08 23:00:00,0000-00-00 00:00:00,Balzaal,2901
2010-05-09 10:00:00,2010-05-09 18:00:00,"S.M.A.K., Jan Hoetplein 1",2837
2010-05-09 16:00:00,2010-05-09 20:00:00,Op Locatie,2839
2010-05-09 20:00:00,0000-00-00 00:00:00,Theaterzaal,2805
2010-05-10 20:00:00,0000-00-00 00:00:00,Theaterzaal,2663
2010-05-11 10:00:00,2010-05-11 18:00:00,"S.M.A.K., Jan Hoetplein 1",2837
2010-05-11 20:00:00,0000-00-00 00:00:00,Theaterzaal,2663
2010-05-11 20:00:00,0000-00-00 00:00:00,Balzaal,2825
2010-05-12 10:00:00,2010-05-12 18:00:00,"S.M.A.K., Jan Hoetplein 1",2837
2010-05-12 20:00:00,0000-00-00 00:00:00,Theaterzaal,2805
2010-05-12 22:00:00,0000-00-00 00:00:00,Café,2873
2010-05-13 10:00:00,2010-05-13 18:00:00,"S.M.A.K., Jan Hoetplein 1",2837
2010-05-14 10:00:00,2010-05-14 18:00:00,"S.M.A.K., Jan Hoetplein 1",2837
2010-05-14 20:00:00,0000-00-00 00:00:00,Theaterzaal,2661
2010-05-15 10:00:00,2010-05-15 18:00:00,"S.M.A.K., Jan Hoetplein 1",2837
2010-05-15 20:00:00,0000-00-00 00:00:00,Theaterzaal,2661
2010-05-15 23:00:00,0000-00-00 00:00:00,"Academieraadzaal RUG, Volderstraat 9",2903
2010-05-16 10:00:00,2010-05-16 18:00:00,"S.M.A.K., Jan Hoetplein 1",2837
2010-05-17 15:00:00,2010-05-17 18:30:00,Balzaal,2895
2010-05-17 20:00:00,0000-00-00 00:00:00,Balzaal,2895
2010-05-18 10:00:00,2010-05-18 18:00:00,"S.M.A.K., Jan Hoetplein 1",2837
2010-05-18 20:00:00,0000-00-00 00:00:00,Balzaal,2897
2010-05-19 10:00:00,2010-05-19 18:00:00,"S.M.A.K., Jan Hoetplein 1",2837
2010-05-19 20:30:00,0000-00-00 00:00:00,Domzaal,2841
2010-05-20 10:00:00,2010-05-20 18:00:00,"S.M.A.K., Jan Hoetplein 1",2837
2010-05-21 10:00:00,2010-05-21 18:00:00,"S.M.A.K., Jan Hoetplein 1",2837
2010-05-21 22:00:00,0000-00-00 00:00:00,Domzaal,2899
2010-05-22 10:00:00,2010-05-22 18:00:00,"S.M.A.K., Jan Hoetplein 1",2837
2010-05-23 10:00:00,2010-05-23 18:00:00,"S.M.A.K., Jan Hoetplein 1",2837
2010-05-23 20:30:00,0000-00-00 00:00:00,Balzaal,2833
2010-05-23 23:00:00,0000-00-00 00:00:00,Balzaal,2871
2010-05-24 10:00:00,2010-05-24 18:00:00,"S.M.A.K., Jan Hoetplein 1",2837
2010-05-25 10:00:00,2010-05-25 18:00:00,"S.M.A.K., Jan Hoetplein 1",2837
2010-05-25 20:00:00,0000-00-00 00:00:00,Theaterzaal,2691
2010-05-25 20:00:00,0000-00-00 00:00:00,Balzaal,2827
2010-05-26 10:00:00,2010-05-26 18:00:00,"S.M.A.K., Jan Hoetplein 1",2837
2010-05-27 10:00:00,2010-05-27 18:00:00,"S.M.A.K., Jan Hoetplein 1",2837
2010-05-27 20:00:00,0000-00-00 00:00:00,Op Locatie,2659
2010-05-27 20:00:00,0000-00-00 00:00:00,Balzaal,2789
2010-05-27 20:00:00,2010-05-27 00:00:00,Concertzaal,2829
2010-05-27 22:00:00,0000-00-00 00:00:00,Café,2811
2010-05-28 10:00:00,2010-05-28 18:00:00,"S.M.A.K., Jan Hoetplein 1",2837
2010-05-28 20:00:00,0000-00-00 00:00:00,Op Locatie,2659
2010-05-28 20:00:00,0000-00-00 00:00:00,Balzaal,2875
2010-05-29 10:00:00,2010-05-29 18:00:00,"S.M.A.K., Jan Hoetplein 1",2837
2010-05-29 16:30:00,0000-00-00 00:00:00,Concertzaal,2777
2010-05-29 20:00:00,0000-00-00 00:00:00,Op Locatie,2659
2010-05-29 20:30:00,0000-00-00 00:00:00,Concertzaal,2777
2010-05-29 20:30:00,0000-00-00 00:00:00,Balzaal,2887
2010-05-30 10:00:00,2010-05-30 18:00:00,"S.M.A.K., Jan Hoetplein 1",2837
2010-05-30 11:00:00,0000-00-00 00:00:00,"S.M.A.K., Jan Hoetplein 1",2849
2010-05-30 15:00:00,0000-00-00 00:00:00,Op Locatie,2659
2010-05-30 20:00:00,0000-00-00 00:00:00,Balzaal,2835
2010-05-31 20:30:00,0000-00-00 00:00:00,Concertzaal,2757
2010-06-01 10:00:00,2010-05-01 18:00:00,"S.M.A.K., Jan Hoetplein 1",2837
2010-06-01 20:00:00,0000-00-00 00:00:00,Foyer Theaterzaal ,2563
2010-06-02 10:00:00,2010-05-02 18:00:00,"S.M.A.K., Jan Hoetplein 1",2837
2010-06-02 12:00:00,0000-00-00 00:00:00,Op Locatie,2567
2010-06-03 10:00:00,2010-05-03 18:00:00,"S.M.A.K., Jan Hoetplein 1",2837
2010-06-03 19:00:00,0000-00-00 00:00:00,Op Locatie,2593
2010-06-03 20:00:00,0000-00-00 00:00:00,Theaterzaal,2561
2010-06-04 10:00:00,2010-05-04 18:00:00,"S.M.A.K., Jan Hoetplein 1",2837
2010-06-04 12:00:00,2010-06-04 18:00:00,Op Locatie,2593
2010-06-05 10:00:00,2010-05-05 18:00:00,"S.M.A.K., Jan Hoetplein 1",2837
2010-06-05 12:00:00,2010-06-05 18:00:00,Op Locatie,2593
2010-06-05 22:30:00,0000-00-00 00:00:00,Balzaal,2575
2010-06-05 23:00:00,0000-00-00 00:00:00,Concertzaal,2573
2010-06-06 10:00:00,2010-05-06 18:00:00,"S.M.A.K., Jan Hoetplein 1",2837
2010-06-06 11:00:00,0000-00-00 00:00:00,"S.M.A.K., Jan Hoetplein 1",2849
2010-06-06 12:00:00,2010-06-06 18:00:00,Op Locatie,2593
2010-06-07 09:00:00,0000-00-00 00:00:00,Diverse Zalen,2603
2010-06-08 10:00:00,2010-05-08 18:00:00,"S.M.A.K., Jan Hoetplein 1",2837
2010-06-09 10:00:00,2010-05-09 18:00:00,"S.M.A.K., Jan Hoetplein 1",2837
2010-06-10 10:00:00,2010-05-10 18:00:00,"S.M.A.K., Jan Hoetplein 1",2837
2010-06-10 12:00:00,2010-06-10 18:00:00,Op Locatie,2593
2010-06-10 20:00:00,0000-00-00 00:00:00,Theaterzaal,2565
2010-06-11 10:00:00,2010-05-11 18:00:00,"S.M.A.K., Jan Hoetplein 1",2837
2010-06-11 12:00:00,2010-06-11 18:00:00,Op Locatie,2593
2010-06-12 10:00:00,2010-05-12 18:00:00,"S.M.A.K., Jan Hoetplein 1",2837
2010-06-12 12:00:00,2010-06-12 18:00:00,Op Locatie,2593
2010-06-13 10:00:00,2010-05-13 18:00:00,"S.M.A.K., Jan Hoetplein 1",2837
2010-06-13 12:00:00,2010-06-13 18:00:00,Op Locatie,2593
2010-06-13 16:00:00,0000-00-00 00:00:00,Café,2601
2010-06-14 22:00:00,0000-00-00 00:00:00,Café,2615
2010-06-15 22:00:00,0000-00-00 00:00:00,Café,2617
2010-06-16 20:00:00,0000-00-00 00:00:00,Balzaal,2599
2010-06-17 12:00:00,2010-06-17 18:00:00,Op Locatie,2593
2010-06-17 18:00:00,0000-00-00 00:00:00,Op Locatie,2631
2010-06-18 09:30:00,2010-06-18 18:00:00,Op Locatie,2631
2010-06-18 12:00:00,2010-06-18 18:00:00,Op Locatie,2593
2010-06-18 20:00:00,0000-00-00 00:00:00,Balzaal,2585
2010-06-19 12:00:00,2010-06-19 18:00:00,Op Locatie,2593
2010-06-19 12:30:00,2010-06-19 18:00:00,Op Locatie,2631
2010-06-19 19:00:00,2010-06-19 21:00:00,Op Locatie,2631
2010-06-19 20:00:00,0000-00-00 00:00:00,Theaterzaal,2587
2010-06-19 23:00:00,0000-00-00 00:00:00,Balzaal,2577
2010-06-20 12:00:00,2010-06-20 18:00:00,Op Locatie,2593
2010-06-20 15:00:00,2010-06-20 17:00:00,Op Locatie,2631
2010-06-20 22:00:00,0000-00-00 00:00:00,Café,2619
2010-06-21 14:00:00,2010-06-21 19:00:00,Op Locatie,2631
2010-06-21 22:00:00,0000-00-00 00:00:00,Café,2621
2010-06-22 12:30:00,2010-06-22 18:00:00,Op Locatie,2631
2010-06-22 19:00:00,2010-06-22 22:00:00,Op Locatie,2631
2010-06-22 22:00:00,0000-00-00 00:00:00,Café,2623
2010-06-23 14:00:00,2010-06-23 19:00:00,Op Locatie,2631
2010-06-23 20:30:00,0000-00-00 00:00:00,Concertzaal,2589
2010-06-24 12:00:00,2010-06-24 18:00:00,Op Locatie,2593
2010-06-24 14:00:00,2010-06-24 19:00:00,Op Locatie,2631
2010-06-24 19:00:00,2010-06-24 21:00:00,Op Locatie,2631
2010-06-24 20:00:00,0000-00-00 00:00:00,Theaterzaal,2569
2010-06-24 22:00:00,0000-00-00 00:00:00,Concertzaal,2579
2010-06-25 09:00:00,2010-06-25 18:00:00,Op Locatie,2631
2010-06-25 10:30:00,2010-06-25 17:30:00,Balzaal,2605
2010-06-25 12:00:00,2010-06-25 18:00:00,Op Locatie,2593
2010-06-25 20:00:00,0000-00-00 00:00:00,Domzaal,2571
2010-06-25 21:00:00,0000-00-00 00:00:00,Concertzaal,2581
2010-06-26 12:00:00,2010-06-26 18:00:00,Op Locatie,2593
2010-06-26 16:00:00,0000-00-00 00:00:00,Op Locatie,2631
2010-06-26 20:00:00,0000-00-00 00:00:00,Domzaal,2571
2010-06-26 23:00:00,0000-00-00 00:00:00,Concertzaal,2583
2010-06-27 12:00:00,2010-06-27 18:00:00,Op Locatie,2593
2010-06-27 22:00:00,0000-00-00 00:00:00,Café,2625
2010-06-28 22:00:00,0000-00-00 00:00:00,Café,2627
2010-06-29 22:00:00,0000-00-00 00:00:00,Café,2629
2010-07-03 19:30:00,0000-00-00 00:00:00,Op Locatie,2645
2010-07-05 09:00:00,0000-00-00 00:00:00,"Academieraadzaal RUG, Volderstraat 9",2611
2010-07-06 09:00:00,0000-00-00 00:00:00,"Academieraadzaal RUG, Volderstraat 9",2611
2010-07-07 09:00:00,0000-00-00 00:00:00,"Academieraadzaal RUG, Volderstraat 9",2611
2010-07-07 12:00:00,0000-00-00 00:00:00,Diverse Zalen,2613
2010-07-08 09:30:00,0000-00-00 00:00:00,Diverse Zalen,2613
2010-07-09 09:30:00,0000-00-00 00:00:00,Diverse Zalen,2613
2010-07-10 09:30:00,0000-00-00 00:00:00,Diverse Zalen,2613
2010-07-16 20:30:00,2010-07-16 21:40:00,Domzaal,2609
2010-07-16 23:00:00,0000-00-00 00:00:00,Concertzaal,2591
2010-07-17 20:00:00,0000-00-00 00:00:00,Café,2607
2010-07-17 20:30:00,2010-07-17 21:40:00,Domzaal,2609
2010-07-17 22:30:00,0000-00-00 00:00:00,Café,2607
2010-07-17 23:00:00,0000-00-00 00:00:00,Concertzaal,2591
2010-07-18 20:00:00,0000-00-00 00:00:00,Café,2607
2010-07-18 20:30:00,2010-07-18 21:40:00,Domzaal,2609
2010-07-18 22:30:00,0000-00-00 00:00:00,Café,2607
2010-07-18 23:00:00,0000-00-00 00:00:00,Concertzaal,2591
2010-07-19 20:00:00,0000-00-00 00:00:00,Café,2607
2010-07-19 20:30:00,2010-07-19 21:40:00,Domzaal,2609
2010-07-19 22:30:00,0000-00-00 00:00:00,Café,2607
2010-07-19 23:00:00,0000-00-00 00:00:00,Concertzaal,2591
2010-07-20 20:00:00,2010-07-20 22:00:00,Domzaal,2597
2010-07-20 20:00:00,0000-00-00 00:00:00,Café,2607
2010-07-20 22:30:00,0000-00-00 00:00:00,Café,2607
2010-07-20 23:00:00,0000-00-00 00:00:00,Concertzaal,2591
2010-07-21 15:00:00,2010-07-21 16:15:00,Domzaal,2595
2010-07-21 20:00:00,2010-07-21 22:00:00,Domzaal,2597
2010-07-21 20:00:00,0000-00-00 00:00:00,Café,2607
2010-07-21 22:30:00,0000-00-00 00:00:00,Café,2607
2010-07-22 15:00:00,2010-07-22 16:15:00,Domzaal,2595
2010-07-22 20:00:00,0000-00-00 00:00:00,Café,2607
2010-07-22 22:30:00,0000-00-00 00:00:00,Café,2607
2010-07-22 23:00:00,0000-00-00 00:00:00,Concertzaal,2591
2010-07-23 15:00:00,2010-07-23 16:15:00,Domzaal,2595
2010-07-23 20:00:00,0000-00-00 00:00:00,Café,2607
2010-07-23 22:30:00,0000-00-00 00:00:00,Café,2607
2010-07-23 23:00:00,0000-00-00 00:00:00,Concertzaal,2591
2010-07-24 15:00:00,2010-07-24 16:15:00,Domzaal,2595
2010-07-24 20:00:00,0000-00-00 00:00:00,Café,2607
2010-07-24 22:30:00,0000-00-00 00:00:00,Café,2607
2010-07-24 23:00:00,0000-00-00 00:00:00,Concertzaal,2591
2010-07-25 15:00:00,2010-07-25 16:15:00,Domzaal,2595
2010-07-25 20:00:00,0000-00-00 00:00:00,Café,2607
2010-07-25 22:30:00,0000-00-00 00:00:00,Café,2607
2010-07-25 23:00:00,0000-00-00 00:00:00,Concertzaal,2591
2010-07-26 20:00:00,0000-00-00 00:00:00,Café,2607
2010-07-26 22:30:00,0000-00-00 00:00:00,Café,2607
2010-07-26 23:00:00,0000-00-00 00:00:00,Concertzaal,2591
2010-07-31 17:00:00,0000-00-00 00:00:00,Op Locatie,2633
2010-08-01 17:00:00,0000-00-00 00:00:00,Op Locatie,2635
2010-08-02 17:00:00,0000-00-00 00:00:00,Op Locatie,2637
2010-08-04 17:00:00,0000-00-00 00:00:00,Op Locatie,2639
2010-08-05 17:00:00,0000-00-00 00:00:00,Op Locatie,2641
2010-08-06 17:00:00,0000-00-00 00:00:00,Op Locatie,2643
2010-09-04 22:00:00,0000-00-00 00:00:00,Concertzaal,2339
2010-09-07 20:00:00,0000-00-00 00:00:00,Balzaal,2319
2010-09-08 20:30:00,0000-00-00 00:00:00,Concertzaal,2323
2010-09-10 20:30:00,0000-00-00 00:00:00,Concertzaal,2281
2010-09-11 15:00:00,2010-09-11 16:00:00,Op Locatie,2267
2010-09-11 16:00:00,0000-00-00 00:00:00,Op Locatie,2267
2010-09-14 20:00:00,0000-00-00 00:00:00,Theaterzaal,2177
2010-09-14 20:00:00,0000-00-00 00:00:00,Minard,2179
2010-09-15 20:00:00,0000-00-00 00:00:00,Theaterzaal,2177
2010-09-15 20:00:00,0000-00-00 00:00:00,Minard,2179
2010-09-16 20:00:00,0000-00-00 00:00:00,Theaterzaal,2177
2010-09-16 20:00:00,0000-00-00 00:00:00,Minard,2179
2010-09-16 20:00:00,0000-00-00 00:00:00,Domzaal,2273
2010-09-17 20:00:00,0000-00-00 00:00:00,Theaterzaal,2177
2010-09-17 20:00:00,0000-00-00 00:00:00,Minard,2179
2010-09-18 14:00:00,2010-09-18 21:00:00,Theaterzaal,2375
2010-09-18 20:00:00,0000-00-00 00:00:00,Minard,2179
2010-09-18 22:00:00,0000-00-00 00:00:00,Balzaal,2321
2010-09-18 23:00:00,0000-00-00 00:00:00,Concertzaal,2341
2010-09-19 20:30:00,0000-00-00 00:00:00,Concertzaal,2275
2010-09-21 20:00:00,0000-00-00 00:00:00,Theaterzaal,2177
2010-09-21 22:00:00,0000-00-00 00:00:00,Concertzaal,2271
2010-09-22 20:00:00,0000-00-00 00:00:00,Theaterzaal,2177
2010-09-23 20:00:00,0000-00-00 00:00:00,Theaterzaal,2177
2010-09-23 22:00:00,0000-00-00 00:00:00,Café,2293
2010-09-24 20:00:00,0000-00-00 00:00:00,Theaterzaal,2177
2010-09-24 20:00:00,0000-00-00 00:00:00,Balzaal,2307
2010-09-24 23:00:00,0000-00-00 00:00:00,Concertzaal,2377
2010-09-25 20:00:00,0000-00-00 00:00:00,Theaterzaal,2181
2010-09-26 17:00:00,2010-09-26 23:00:00,Foyer Theaterzaal ,2335
2010-09-28 20:00:00,0000-00-00 00:00:00,Balzaal,2171
2010-09-28 20:00:00,0000-00-00 00:00:00,Domzaal,2287
2010-09-29 18:00:00,0000-00-00 00:00:00,Diverse Zalen,2337
2010-09-29 19:00:00,0000-00-00 00:00:00,Theaterzaal,2183
2010-09-29 23:00:00,0000-00-00 00:00:00,Diverse Zalen,2337
2010-09-30 19:00:00,0000-00-00 00:00:00,Theaterzaal,2183
2010-09-30 20:00:00,0000-00-00 00:00:00,Balzaal,2185
2010-10-01 19:00:00,0000-00-00 00:00:00,Theaterzaal,2183
2010-10-01 23:00:00,0000-00-00 00:00:00,Concertzaal,2277
2010-10-02 19:00:00,0000-00-00 00:00:00,Theaterzaal,2183
2010-10-02 20:00:00,0000-00-00 00:00:00,Domzaal,2447
2010-10-02 23:00:00,0000-00-00 00:00:00,Concertzaal,2369
2010-10-02 23:00:00,0000-00-00 00:00:00,Balzaal,2379
2010-10-03 20:30:00,0000-00-00 00:00:00,Balzaal,2349
2010-10-05 20:00:00,0000-00-00 00:00:00,Balzaal,2187
2010-10-05 22:00:00,0000-00-00 00:00:00,Concertzaal,2381
2010-10-06 20:00:00,0000-00-00 00:00:00,Theaterzaal,2189
2010-10-06 20:00:00,0000-00-00 00:00:00,Op Locatie,2351
2010-10-06 22:00:00,0000-00-00 00:00:00,Concertzaal,2383
2010-10-07 20:00:00,0000-00-00 00:00:00,Theaterzaal,2189
2010-10-07 20:00:00,0000-00-00 00:00:00,Balzaal,2311
2010-10-07 22:00:00,0000-00-00 00:00:00,Café,2333
2010-10-07 22:00:00,0000-00-00 00:00:00,Concertzaal,2371
2010-10-08 20:00:00,0000-00-00 00:00:00,Theaterzaal,2189
2010-10-08 21:30:00,0000-00-00 00:00:00,Theaterzaal,2457
2010-10-08 22:00:00,0000-00-00 00:00:00,Concertzaal,2245
2010-10-08 22:00:00,0000-00-00 00:00:00,Balzaal,2385
2010-10-09 20:00:00,0000-00-00 00:00:00,Theaterzaal,2189
2010-10-09 22:00:00,0000-00-00 00:00:00,Concertzaal,2373
2010-10-12 18:00:00,2010-10-12 00:00:00,Diverse Zalen,2353
2010-10-12 20:30:00,0000-00-00 00:00:00,Theaterzaal,2415
2010-10-12 22:00:00,0000-00-00 00:00:00,Concertzaal,2387
2010-10-13 18:00:00,2010-10-13 00:00:00,Diverse Zalen,2353
2010-10-13 19:00:00,0000-00-00 00:00:00,Dansstudio,2191
2010-10-13 19:00:00,0000-00-00 00:00:00,Op Locatie,2193
2010-10-13 20:00:00,0000-00-00 00:00:00,Theaterzaal,2487
2010-10-13 20:00:00,0000-00-00 00:00:00,Domzaal,2489
2010-10-13 21:30:00,0000-00-00 00:00:00,Op Locatie,2423
2010-10-13 22:00:00,0000-00-00 00:00:00,Dansstudio,2191
2010-10-13 22:00:00,0000-00-00 00:00:00,Op Locatie,2193
2010-10-13 22:00:00,0000-00-00 00:00:00,Concertzaal,2389
2010-10-13 22:30:00,0000-00-00 00:00:00,Domzaal,2485
2010-10-14 14:30:00,0000-00-00 00:00:00,Theaterzaal,2475
2010-10-14 17:00:00,0000-00-00 00:00:00,Theaterzaal,2495
2010-10-14 18:00:00,2010-10-14 00:00:00,Diverse Zalen,2353
2010-10-14 19:00:00,0000-00-00 00:00:00,Dansstudio,2191
2010-10-14 19:00:00,0000-00-00 00:00:00,Op Locatie,2193
2010-10-14 19:00:00,0000-00-00 00:00:00,Vooruit,2359
2010-10-14 20:00:00,0000-00-00 00:00:00,Minard,2289
2010-10-14 20:00:00,0000-00-00 00:00:00,Domzaal,2469
2010-10-14 20:00:00,0000-00-00 00:00:00,Theaterzaal,2473
2010-10-14 22:00:00,0000-00-00 00:00:00,Dansstudio,2191
2010-10-14 22:00:00,0000-00-00 00:00:00,Op Locatie,2193
2010-10-14 22:00:00,0000-00-00 00:00:00,Concertzaal,2391
2010-10-14 22:30:00,0000-00-00 00:00:00,Domzaal,2481
2010-10-15 14:00:00,2010-10-15 00:00:00,Diverse Zalen,2353
2010-10-15 14:30:00,0000-00-00 00:00:00,Domzaal,2485
2010-10-15 17:00:00,0000-00-00 00:00:00,Theaterzaal,2415
2010-10-15 19:00:00,0000-00-00 00:00:00,Dansstudio,2191
2010-10-15 19:00:00,0000-00-00 00:00:00,Op Locatie,2193
2010-10-15 19:00:00,0000-00-00 00:00:00,Diverse Zalen,2251
2010-10-15 19:00:00,0000-00-00 00:00:00,Diverse Zalen,2409
2010-10-15 20:00:00,0000-00-00 00:00:00,Minard,2195
2010-10-15 20:00:00,0000-00-00 00:00:00,Theaterzaal,2475
2010-10-15 21:00:00,0000-00-00 00:00:00,Theaterzaal,2463
2010-10-15 22:00:00,0000-00-00 00:00:00,Dansstudio,2191
2010-10-15 22:00:00,0000-00-00 00:00:00,Op Locatie,2193
2010-10-15 22:30:00,0000-00-00 00:00:00,Domzaal,2501
2010-10-16 14:00:00,2010-10-16 00:00:00,Diverse Zalen,2353
2010-10-16 14:30:00,0000-00-00 00:00:00,Domzaal,2491
2010-10-16 14:30:00,0000-00-00 00:00:00,Theaterzaal,2497
2010-10-16 16:00:00,2010-10-16 17:30:00,Vooruit,2359
2010-10-16 17:00:00,0000-00-00 00:00:00,Domzaal,2489
2010-10-16 19:00:00,0000-00-00 00:00:00,Dansstudio,2191
2010-10-16 19:00:00,0000-00-00 00:00:00,Op Locatie,2193
2010-10-16 19:00:00,0000-00-00 00:00:00,Diverse Zalen,2251
2010-10-16 19:00:00,0000-00-00 00:00:00,Diverse Zalen,2409
2010-10-16 20:00:00,0000-00-00 00:00:00,Minard,2195
2010-10-16 20:00:00,0000-00-00 00:00:00,Op Locatie,2355
2010-10-16 20:00:00,0000-00-00 00:00:00,Theaterzaal,2483
2010-10-16 20:00:00,0000-00-00 00:00:00,Theaterzaal,2495
2010-10-16 22:00:00,0000-00-00 00:00:00,Dansstudio,2191
2010-10-16 22:00:00,0000-00-00 00:00:00,Op Locatie,2193
2010-10-16 22:00:00,0000-00-00 00:00:00,Concertzaal,2393
2010-10-16 22:30:00,0000-00-00 00:00:00,Theaterzaal,2473
2010-10-17 13:30:00,0000-00-00 00:00:00,Café,2259
2010-10-17 14:00:00,0000-00-00 00:00:00,Café,2259
2010-10-17 14:00:00,2010-10-17 00:00:00,Diverse Zalen,2353
2010-10-17 14:30:00,0000-00-00 00:00:00,Theaterzaal,2415
2010-10-17 15:00:00,0000-00-00 00:00:00,Café,2259
2010-10-17 16:00:00,2010-10-17 17:30:00,Vooruit,2359
2010-10-17 17:00:00,0000-00-00 00:00:00,Domzaal,2469
2010-10-17 19:00:00,0000-00-00 00:00:00,Op Locatie,2193
2010-10-17 20:00:00,0000-00-00 00:00:00,Theaterzaal,2467
2010-10-17 20:00:00,0000-00-00 00:00:00,Domzaal,2481
2010-10-17 22:00:00,0000-00-00 00:00:00,Op Locatie,2193
2010-10-17 22:00:00,0000-00-00 00:00:00,Concertzaal,2297
2010-10-17 22:30:00,0000-00-00 00:00:00,Theaterzaal,2475
2010-10-18 14:30:00,0000-00-00 00:00:00,Theaterzaal,2467
2010-10-18 17:00:00,0000-00-00 00:00:00,Domzaal,2489
2010-10-18 18:00:00,2010-10-18 00:00:00,Diverse Zalen,2353
2010-10-18 20:00:00,0000-00-00 00:00:00,Theaterzaal,2465
2010-10-18 20:00:00,0000-00-00 00:00:00,Domzaal,2491
2010-10-18 22:30:00,0000-00-00 00:00:00,Theaterzaal,2495
2010-10-19 14:30:00,0000-00-00 00:00:00,Theaterzaal,2473
2010-10-19 17:00:00,0000-00-00 00:00:00,Domzaal,2485
2010-10-19 18:00:00,2010-10-19 00:00:00,Diverse Zalen,2353
2010-10-19 19:00:00,0000-00-00 00:00:00,Op Locatie,2193
2010-10-19 20:00:00,2010-10-19 21:30:00,Vooruit,2359
2010-10-19 20:00:00,0000-00-00 00:00:00,Theaterzaal,2471
2010-10-19 20:00:00,0000-00-00 00:00:00,Domzaal,2479
2010-10-19 22:00:00,0000-00-00 00:00:00,Op Locatie,2193
2010-10-19 22:00:00,0000-00-00 00:00:00,Concertzaal,2397
2010-10-19 22:30:00,0000-00-00 00:00:00,Domzaal,2501
2010-10-20 14:30:00,0000-00-00 00:00:00,Theaterzaal,2483
2010-10-20 17:30:00,0000-00-00 00:00:00,Domzaal,2491
2010-10-20 18:00:00,2010-10-20 00:00:00,Diverse Zalen,2353
2010-10-20 19:00:00,0000-00-00 00:00:00,Op Locatie,2193
2010-10-20 20:00:00,0000-00-00 00:00:00,"De Bijloke, Jozef Kluyskensstraat 2",2197
2010-10-20 20:00:00,0000-00-00 00:00:00,Minard,2291
2010-10-20 20:00:00,0000-00-00 00:00:00,Balzaal,2331
2010-10-20 20:00:00,0000-00-00 00:00:00,Theaterzaal,2467
2010-10-20 21:00:00,0000-00-00 00:00:00,Theaterzaal,2309
2010-10-20 22:00:00,0000-00-00 00:00:00,Op Locatie,2193
2010-10-20 22:00:00,0000-00-00 00:00:00,Concertzaal,2399
2010-10-20 22:30:00,0000-00-00 00:00:00,Domzaal,2493
2010-10-21 10:00:00,2010-10-21 18:00:00,Domzaal,2419
2010-10-21 18:00:00,2010-10-21 00:00:00,Diverse Zalen,2353
2010-10-21 19:00:00,0000-00-00 00:00:00,Op Locatie,2193
2010-10-21 20:00:00,0000-00-00 00:00:00,Op Locatie,2367
2010-10-21 20:00:00,0000-00-00 00:00:00,Domzaal,2479
2010-10-21 22:00:00,0000-00-00 00:00:00,Op Locatie,2193
2010-10-21 22:00:00,0000-00-00 00:00:00,Concertzaal,2401
2010-10-21 22:30:00,0000-00-00 00:00:00,Domzaal,2493
2010-10-22 14:00:00,2010-10-22 00:00:00,Diverse Zalen,2353
2010-10-22 14:30:00,0000-00-00 00:00:00,Theaterzaal,2465
2010-10-22 17:00:00,0000-00-00 00:00:00,Domzaal,2481
2010-10-22 19:00:00,0000-00-00 00:00:00,Op Locatie,2193
2010-10-22 19:00:00,0000-00-00 00:00:00,Scène Theaterzaal,2203
2010-10-22 19:00:00,0000-00-00 00:00:00,Diverse Zalen,2253
2010-10-22 19:00:00,0000-00-00 00:00:00,Diverse Zalen,2411
2010-10-22 20:00:00,0000-00-00 00:00:00,Minard,2199
2010-10-22 20:00:00,0000-00-00 00:00:00,Domzaal,2499
2010-10-22 22:00:00,0000-00-00 00:00:00,Op Locatie,2193
2010-10-22 22:00:00,0000-00-00 00:00:00,Scène Theaterzaal,2203
2010-10-22 22:30:00,0000-00-00 00:00:00,Domzaal,2479
2010-10-23 00:00:00,0000-00-00 00:00:00,Balzaal,2421
2010-10-23 14:00:00,2010-10-23 00:00:00,Diverse Zalen,2353
2010-10-23 14:30:00,0000-00-00 00:00:00,Theaterzaal,2483
2010-10-23 16:00:00,2010-10-23 17:30:00,Vooruit,2359
2010-10-23 17:30:00,0000-00-00 00:00:00,Theaterzaal,2465
2010-10-23 19:00:00,0000-00-00 00:00:00,Op Locatie,2193
2010-10-23 19:00:00,0000-00-00 00:00:00,Scène Theaterzaal,2203
2010-10-23 19:00:00,0000-00-00 00:00:00,Diverse Zalen,2253
2010-10-23 19:00:00,0000-00-00 00:00:00,Diverse Zalen,2411
2010-10-23 20:00:00,0000-00-00 00:00:00,Minard,2199
2010-10-23 20:00:00,0000-00-00 00:00:00,Domzaal,2493
2010-10-23 21:30:00,0000-00-00 00:00:00,Minard,2201
2010-10-23 22:00:00,0000-00-00 00:00:00,Op Locatie,2193
2010-10-23 22:00:00,0000-00-00 00:00:00,Scène Theaterzaal,2203
2010-10-23 22:00:00,0000-00-00 00:00:00,Concertzaal,2395
2010-10-23 22:30:00,0000-00-00 00:00:00,Balzaal,2417
2010-10-25 22:00:00,0000-00-00 00:00:00,Concertzaal,2521
2010-10-26 20:00:00,2010-10-26 21:15:00,Minard,2205
2010-10-27 20:00:00,2010-10-27 21:15:00,Minard,2205
2010-10-27 20:00:00,0000-00-00 00:00:00,Theaterzaal,2207
2010-10-27 20:00:00,0000-00-00 00:00:00,Op Locatie,2357
2010-10-27 22:00:00,0000-00-00 00:00:00,Concertzaal,2317
2010-10-28 16:00:00,0000-00-00 00:00:00,Foyer Theaterzaal ,2505
2010-10-28 20:00:00,2010-10-28 21:15:00,Minard,2205
2010-10-28 20:00:00,0000-00-00 00:00:00,Theaterzaal,2207
2010-10-28 22:00:00,0000-00-00 00:00:00,Café,2453
2010-10-29 01:00:00,0000-00-00 00:00:00,Balzaal,2269
2010-10-29 20:00:00,0000-00-00 00:00:00,"Academieraadzaal RUG, Volderstraat 9",2173
2010-10-29 20:00:00,2010-10-29 21:15:00,Minard,2205
2010-10-29 20:00:00,0000-00-00 00:00:00,Theaterzaal,2207
2010-10-29 22:00:00,0000-00-00 00:00:00,"Academieraadzaal RUG, Volderstraat 9",2243
2010-10-30 20:00:00,2010-10-30 21:15:00,Minard,2205
2010-10-30 20:00:00,0000-00-00 00:00:00,Theaterzaal,2209
2010-10-30 23:00:00,0000-00-00 00:00:00,Concertzaal,2427
2010-10-31 14:00:00,0000-00-00 00:00:00,Diverse Zalen,2525
2010-10-31 20:00:00,2010-10-31 22:30:00,"Academieraadzaal RUG, Volderstraat 9",2249
2010-11-02 20:30:00,0000-00-00 00:00:00,Concertzaal,2265
2010-11-03 20:00:00,0000-00-00 00:00:00,Theaterzaal,2211
2010-11-03 20:30:00,0000-00-00 00:00:00,Concertzaal,2299
2010-11-04 16:00:00,0000-00-00 00:00:00,Foyer Theaterzaal ,2507
2010-11-05 20:00:00,0000-00-00 00:00:00,Theaterzaal,2509
2010-11-05 21:30:00,0000-00-00 00:00:00,Concertzaal,2451
2010-11-05 22:00:00,0000-00-00 00:00:00,Balzaal,2325
2010-11-06 16:00:00,0000-00-00 00:00:00,Balzaal,2511
2010-11-06 20:00:00,0000-00-00 00:00:00,"Academieraadzaal RUG, Volderstraat 9",2283
2010-11-06 20:30:00,0000-00-00 00:00:00,Balzaal,2329
2010-11-06 22:00:00,0000-00-00 00:00:00,Concertzaal,2531
2010-11-06 23:00:00,0000-00-00 00:00:00,Balzaal,2327
2010-11-07 20:30:00,0000-00-00 00:00:00,Concertzaal,2301
2010-11-09 20:00:00,0000-00-00 00:00:00,Op Locatie,2403
2010-11-10 18:00:00,0000-00-00 00:00:00,Diverse Zalen,2213
2010-11-10 20:00:00,0000-00-00 00:00:00,Diverse Zalen,2213
2010-11-10 22:00:00,0000-00-00 00:00:00,Diverse Zalen,2213
2010-11-11 18:00:00,0000-00-00 00:00:00,Diverse Zalen,2213
2010-11-11 20:00:00,0000-00-00 00:00:00,Diverse Zalen,2213
2010-11-11 22:00:00,0000-00-00 00:00:00,Diverse Zalen,2213
2010-11-12 18:00:00,0000-00-00 00:00:00,Diverse Zalen,2213
2010-11-12 20:00:00,0000-00-00 00:00:00,Diverse Zalen,2213
2010-11-12 22:00:00,0000-00-00 00:00:00,Diverse Zalen,2213
2010-11-13 22:00:00,0000-00-00 00:00:00,Balzaal,2523
2010-11-14 13:30:00,0000-00-00 00:00:00,"Academieraadzaal RUG, Volderstraat 9",2261
2010-11-14 14:00:00,0000-00-00 00:00:00,"Academieraadzaal RUG, Volderstraat 9",2261
2010-11-14 15:00:00,0000-00-00 00:00:00,"Academieraadzaal RUG, Volderstraat 9",2261
2010-11-14 20:30:00,0000-00-00 00:00:00,Concertzaal,2459
2010-11-16 20:00:00,0000-00-00 00:00:00,Balzaal,2313
2010-11-17 20:00:00,0000-00-00 00:00:00,Theaterzaal,2215
2010-11-17 20:00:00,0000-00-00 00:00:00,Op Locatie,2361
2010-11-17 20:00:00,0000-00-00 00:00:00,Balzaal,2405
2010-11-17 22:00:00,0000-00-00 00:00:00,Concertzaal,2343
2010-11-18 20:00:00,0000-00-00 00:00:00,Theaterzaal,2215
2010-11-18 20:00:00,0000-00-00 00:00:00,Balzaal,2513
2010-11-18 21:30:00,0000-00-00 00:00:00,Theaterzaal,2217
2010-11-19 20:30:00,0000-00-00 00:00:00,Concertzaal,2175
2010-11-20 12:30:00,2010-11-20 19:00:00,Diverse Zalen,2449
2010-11-20 20:30:00,0000-00-00 00:00:00,Concertzaal,2279
2010-11-20 23:00:00,0000-00-00 00:00:00,Concertzaal,2503
2010-11-22 19:00:00,0000-00-00 00:00:00,Foyer Theaterzaal ,2547
2010-11-23 20:00:00,2010-11-23 22:00:00,Theaterzaal,2477
2010-11-23 20:00:00,2010-11-23 22:30:00,Balzaal,2517
2010-11-23 22:00:00,0000-00-00 00:00:00,Café,2455
2010-11-23 22:00:00,0000-00-00 00:00:00,Concertzaal,2553
2010-11-24 20:00:00,2010-11-24 23:15:00,Café,2407
2010-11-25 20:00:00,0000-00-00 00:00:00,Balzaal,2219
2010-11-25 20:00:00,0000-00-00 00:00:00,Diverse Zalen,2257
2010-11-25 20:00:00,2010-11-25 21:05:00,Theaterzaal,2285
2010-11-25 20:00:00,0000-00-00 00:00:00,Op Locatie,2363
2010-11-26 20:00:00,2010-11-26 23:00:00,Theaterzaal,2221
2010-11-26 20:00:00,2010-11-26 21:00:00,Minard,2225
2010-11-26 20:00:00,0000-00-00 00:00:00,Diverse Zalen,2255
2010-11-26 20:00:00,0000-00-00 00:00:00,Diverse Zalen,2257
2010-11-26 21:30:00,2010-11-26 22:20:00,Domzaal,2223
2010-11-26 21:30:00,0000-00-00 00:00:00,Minard,2227
2010-11-26 22:00:00,0000-00-00 00:00:00,Concertzaal,2247
2010-11-27 20:00:00,0000-00-00 00:00:00,Minard,2225
2010-11-27 20:00:00,0000-00-00 00:00:00,Diverse Zalen,2255
2010-11-27 21:30:00,2010-11-27 22:20:00,Domzaal,2223
2010-11-27 23:00:00,0000-00-00 00:00:00,Balzaal,2533
2010-11-28 20:30:00,2010-11-28 23:00:00,Balzaal,2345
2010-11-29 20:00:00,0000-00-00 00:00:00,Concertzaal,2295
2010-11-30 20:00:00,0000-00-00 00:00:00,Foyer Theaterzaal ,2555
2010-12-01 20:00:00,0000-00-00 00:00:00,Balzaal,2229
2010-12-02 20:00:00,0000-00-00 00:00:00,Theaterzaal,2231
2010-12-02 20:00:00,0000-00-00 00:00:00,"De Centrale, Kraankindersstraat 2",2413
2010-12-02 21:30:00,0000-00-00 00:00:00,Theaterzaal,2425
2010-12-03 20:00:00,0000-00-00 00:00:00,Theaterzaal,2231
2010-12-03 20:00:00,0000-00-00 00:00:00,"De Centrale, Kraankindersstraat 2",2429
2010-12-03 20:30:00,0000-00-00 00:00:00,"NTGent, Sint-Baafsplein 17",2233
2010-12-03 21:00:00,0000-00-00 00:00:00,Balzaal,2535
2010-12-03 22:00:00,0000-00-00 00:00:00,Concertzaal,2303
2010-12-04 20:00:00,0000-00-00 00:00:00,Theaterzaal,2231
2010-12-04 20:00:00,0000-00-00 00:00:00,"De Centrale, Kraankindersstraat 2",2431
2010-12-04 20:30:00,0000-00-00 00:00:00,"NTGent, Sint-Baafsplein 17",2233
2010-12-05 20:00:00,0000-00-00 00:00:00,"De Centrale, Kraankindersstraat 2",2433
2010-12-06 20:00:00,0000-00-00 00:00:00,De Centrale (Kelderzaal),2443
2010-12-06 20:30:00,0000-00-00 00:00:00,Concertzaal,2551
2010-12-07 20:00:00,0000-00-00 00:00:00,De Centrale (Kelderzaal),2445
2010-12-07 20:00:00,0000-00-00 00:00:00,Theaterzaal,2519
2010-12-08 20:00:00,0000-00-00 00:00:00,Theaterzaal,2435
2010-12-08 22:00:00,0000-00-00 00:00:00,Domzaal,2437
2010-12-08 22:00:00,0000-00-00 00:00:00,Concertzaal,2537
2010-12-09 20:00:00,0000-00-00 00:00:00,Theaterzaal,2235
2010-12-09 22:00:00,0000-00-00 00:00:00,Concertzaal,2347
2010-12-09 22:00:00,0000-00-00 00:00:00,Balzaal,2439
2010-12-10 20:00:00,0000-00-00 00:00:00,Vooruit,2441
2010-12-11 19:30:00,0000-00-00 00:00:00,Concertzaal,2515
2010-12-14 20:00:00,0000-00-00 00:00:00,Theaterzaal,2237
2010-12-14 22:00:00,0000-00-00 00:00:00,Concertzaal,2305
2010-12-15 20:30:00,0000-00-00 00:00:00,Concertzaal,2461
2010-12-16 20:00:00,0000-00-00 00:00:00,Balzaal,2557
2010-12-16 22:00:00,2010-12-16 06:00:00,Concertzaal,2529
2010-12-17 20:00:00,0000-00-00 00:00:00,Theaterzaal,2239
2010-12-17 21:30:00,0000-00-00 00:00:00,Theaterzaal,2241
2010-12-17 22:00:00,0000-00-00 00:00:00,Concertzaal,2559
2010-12-18 20:00:00,0000-00-00 00:00:00,Theaterzaal,2239
2010-12-18 22:00:00,0000-00-00 00:00:00,Balzaal,2539
2010-12-18 23:00:00,0000-00-00 00:00:00,Concertzaal,2527
2010-12-19 13:30:00,0000-00-00 00:00:00,"Academieraadzaal RUG, Volderstraat 9",2263
2010-12-19 14:00:00,0000-00-00 00:00:00,"Academieraadzaal RUG, Volderstraat 9",2263
2010-12-19 15:00:00,0000-00-00 00:00:00,"Academieraadzaal RUG, Volderstraat 9",2263
2010-12-21 19:00:00,0000-00-00 00:00:00,Foyer Theaterzaal ,2549
2010-12-21 20:00:00,0000-00-00 00:00:00,Balzaal,2315
2010-12-22 20:00:00,0000-00-00 00:00:00,Op Locatie,2365
2010-12-23 20:00:00,0000-00-00 00:00:00,Concertzaal,2545
2010-12-31 00:30:00,0000-00-00 00:00:00,Concertzaal,2541
2010-12-31 22:30:00,0000-00-00 00:00:00,Balzaal,2543
2011-01-05 20:00:00,2011-01-05 21:00:00,Domzaal,2091
2011-01-06 20:00:00,2011-01-06 21:00:00,Domzaal,2091
2011-01-07 20:00:00,0000-00-00 00:00:00,Theaterzaal,2055
2011-01-08 20:30:00,0000-00-00 00:00:00,Concertzaal,2133
2011-01-13 20:00:00,0000-00-00 00:00:00,Theaterzaal,2073
2011-01-15 22:00:00,0000-00-00 00:00:00,Balzaal,2135
2011-01-16 13:30:00,0000-00-00 00:00:00,Café,2127
2011-01-16 14:00:00,0000-00-00 00:00:00,Café,2127
2011-01-16 15:00:00,0000-00-00 00:00:00,Café,2127
2011-01-18 20:00:00,0000-00-00 00:00:00,Balzaal,2077
2011-01-19 20:00:00,0000-00-00 00:00:00,Theaterzaal,2075
2011-01-20 20:00:00,2011-01-20 23:30:00,Theaterzaal,2057
2011-01-21 19:30:00,0000-00-00 00:00:00,Balzaal,2113
2011-01-21 20:00:00,2011-01-21 23:30:00,Theaterzaal,2057
2011-01-22 22:00:00,0000-00-00 00:00:00,Concertzaal,2137
2011-01-25 20:00:00,0000-00-00 00:00:00,Minard,2059
2011-01-25 20:00:00,0000-00-00 00:00:00,Theaterzaal,2121
2011-01-26 20:00:00,0000-00-00 00:00:00,Minard,2059
2011-01-26 20:00:00,0000-00-00 00:00:00,Op Locatie,2081
2011-01-26 22:00:00,0000-00-00 00:00:00,Café,2101
2011-01-27 18:00:00,2011-01-27 00:00:00,Op Locatie,2163
2011-01-27 20:00:00,0000-00-00 00:00:00,Minard,2059
2011-01-27 20:00:00,0000-00-00 00:00:00,Domzaal,2095
2011-01-28 18:00:00,2011-01-28 00:00:00,Op Locatie,2163
2011-01-28 20:00:00,0000-00-00 00:00:00,Minard,2059
2011-01-28 20:30:00,0000-00-00 00:00:00,Concertzaal,2085
2011-01-29 18:00:00,2011-01-29 00:00:00,Op Locatie,2163
2011-01-29 20:00:00,0000-00-00 00:00:00,Minard,2059
2011-01-29 22:00:00,0000-00-00 00:00:00,Balzaal & Café,2145
2011-02-02 20:00:00,0000-00-00 00:00:00,Theaterzaal,2063
2011-02-02 20:00:00,0000-00-00 00:00:00,Diverse Zalen,2071
2011-02-02 22:00:00,0000-00-00 00:00:00,Domzaal,2061
2011-02-03 19:30:00,0000-00-00 00:00:00,Balzaal,2111
2011-02-03 20:00:00,0000-00-00 00:00:00,Theaterzaal,2063
2011-02-03 20:00:00,0000-00-00 00:00:00,Diverse Zalen,2071
2011-02-03 22:00:00,0000-00-00 00:00:00,Domzaal,2061
2011-02-04 19:30:00,0000-00-00 00:00:00,Balzaal,2107
2011-02-04 20:00:00,0000-00-00 00:00:00,Theaterzaal,2125
2011-02-04 22:00:00,0000-00-00 00:00:00,Balzaal,2103
2011-02-05 20:00:00,0000-00-00 00:00:00,Theaterzaal,2125
2011-02-05 23:00:00,0000-00-00 00:00:00,Balzaal,2147
2011-02-09 22:00:00,0000-00-00 00:00:00,Café,2089
2011-02-10 20:00:00,0000-00-00 00:00:00,Theaterzaal,2065
2011-02-11 20:00:00,0000-00-00 00:00:00,Balzaal,2097
2011-02-11 20:15:00,0000-00-00 00:00:00,Concertzaal,2105
2011-02-12 14:00:00,0000-00-00 00:00:00,Diverse Zalen,2099
2011-02-12 23:00:00,0000-00-00 00:00:00,Concertzaal,2149
2011-02-13 20:00:00,0000-00-00 00:00:00,"De Centrale, Kraankindersstraat 2",2123
2011-02-14 10:00:00,0000-00-00 00:00:00,Op Locatie,2161
2011-02-15 10:00:00,0000-00-00 00:00:00,Op Locatie,2161
2011-02-15 20:00:00,0000-00-00 00:00:00,Balzaal,2079
2011-02-16 10:00:00,0000-00-00 00:00:00,Op Locatie,2161
2011-02-17 10:00:00,0000-00-00 00:00:00,Op Locatie,2161
2011-02-17 20:00:00,0000-00-00 00:00:00,Domzaal,2115
2011-02-17 20:00:00,0000-00-00 00:00:00,Diverse Zalen,2119
2011-02-18 15:00:00,0000-00-00 00:00:00,Op Locatie,2161
2011-02-18 20:00:00,0000-00-00 00:00:00,Domzaal,2117
2011-02-18 20:00:00,0000-00-00 00:00:00,Diverse Zalen,2119
2011-02-18 20:30:00,0000-00-00 00:00:00,"NTGent, Sint-Baafsplein 17",2067
2011-02-18 22:00:00,0000-00-00 00:00:00,Concertzaal,2169
2011-02-19 15:00:00,0000-00-00 00:00:00,Op Locatie,2161
2011-02-19 20:30:00,0000-00-00 00:00:00,"NTGent, Sint-Baafsplein 17",2067
2011-02-19 22:00:00,0000-00-00 00:00:00,Balzaal,2151
2011-02-19 22:00:00,0000-00-00 00:00:00,Concertzaal,2155
2011-02-20 13:30:00,0000-00-00 00:00:00,Café,2129
2011-02-20 14:00:00,0000-00-00 00:00:00,Café,2129
2011-02-20 15:00:00,0000-00-00 00:00:00,Café,2129
2011-02-20 19:30:00,0000-00-00 00:00:00,Balzaal,2109
2011-02-21 10:00:00,0000-00-00 00:00:00,Op Locatie,2161
2011-02-21 20:00:00,0000-00-00 00:00:00,Theaterzaal,2093
2011-02-22 10:00:00,0000-00-00 00:00:00,Op Locatie,2161
2011-02-22 20:00:00,0000-00-00 00:00:00,Theaterzaal,2093
2011-02-22 20:00:00,0000-00-00 00:00:00,Domzaal,2141
2011-02-22 20:30:00,0000-00-00 00:00:00,Minard,2131
2011-02-22 22:00:00,0000-00-00 00:00:00,Concertzaal,2165
2011-02-23 09:30:00,0000-00-00 00:00:00,Theaterzaal,2157
2011-02-23 10:00:00,0000-00-00 00:00:00,Op Locatie,2161
2011-02-23 15:00:00,0000-00-00 00:00:00,Theaterzaal,2157
2011-02-23 20:00:00,0000-00-00 00:00:00,\N,2083
2011-02-23 20:00:00,0000-00-00 00:00:00,Theaterzaal,2157
2011-02-23 22:00:00,0000-00-00 00:00:00,Concertzaal,2167
2011-02-24 10:00:00,0000-00-00 00:00:00,Op Locatie,2161
2011-02-24 20:00:00,0000-00-00 00:00:00,Theaterzaal,2069
2011-02-24 20:00:00,0000-00-00 00:00:00,Domzaal,2139
2011-02-25 15:00:00,0000-00-00 00:00:00,Op Locatie,2161
2011-02-25 20:00:00,0000-00-00 00:00:00,Balzaal,2087
2011-02-25 20:00:00,0000-00-00 00:00:00,Theaterzaal,2143
2011-02-26 15:00:00,0000-00-00 00:00:00,Op Locatie,2161
2011-02-26 20:00:00,0000-00-00 00:00:00,Theaterzaal,2143
2011-02-26 20:00:00,0000-00-00 00:00:00,Balzaal,2153
2011-02-28 10:00:00,0000-00-00 00:00:00,Op Locatie,2161
2011-02-28 19:00:00,0000-00-00 00:00:00,Foyer Theaterzaal ,2159
2011-03-01 10:00:00,0000-00-00 00:00:00,Op Locatie,2161
2011-03-02 10:00:00,0000-00-00 00:00:00,Op Locatie,2161
2011-03-02 22:00:00,0000-00-00 00:00:00,Café,1943
2011-03-03 10:00:00,0000-00-00 00:00:00,Op Locatie,2161
2011-03-03 20:00:00,0000-00-00 00:00:00,Theaterzaal,1793
2011-03-04 15:00:00,0000-00-00 00:00:00,Op Locatie,2161
2011-03-04 19:30:00,0000-00-00 00:00:00,Balzaal,1873
2011-03-04 20:00:00,0000-00-00 00:00:00,Op Locatie,1877
2011-03-04 23:00:00,0000-00-00 00:00:00,Balzaal,1861
2011-03-05 11:00:00,2011-03-05 18:00:00,Op Locatie,1887
2011-03-05 15:00:00,0000-00-00 00:00:00,Op Locatie,2161
2011-03-05 20:00:00,2011-03-05 22:00:00,Op Locatie,1887
2011-03-05 23:00:00,0000-00-00 00:00:00,Concertzaal,1913
2011-03-06 11:00:00,2011-03-06 18:00:00,"deSingel, Antwerpen",1889
2011-03-06 18:30:00,2011-03-06 20:00:00,"deSingel, Antwerpen",1889
2011-03-06 19:30:00,0000-00-00 00:00:00,Concertzaal,1879
2011-03-07 10:00:00,0000-00-00 00:00:00,Op Locatie,2161
2011-03-08 10:00:00,0000-00-00 00:00:00,Op Locatie,2161
2011-03-08 19:30:00,0000-00-00 00:00:00,Concertzaal,1865
2011-03-09 10:00:00,0000-00-00 00:00:00,Op Locatie,2161
2011-03-09 19:30:00,0000-00-00 00:00:00,Concertzaal,1857
2011-03-10 10:00:00,0000-00-00 00:00:00,Op Locatie,2161
2011-03-10 19:30:00,0000-00-00 00:00:00,Concertzaal,1857
2011-03-10 22:00:00,0000-00-00 00:00:00,Café,1849
2011-03-11 15:00:00,0000-00-00 00:00:00,Op Locatie,2161
2011-03-11 21:00:00,0000-00-00 00:00:00,Concertzaal,1875
2011-03-12 15:00:00,0000-00-00 00:00:00,Op Locatie,2161
2011-03-12 22:00:00,0000-00-00 00:00:00,Concertzaal,1931
2011-03-12 23:00:00,0000-00-00 00:00:00,Balzaal,1969
2011-03-13 20:30:00,0000-00-00 00:00:00,Concertzaal,1853
2011-03-14 10:00:00,0000-00-00 00:00:00,Op Locatie,2161
2011-03-15 11:30:00,2011-03-15 22:00:00,Café,1891
2011-03-15 11:30:00,2011-03-15 23:00:00,Café,1925
2011-03-15 11:30:00,0000-00-00 00:00:00,Op Locatie,1935
2011-03-15 15:00:00,2011-03-15 19:00:00,Op Locatie,1893
2011-03-15 15:20:00,0000-00-00 00:00:00,Op Locatie,1939
2011-03-15 16:30:00,2011-03-15 19:00:00,Op Locatie,1895
2011-03-15 16:40:00,0000-00-00 00:00:00,Op Locatie,1939
2011-03-15 18:00:00,0000-00-00 00:00:00,Foyer Theaterzaal ,1897
2011-03-15 18:00:00,2011-03-15 20:00:00,Café,1927
2011-03-15 18:00:00,0000-00-00 00:00:00,Op Locatie,1937
2011-03-15 19:30:00,0000-00-00 00:00:00,Op Locatie,1937
2011-03-15 20:00:00,0000-00-00 00:00:00,Minard,1795
2011-03-15 21:00:00,0000-00-00 00:00:00,Op Locatie,1937
2011-03-15 21:30:00,0000-00-00 00:00:00,Dansstudio,1903
2011-03-15 21:30:00,0000-00-00 00:00:00,Balzaal,1979
2011-03-15 22:00:00,0000-00-00 00:00:00,Domzaal,1905
2011-03-15 22:30:00,0000-00-00 00:00:00,Op Locatie,1937
2011-03-16 11:30:00,2011-03-16 22:00:00,Café,1891
2011-03-16 11:30:00,2011-03-16 23:00:00,Café,1925
2011-03-16 11:30:00,0000-00-00 00:00:00,Op Locatie,1935
2011-03-16 11:30:00,0000-00-00 00:00:00,Op Locatie,1939
2011-03-16 14:00:00,0000-00-00 00:00:00,Op Locatie,1939
2011-03-16 15:00:00,2011-03-16 19:00:00,Op Locatie,1893
2011-03-16 15:20:00,0000-00-00 00:00:00,Op Locatie,1939
2011-03-16 16:30:00,2011-03-16 19:00:00,Op Locatie,1895
2011-03-16 16:40:00,0000-00-00 00:00:00,Op Locatie,1939
2011-03-16 18:00:00,2011-03-16 20:00:00,Café,1927
2011-03-16 20:00:00,0000-00-00 00:00:00,Minard,1795
2011-03-16 20:00:00,0000-00-00 00:00:00,"De Bijloke, Jozef Kluyskensstraat 2",1797
2011-03-16 20:00:00,0000-00-00 00:00:00,Foyer Theaterzaal ,1897
2011-03-16 22:00:00,0000-00-00 00:00:00,Domzaal,1905
2011-03-17 11:30:00,2011-03-17 22:00:00,Café,1891
2011-03-17 11:30:00,2011-03-17 23:00:00,Café,1925
2011-03-17 11:30:00,0000-00-00 00:00:00,Op Locatie,1935
2011-03-17 11:30:00,0000-00-00 00:00:00,Op Locatie,1939
2011-03-17 14:00:00,0000-00-00 00:00:00,Op Locatie,1939
2011-03-17 15:00:00,2011-03-17 19:00:00,Op Locatie,1893
2011-03-17 15:20:00,0000-00-00 00:00:00,Op Locatie,1939
2011-03-17 16:30:00,2011-03-17 19:00:00,Op Locatie,1895
2011-03-17 16:40:00,0000-00-00 00:00:00,Op Locatie,1939
2011-03-17 18:00:00,2011-03-17 20:00:00,Café,1927
2011-03-17 20:00:00,0000-00-00 00:00:00,Minard,1795
2011-03-17 20:00:00,0000-00-00 00:00:00,Domzaal,1799
2011-03-17 20:00:00,0000-00-00 00:00:00,\N,1835
2011-03-18 11:30:00,2011-03-18 22:00:00,Café,1891
2011-03-18 11:30:00,2011-03-18 23:00:00,Café,1925
2011-03-18 11:30:00,0000-00-00 00:00:00,Op Locatie,1935
2011-03-18 11:30:00,0000-00-00 00:00:00,Op Locatie,1939
2011-03-18 14:00:00,0000-00-00 00:00:00,Op Locatie,1939
2011-03-18 15:00:00,2011-03-18 16:00:00,Op Locatie,1893
2011-03-18 15:20:00,0000-00-00 00:00:00,Op Locatie,1939
2011-03-18 16:30:00,2011-03-18 19:00:00,Op Locatie,1895
2011-03-18 16:40:00,0000-00-00 00:00:00,Op Locatie,1939
2011-03-18 18:00:00,2011-03-18 22:00:00,Café,1927
2011-03-18 20:00:00,0000-00-00 00:00:00,Domzaal,1799
2011-03-18 21:30:00,0000-00-00 00:00:00,Dansstudio,1903
2011-03-18 22:00:00,0000-00-00 00:00:00,Theaterzaal,1907
2011-03-19 11:30:00,2011-03-19 22:00:00,Café,1891
2011-03-19 11:30:00,2011-03-19 23:00:00,Café,1925
2011-03-19 11:30:00,0000-00-00 00:00:00,Op Locatie,1935
2011-03-19 11:30:00,0000-00-00 00:00:00,Op Locatie,1939
2011-03-19 13:00:00,2011-03-19 19:00:00,Op Locatie,1895
2011-03-19 14:00:00,2011-03-19 22:00:00,Café,1927
2011-03-19 14:00:00,0000-00-00 00:00:00,Op Locatie,1939
2011-03-19 15:20:00,0000-00-00 00:00:00,Op Locatie,1939
2011-03-19 16:40:00,0000-00-00 00:00:00,Op Locatie,1939
2011-03-19 18:00:00,0000-00-00 00:00:00,Op Locatie,1937
2011-03-19 19:30:00,0000-00-00 00:00:00,Op Locatie,1937
2011-03-19 20:00:00,0000-00-00 00:00:00,Domzaal,1799
2011-03-19 20:00:00,0000-00-00 00:00:00,Dansstudio,1903
2011-03-19 21:00:00,0000-00-00 00:00:00,Op Locatie,1937
2011-03-19 21:15:00,2011-03-19 22:00:00,Café,1927
2011-03-19 21:30:00,0000-00-00 00:00:00,Domzaal,1801
2011-03-19 22:00:00,0000-00-00 00:00:00,Minard,1909
2011-03-19 22:30:00,0000-00-00 00:00:00,Op Locatie,1937
2011-03-19 23:00:00,0000-00-00 00:00:00,Concertzaal,1967
2011-03-20 11:30:00,0000-00-00 00:00:00,Op Locatie,1935
2011-03-20 11:30:00,0000-00-00 00:00:00,Op Locatie,1939
2011-03-20 13:00:00,2011-03-20 19:00:00,Op Locatie,1895
2011-03-20 14:00:00,2011-03-20 22:00:00,Café,1891
2011-03-20 14:00:00,2011-03-20 22:00:00,Café,1927
2011-03-20 14:00:00,0000-00-00 00:00:00,Op Locatie,1939
2011-03-20 14:30:00,2011-03-20 23:00:00,Café,1925
2011-03-20 15:00:00,0000-00-00 00:00:00,Foyer Theaterzaal ,1897
2011-03-20 15:20:00,0000-00-00 00:00:00,Op Locatie,1939
2011-03-20 16:40:00,0000-00-00 00:00:00,Op Locatie,1939
2011-03-20 20:00:00,0000-00-00 00:00:00,Domzaal,1799
2011-03-21 11:30:00,2011-03-21 23:00:00,Café,1925
2011-03-22 11:30:00,2011-03-22 23:00:00,Café,1925
2011-03-22 19:00:00,0000-00-00 00:00:00,Op Locatie,1915
2011-03-22 21:00:00,0000-00-00 00:00:00,Op Locatie,1915
2011-03-22 22:00:00,0000-00-00 00:00:00,Op Locatie,1915
2011-03-23 10:00:00,2011-03-23 18:00:00,Balzaal,1911
2011-03-23 11:30:00,2011-03-23 22:00:00,Café,1891
2011-03-23 11:30:00,2011-03-23 23:00:00,Café,1925
2011-03-23 11:30:00,2011-03-23 21:30:00,Op Locatie,1935
2011-03-23 11:30:00,0000-00-00 00:00:00,Op Locatie,1939
2011-03-23 14:00:00,2011-03-23 20:00:00,Domzaal,1921
2011-03-23 14:00:00,0000-00-00 00:00:00,Op Locatie,1939
2011-03-23 15:00:00,2011-03-23 19:00:00,Op Locatie,1893
2011-03-23 15:20:00,0000-00-00 00:00:00,Op Locatie,1939
2011-03-23 16:30:00,2011-03-23 19:00:00,Op Locatie,1895
2011-03-23 16:40:00,0000-00-00 00:00:00,Op Locatie,1939
2011-03-23 17:00:00,0000-00-00 00:00:00,Op Locatie,1915
2011-03-23 18:00:00,0000-00-00 00:00:00,Op Locatie,1915
2011-03-23 18:00:00,2011-03-23 21:00:00,Café,1927
2011-03-23 19:00:00,0000-00-00 00:00:00,Op Locatie,1915
2011-03-23 20:00:00,0000-00-00 00:00:00,\N,1837
2011-03-23 21:00:00,0000-00-00 00:00:00,Op Locatie,1915
2011-03-23 22:00:00,0000-00-00 00:00:00,Op Locatie,1915
2011-03-24 08:00:00,2011-03-24 02:00:00,Café,1917
2011-03-24 11:30:00,2011-03-24 22:00:00,Café,1891
2011-03-24 11:30:00,2011-03-24 23:00:00,Café,1925
2011-03-24 11:30:00,2011-03-24 21:30:00,Op Locatie,1935
2011-03-24 11:30:00,0000-00-00 00:00:00,Op Locatie,1939
2011-03-24 14:00:00,0000-00-00 00:00:00,Op Locatie,1939
2011-03-24 15:00:00,2011-03-24 19:00:00,Op Locatie,1893
2011-03-24 15:20:00,0000-00-00 00:00:00,Op Locatie,1939
2011-03-24 16:30:00,2011-03-24 19:00:00,Op Locatie,1895
2011-03-24 16:40:00,0000-00-00 00:00:00,Op Locatie,1939
2011-03-24 17:00:00,0000-00-00 00:00:00,Op Locatie,1915
2011-03-24 18:00:00,0000-00-00 00:00:00,Foyer Theaterzaal ,1897
2011-03-24 18:00:00,0000-00-00 00:00:00,Op Locatie,1915
2011-03-24 18:00:00,2011-03-24 00:00:00,Domzaal,1921
2011-03-24 18:00:00,2011-03-24 00:00:00,Café,1927
2011-03-24 18:00:00,0000-00-00 00:00:00,Op Locatie,1937
2011-03-24 19:00:00,0000-00-00 00:00:00,Op Locatie,1915
2011-03-24 19:30:00,0000-00-00 00:00:00,Op Locatie,1937
2011-03-24 20:00:00,0000-00-00 00:00:00,\N,1839
2011-03-24 20:00:00,0000-00-00 00:00:00,Theaterzaal,1919
2011-03-24 21:00:00,0000-00-00 00:00:00,Op Locatie,1915
2011-03-24 21:00:00,0000-00-00 00:00:00,Op Locatie,1937
2011-03-24 21:30:00,0000-00-00 00:00:00,Dansstudio,1903
2011-03-24 22:00:00,0000-00-00 00:00:00,Balzaal,1869
2011-03-24 22:00:00,0000-00-00 00:00:00,Op Locatie,1915
2011-03-24 22:30:00,0000-00-00 00:00:00,Op Locatie,1937
2011-03-25 08:00:00,2011-03-25 02:00:00,Café,1917
2011-03-25 11:30:00,2011-03-25 22:00:00,Café,1891
2011-03-25 11:30:00,2011-03-25 23:00:00,Café,1925
2011-03-25 11:30:00,2011-03-25 21:30:00,Op Locatie,1935
2011-03-25 11:30:00,0000-00-00 00:00:00,Op Locatie,1939
2011-03-25 14:00:00,0000-00-00 00:00:00,Op Locatie,1939
2011-03-25 15:00:00,2011-03-25 16:00:00,Op Locatie,1893
2011-03-25 15:20:00,0000-00-00 00:00:00,Op Locatie,1939
2011-03-25 16:30:00,2011-03-25 19:00:00,Op Locatie,1895
2011-03-25 16:30:00,2011-03-25 19:30:00,Domzaal,1921
2011-03-25 16:40:00,0000-00-00 00:00:00,Op Locatie,1939
2011-03-25 17:00:00,0000-00-00 00:00:00,Op Locatie,1915
2011-03-25 18:00:00,0000-00-00 00:00:00,Op Locatie,1915
2011-03-25 18:00:00,2011-03-25 22:00:00,Café,1927
2011-03-25 19:00:00,0000-00-00 00:00:00,Op Locatie,1915
2011-03-25 20:00:00,0000-00-00 00:00:00,Minard,1805
2011-03-25 20:00:00,0000-00-00 00:00:00,Theaterzaal,1919
2011-03-25 21:00:00,0000-00-00 00:00:00,Op Locatie,1915
2011-03-25 22:00:00,0000-00-00 00:00:00,Domzaal,1803
2011-03-25 22:00:00,0000-00-00 00:00:00,Op Locatie,1915
2011-03-25 23:59:00,0000-00-00 00:00:00,Dansstudio,1903
2011-03-26 08:00:00,2011-03-26 22:00:00,Café,1917
2011-03-26 11:30:00,2011-03-26 20:00:00,Café,1891
2011-03-26 11:30:00,2011-03-26 23:00:00,Café,1925
2011-03-26 11:30:00,2011-03-26 19:30:00,Op Locatie,1935
2011-03-26 11:30:00,0000-00-00 00:00:00,Op Locatie,1939
2011-03-26 13:00:00,2011-03-26 19:00:00,Op Locatie,1895
2011-03-26 14:00:00,2011-03-26 17:30:00,Domzaal,1921
2011-03-26 14:00:00,2011-03-26 20:00:00,Café,1927
2011-03-26 14:00:00,0000-00-00 00:00:00,Op Locatie,1939
2011-03-26 15:00:00,0000-00-00 00:00:00,Foyer Theaterzaal ,1897
2011-03-26 15:20:00,0000-00-00 00:00:00,Op Locatie,1939
2011-03-26 16:00:00,0000-00-00 00:00:00,Op Locatie,1915
2011-03-26 16:40:00,0000-00-00 00:00:00,Op Locatie,1939
2011-03-26 17:00:00,0000-00-00 00:00:00,Op Locatie,1915
2011-03-26 18:00:00,0000-00-00 00:00:00,Op Locatie,1915
2011-03-26 19:00:00,0000-00-00 00:00:00,Op Locatie,1915
2011-03-26 20:00:00,0000-00-00 00:00:00,Domzaal,1803
2011-03-26 20:00:00,0000-00-00 00:00:00,Minard,1805
2011-03-26 21:00:00,0000-00-00 00:00:00,Op Locatie,1915
2011-03-26 21:30:00,0000-00-00 00:00:00,Dansstudio,1903
2011-03-26 22:00:00,0000-00-00 00:00:00,Op Locatie,1915
2011-03-26 22:00:00,0000-00-00 00:00:00,Balzaal,1923
2011-03-26 23:00:00,0000-00-00 00:00:00,Concertzaal,1941
2011-03-27 19:30:00,0000-00-00 00:00:00,Concertzaal,1859
2011-03-29 20:00:00,0000-00-00 00:00:00,Concertzaal,1951
2011-03-30 20:00:00,0000-00-00 00:00:00,Balzaal,1827
2011-03-30 20:00:00,0000-00-00 00:00:00,Theaterzaal,1981
2011-03-30 22:00:00,0000-00-00 00:00:00,Concertzaal,2005
2011-03-31 10:30:00,2011-03-31 17:30:00,Theaterzaal,1957
2011-03-31 13:00:00,2011-03-31 21:00:00,Brugzaal,1975
2011-03-31 19:30:00,0000-00-00 00:00:00,Concertzaal,1881
2011-03-31 20:30:00,0000-00-00 00:00:00,Domzaal,1901
2011-04-01 13:00:00,2011-04-01 21:00:00,Brugzaal,1975
2011-04-01 20:30:00,0000-00-00 00:00:00,Domzaal,1899
2011-04-01 20:30:00,0000-00-00 00:00:00,Theaterzaal,1983
2011-04-01 23:00:00,0000-00-00 00:00:00,Concertzaal,1947
2011-04-02 13:00:00,2011-04-02 21:00:00,Brugzaal,1975
2011-04-02 20:00:00,0000-00-00 00:00:00,Diverse Zalen,1847
2011-04-03 13:00:00,2011-04-03 21:00:00,Brugzaal,1975
2011-04-03 13:30:00,0000-00-00 00:00:00,Café,1867
2011-04-03 14:00:00,0000-00-00 00:00:00,Café,1867
2011-04-03 15:00:00,0000-00-00 00:00:00,Café,1867
2011-04-05 19:30:00,0000-00-00 00:00:00,Concertzaal,1929
2011-04-05 22:00:00,0000-00-00 00:00:00,Café,1955
2011-04-06 20:00:00,2011-04-06 21:30:00,Theaterzaal,1807
2011-04-06 20:00:00,0000-00-00 00:00:00,Balzaal,1985
2011-04-06 21:30:00,0000-00-00 00:00:00,Theaterzaal,1825
2011-04-07 20:00:00,2011-04-07 21:30:00,Theaterzaal,1807
2011-04-07 20:00:00,0000-00-00 00:00:00,Balzaal,1863
2011-04-07 21:00:00,0000-00-00 00:00:00,Concertzaal,1871
2011-04-08 12:00:00,2011-04-08 20:00:00,Balzaal,1959
2011-04-08 12:00:00,2011-04-08 20:00:00,Diverse Zalen,1961
2011-04-08 12:00:00,2011-04-08 20:00:00,Diverse Zalen,1963
2011-04-08 20:00:00,0000-00-00 00:00:00,Theaterzaal,1809
2011-04-08 22:00:00,0000-00-00 00:00:00,Concertzaal,1965
2011-04-09 12:00:00,2011-04-09 20:00:00,Balzaal,1959
2011-04-09 12:00:00,2011-04-09 20:00:00,Diverse Zalen,1961
2011-04-09 12:00:00,2011-04-09 20:00:00,Diverse Zalen,1963
2011-04-09 22:00:00,0000-00-00 00:00:00,Concertzaal,1965
2011-04-13 20:00:00,0000-00-00 00:00:00,Balzaal,1949
2011-04-14 20:00:00,0000-00-00 00:00:00,Domzaal,1973
2011-04-15 20:00:00,0000-00-00 00:00:00,Domzaal,1973
2011-04-15 21:30:00,0000-00-00 00:00:00,"Academieraadzaal RUG, Volderstraat 9",1855
2011-04-16 20:00:00,0000-00-00 00:00:00,Domzaal,1973
2011-04-16 23:00:00,0000-00-00 00:00:00,Concertzaal,2001
2011-04-16 23:00:00,0000-00-00 00:00:00,Balzaal,2035
2011-04-17 20:00:00,0000-00-00 00:00:00,Theaterzaal,1823
2011-04-19 20:00:00,0000-00-00 00:00:00,Domzaal,1973
2011-04-20 20:00:00,0000-00-00 00:00:00,Theaterzaal,1811
2011-04-20 20:00:00,0000-00-00 00:00:00,Domzaal,1973
2011-04-21 20:00:00,0000-00-00 00:00:00,Theaterzaal,1811
2011-04-21 20:00:00,0000-00-00 00:00:00,\N,1841
2011-04-21 22:00:00,0000-00-00 00:00:00,Café,1953
2011-04-22 20:00:00,0000-00-00 00:00:00,Theaterzaal,1811
2011-04-22 23:00:00,0000-00-00 00:00:00,Concertzaal,2037
2011-04-23 14:00:00,2011-04-23 22:00:00,Op Locatie,2033
2011-04-23 20:00:00,0000-00-00 00:00:00,Theaterzaal,1811
2011-04-23 23:00:00,0000-00-00 00:00:00,Concertzaal,1999
2011-04-24 14:00:00,2011-04-24 22:00:00,Op Locatie,2033
2011-04-24 20:00:00,0000-00-00 00:00:00,Diverse Zalen,1971
2011-04-25 14:00:00,2011-04-25 22:00:00,Op Locatie,2033
2011-04-26 14:00:00,2011-04-26 22:00:00,Op Locatie,2033
2011-04-26 20:00:00,0000-00-00 00:00:00,Balzaal,1829
2011-04-26 20:00:00,0000-00-00 00:00:00,Concertzaal,1833
2011-04-27 14:00:00,2011-04-27 22:00:00,Op Locatie,2033
2011-04-27 20:00:00,0000-00-00 00:00:00,Theaterzaal,1811
2011-04-27 20:00:00,0000-00-00 00:00:00,\N,1843
2011-04-27 20:00:00,0000-00-00 00:00:00,Balzaal,1991
2011-04-27 20:00:00,0000-00-00 00:00:00,Balzaal & Domzaal,1995
2011-04-28 14:00:00,2011-04-28 22:00:00,Op Locatie,2033
2011-04-28 20:00:00,0000-00-00 00:00:00,Theaterzaal,1811
2011-04-28 20:00:00,0000-00-00 00:00:00,Minard,1813
2011-04-28 20:00:00,0000-00-00 00:00:00,Domzaal,1993
2011-04-28 20:00:00,0000-00-00 00:00:00,Balzaal & Domzaal,1995
2011-04-28 22:00:00,0000-00-00 00:00:00,Concertzaal,2029
2011-04-29 14:00:00,2011-04-29 22:00:00,Op Locatie,2033
2011-04-29 20:00:00,0000-00-00 00:00:00,Theaterzaal,1811
2011-04-29 20:00:00,0000-00-00 00:00:00,Minard,1813
2011-04-29 22:00:00,0000-00-00 00:00:00,Concertzaal,1883
2011-04-30 14:00:00,2011-04-30 23:59:00,Op Locatie,2033
2011-04-30 20:00:00,0000-00-00 00:00:00,Minard,1813
2011-04-30 20:00:00,0000-00-00 00:00:00,Diverse Zalen,1851
2011-04-30 20:00:00,0000-00-00 00:00:00,Diverse Zalen,1851
2011-04-30 20:30:00,0000-00-00 00:00:00,Diverse Zalen,1851
2011-05-01 14:00:00,2011-05-01 22:00:00,Op Locatie,2033
2011-05-04 16:00:00,0000-00-00 00:00:00,Op Locatie,2015
2011-05-04 18:00:00,0000-00-00 00:00:00,Domzaal,2009
2011-05-04 20:00:00,0000-00-00 00:00:00,Diverse Zalen,2011
2011-05-04 21:00:00,2011-05-04 23:59:00,Op Locatie,2013
2011-05-04 22:00:00,0000-00-00 00:00:00,Domzaal,2009
2011-05-05 16:00:00,0000-00-00 00:00:00,Op Locatie,2015
2011-05-05 18:00:00,0000-00-00 00:00:00,Domzaal,2009
2011-05-05 20:00:00,0000-00-00 00:00:00,Diverse Zalen,2011
2011-05-05 21:00:00,2011-05-05 23:59:00,Op Locatie,2013
2011-05-05 21:30:00,0000-00-00 00:00:00,Domzaal,2017
2011-05-05 23:00:00,0000-00-00 00:00:00,Domzaal,2009
2011-05-06 16:00:00,0000-00-00 00:00:00,Op Locatie,2015
2011-05-06 19:00:00,0000-00-00 00:00:00,Dansstudio,2021
2011-05-06 20:00:00,0000-00-00 00:00:00,Minard,1815
2011-05-06 21:30:00,0000-00-00 00:00:00,Domzaal,2017
2011-05-06 22:00:00,0000-00-00 00:00:00,Concertzaal,1987
2011-05-06 22:00:00,0000-00-00 00:00:00,Balzaal,2023
2011-05-07 14:00:00,0000-00-00 00:00:00,Op Locatie,2015
2011-05-07 16:00:00,0000-00-00 00:00:00,Op Locatie,2015
2011-05-07 18:00:00,0000-00-00 00:00:00,\N,2019
2011-05-07 19:00:00,0000-00-00 00:00:00,Dansstudio,2021
2011-05-07 20:00:00,0000-00-00 00:00:00,Domzaal,2025
2011-05-07 21:00:00,0000-00-00 00:00:00,Café,2027
2011-05-07 22:00:00,0000-00-00 00:00:00,Minard,1815
2011-05-07 23:00:00,0000-00-00 00:00:00,Balzaal,2039
2011-05-11 20:00:00,0000-00-00 00:00:00,Domzaal,2045
2011-05-12 20:00:00,0000-00-00 00:00:00,Balzaal,2031
2011-05-12 21:00:00,0000-00-00 00:00:00,Domzaal,2049
2011-05-14 10:00:00,2011-05-14 17:00:00,Diverse Zalen,2051
2011-05-17 20:00:00,0000-00-00 00:00:00,Theaterzaal,1817
2011-05-18 20:00:00,0000-00-00 00:00:00,Theaterzaal,1817
2011-05-18 20:00:00,0000-00-00 00:00:00,"De Bijloke, Jozef Kluyskensstraat 2",1819
2011-05-18 22:00:00,0000-00-00 00:00:00,Café,1977
2011-05-19 20:00:00,0000-00-00 00:00:00,Domzaal,1945
2011-05-20 20:00:00,0000-00-00 00:00:00,Theaterzaal,1817
2011-05-21 20:00:00,0000-00-00 00:00:00,Theaterzaal,1817
2011-05-21 21:00:00,0000-00-00 00:00:00,"Academieraadzaal RUG, Volderstraat 9",2053
2011-05-24 21:00:00,0000-00-00 00:00:00,Concertzaal,2047
2011-05-25 19:00:00,0000-00-00 00:00:00,Foyer Theaterzaal ,1885
2011-05-25 19:30:00,0000-00-00 00:00:00,Concertzaal,1933
2011-05-25 20:00:00,0000-00-00 00:00:00,\N,1845
2011-05-26 12:00:00,0000-00-00 00:00:00,Op Locatie,2043
2011-05-26 20:00:00,0000-00-00 00:00:00,Theaterzaal,1821
2011-05-26 20:30:00,0000-00-00 00:00:00,Domzaal,2003
2011-05-27 12:00:00,0000-00-00 00:00:00,Op Locatie,2043
2011-05-27 20:00:00,0000-00-00 00:00:00,Theaterzaal,1821
2011-05-27 21:00:00,0000-00-00 00:00:00,Balzaal,1989
2011-05-28 12:00:00,0000-00-00 00:00:00,Op Locatie,2043
2011-05-28 14:00:00,2011-05-28 17:00:00,Foyer Theaterzaal ,1997
2011-05-28 20:00:00,0000-00-00 00:00:00,Theaterzaal,1821
2011-05-28 20:30:00,0000-00-00 00:00:00,Concertzaal,2041
2011-05-28 21:00:00,2011-05-28 03:00:00,Balzaal,2007
2011-05-29 12:00:00,0000-00-00 00:00:00,Op Locatie,2043
2011-05-31 20:00:00,0000-00-00 00:00:00,Theaterzaal,1831
2011-06-01 22:00:00,0000-00-00 00:00:00,Balzaal,1713
2011-06-02 19:30:00,0000-00-00 00:00:00,Concertzaal,1707
2011-06-03 20:00:00,0000-00-00 00:00:00,Domzaal,1709
2011-06-03 21:00:00,0000-00-00 00:00:00,Balzaal,1725
2011-06-04 20:00:00,0000-00-00 00:00:00,Domzaal,1709
2011-06-04 20:00:00,0000-00-00 00:00:00,Theaterzaal,1711
2011-06-07 20:00:00,0000-00-00 00:00:00,Theaterzaal,1693
2011-06-08 20:00:00,0000-00-00 00:00:00,Theaterzaal,1693
2011-06-08 20:30:00,0000-00-00 00:00:00,Domzaal,1705
2011-06-09 20:00:00,0000-00-00 00:00:00,Theaterzaal,1693
2011-06-09 20:00:00,0000-00-00 00:00:00,Balzaal,1703
2011-06-09 21:00:00,0000-00-00 00:00:00,Concertzaal,1699
2011-06-09 22:00:00,0000-00-00 00:00:00,Café,1727
2011-06-10 20:00:00,0000-00-00 00:00:00,Theaterzaal,1693
2011-06-10 22:00:00,0000-00-00 00:00:00,Balzaal,1755
2011-06-11 20:00:00,0000-00-00 00:00:00,Theaterzaal,1693
2011-06-11 23:00:00,0000-00-00 00:00:00,Balzaal,1697
2011-06-14 19:30:00,0000-00-00 00:00:00,Domzaal,1753
2011-06-14 20:00:00,0000-00-00 00:00:00,Op Locatie,1763
2011-06-15 10:30:00,2011-06-15 17:30:00,Balzaal,1721
2011-06-15 22:00:00,0000-00-00 00:00:00,Café,1759
2011-06-16 10:30:00,2011-06-16 17:30:00,Balzaal,1721
2011-06-16 19:30:00,0000-00-00 00:00:00,Concertzaal,1751
2011-06-17 18:00:00,0000-00-00 00:00:00,Op Locatie,1781
2011-06-18 18:00:00,0000-00-00 00:00:00,Op Locatie,1781
2011-06-19 18:00:00,0000-00-00 00:00:00,Op Locatie,1781
2011-06-20 18:00:00,0000-00-00 00:00:00,Op Locatie,1781
2011-06-21 18:00:00,0000-00-00 00:00:00,Op Locatie,1781
2011-06-21 22:00:00,0000-00-00 00:00:00,Café,1761
2011-06-22 18:00:00,0000-00-00 00:00:00,Op Locatie,1781
2011-06-22 22:00:00,0000-00-00 00:00:00,Balzaal,1723
2011-06-22 22:00:00,0000-00-00 00:00:00,Café,1761
2011-06-23 18:00:00,0000-00-00 00:00:00,Op Locatie,1781
2011-06-23 22:00:00,0000-00-00 00:00:00,Concertzaal,1715
2011-06-23 22:00:00,0000-00-00 00:00:00,Café,1761
2011-06-24 18:00:00,0000-00-00 00:00:00,Op Locatie,1781
2011-06-24 20:15:00,0000-00-00 00:00:00,Balzaal,1701
2011-06-24 23:00:00,0000-00-00 00:00:00,Concertzaal,1695
2011-06-25 14:00:00,0000-00-00 00:00:00,Op Locatie,1781
2011-06-25 18:00:00,0000-00-00 00:00:00,Op Locatie,1781
2011-06-25 20:00:00,0000-00-00 00:00:00,Op Locatie,1781
2011-06-25 23:00:00,0000-00-00 00:00:00,Concertzaal,1717
2011-06-29 19:30:00,0000-00-00 00:00:00,Concertzaal,1765
2011-06-30 23:00:00,0000-00-00 00:00:00,Concertzaal,1719
2011-07-15 19:30:00,2011-07-15 21:00:00,Domzaal,1741
2011-07-15 22:30:00,2011-07-15 23:50:00,Domzaal,1743
2011-07-15 23:00:00,0000-00-00 00:00:00,Concertzaal,1757
2011-07-16 19:30:00,2011-07-16 20:45:00,Domzaal,1729
2011-07-16 20:00:00,0000-00-00 00:00:00,Balzaal,1739
2011-07-16 22:00:00,0000-00-00 00:00:00,Balzaal,1739
2011-07-16 22:30:00,2011-07-16 23:50:00,Domzaal,1743
2011-07-16 23:00:00,0000-00-00 00:00:00,Concertzaal,1757
2011-07-17 19:30:00,2011-07-17 21:00:00,Domzaal,1731
2011-07-17 20:00:00,0000-00-00 00:00:00,Balzaal,1739
2011-07-17 22:00:00,0000-00-00 00:00:00,Balzaal,1739
2011-07-17 22:30:00,2011-07-17 23:50:00,Domzaal,1745
2011-07-17 23:00:00,0000-00-00 00:00:00,Concertzaal,1757
2011-07-18 19:30:00,2011-07-18 20:45:00,Domzaal,1733
2011-07-18 20:00:00,0000-00-00 00:00:00,Balzaal,1739
2011-07-18 22:00:00,0000-00-00 00:00:00,Balzaal,1739
2011-07-18 22:30:00,2011-07-18 23:59:00,Domzaal,1741
2011-07-18 23:00:00,0000-00-00 00:00:00,Concertzaal,1757
2011-07-19 20:00:00,0000-00-00 00:00:00,Balzaal,1739
2011-07-19 20:00:00,2011-07-19 21:30:00,Theaterzaal,1747
2011-07-19 22:00:00,0000-00-00 00:00:00,Balzaal,1739
2011-07-19 22:30:00,2011-07-19 23:45:00,Domzaal,1729
2011-07-19 23:00:00,0000-00-00 00:00:00,Concertzaal,1757
2011-07-20 20:00:00,0000-00-00 00:00:00,Balzaal,1739
2011-07-20 20:00:00,2011-07-20 21:30:00,Theaterzaal,1747
2011-07-20 22:00:00,0000-00-00 00:00:00,Balzaal,1739
2011-07-20 23:00:00,0000-00-00 00:00:00,Concertzaal,1757
2011-07-21 19:30:00,2011-07-21 20:45:00,Domzaal,1749
2011-07-21 20:00:00,0000-00-00 00:00:00,Balzaal,1739
2011-07-21 22:00:00,0000-00-00 00:00:00,Balzaal,1739
2011-07-21 22:30:00,2011-07-21 23:45:00,Domzaal,1733
2011-07-21 23:00:00,0000-00-00 00:00:00,Concertzaal,1757
2011-07-22 20:00:00,2011-07-22 22:00:00,Theaterzaal,1735
2011-07-22 20:00:00,0000-00-00 00:00:00,Balzaal,1739
2011-07-22 22:00:00,0000-00-00 00:00:00,Balzaal,1739
2011-07-22 22:30:00,2011-07-22 23:45:00,Domzaal,1749
2011-07-22 23:00:00,0000-00-00 00:00:00,Concertzaal,1757
2011-07-23 19:30:00,2011-07-23 20:30:00,Domzaal,1737
2011-07-23 20:00:00,0000-00-00 00:00:00,Balzaal,1739
2011-07-23 22:00:00,0000-00-00 00:00:00,Balzaal,1739
2011-07-23 22:30:00,2011-07-23 23:50:00,Domzaal,1745
2011-07-23 23:00:00,0000-00-00 00:00:00,Concertzaal,1757
2011-07-24 20:00:00,2011-07-24 22:00:00,Theaterzaal,1735
2011-07-24 20:00:00,0000-00-00 00:00:00,Balzaal,1739
2011-07-24 22:00:00,0000-00-00 00:00:00,Balzaal,1739
2011-07-24 22:30:00,2011-07-24 23:59:00,Domzaal,1731
2011-07-25 19:30:00,2011-07-25 20:30:00,Domzaal,1737
2011-07-25 20:00:00,0000-00-00 00:00:00,Balzaal,1739
2011-07-25 22:00:00,0000-00-00 00:00:00,Balzaal,1739
2011-07-25 23:00:00,0000-00-00 00:00:00,Concertzaal,1757
2011-07-30 17:00:00,0000-00-00 00:00:00,"Academieraadzaal RUG, Volderstraat 9",1767
2011-07-31 17:00:00,0000-00-00 00:00:00,Op Locatie,1769
2011-08-01 17:00:00,0000-00-00 00:00:00,Op Locatie,1771
2011-08-02 17:00:00,0000-00-00 00:00:00,Op Locatie,1779
2011-08-03 17:00:00,0000-00-00 00:00:00,Op Locatie,1773
2011-08-04 17:00:00,0000-00-00 00:00:00,Op Locatie,1775
2011-08-05 17:00:00,0000-00-00 00:00:00,Op Locatie,1777
2011-09-03 23:00:00,0000-00-00 00:00:00,Balzaal,1455
2011-09-09 19:00:00,2011-09-09 23:00:00,Snoepwinkel,1503
2011-09-10 21:00:00,0000-00-00 00:00:00,Balzaal,1443
2011-09-10 23:00:00,0000-00-00 00:00:00,Concertzaal,1451
2011-09-11 10:00:00,2011-09-11 18:00:00,Diverse Zalen,1461
2011-09-12 19:30:00,0000-00-00 00:00:00,Concertzaal,1427
2011-09-14 20:00:00,0000-00-00 00:00:00,Domzaal,1407
2011-09-16 19:00:00,2011-09-16 23:00:00,Snoepwinkel,1503
2011-09-17 13:00:00,0000-00-00 00:00:00,Theaterzaal,1449
2011-09-17 23:00:00,0000-00-00 00:00:00,Concertzaal,1447
2011-09-21 20:00:00,0000-00-00 00:00:00,Domzaal,1453
2011-09-22 20:00:00,0000-00-00 00:00:00,Theaterzaal,1303
2011-09-22 22:00:00,0000-00-00 00:00:00,Café,1301
2011-09-23 19:00:00,2011-09-23 23:00:00,Snoepwinkel,1503
2011-09-23 22:00:00,0000-00-00 00:00:00,"Academieraadzaal RUG, Volderstraat 9",1399
2011-09-23 23:00:00,0000-00-00 00:00:00,Concertzaal,1457
2011-09-24 22:00:00,0000-00-00 00:00:00,Balzaal,1467
2011-09-24 23:00:00,0000-00-00 00:00:00,Concertzaal,1445
2011-09-25 19:30:00,0000-00-00 00:00:00,Balzaal,1393
2011-09-28 20:00:00,0000-00-00 00:00:00,Minard,1305
2011-09-28 20:00:00,0000-00-00 00:00:00,Balzaal,1411
2011-09-28 20:30:00,0000-00-00 00:00:00,Brugzaal,1509
2011-09-29 20:00:00,0000-00-00 00:00:00,Minard,1305
2011-09-29 20:00:00,0000-00-00 00:00:00,Domzaal,1307
2011-09-29 23:00:00,0000-00-00 00:00:00,Concertzaal,1459
2011-09-30 16:00:00,0000-00-00 00:00:00,Balzaal & Brugzaal,1463
2011-09-30 20:00:00,0000-00-00 00:00:00,Domzaal,1307
2011-09-30 20:00:00,0000-00-00 00:00:00,Theaterzaal,1309
2011-09-30 22:00:00,0000-00-00 00:00:00,Concertzaal,1471
2011-10-01 15:00:00,2011-10-01 17:00:00,Diverse Zalen,1389
2011-10-01 20:00:00,0000-00-00 00:00:00,Minard,1305
2011-10-01 20:00:00,0000-00-00 00:00:00,Domzaal,1307
2011-10-01 20:00:00,0000-00-00 00:00:00,Theaterzaal,1385
2011-10-01 22:30:00,2011-10-02 06:00:00,Concertzaal,1521
2011-10-01 23:00:00,0000-00-00 00:00:00,Balzaal,1545
2011-10-04 22:00:00,0000-00-00 00:00:00,Concertzaal,1501
2011-10-05 14:00:00,0000-00-00 00:00:00,Minard,1319
2011-10-05 14:30:00,0000-00-00 00:00:00,Minard,1319
2011-10-05 15:00:00,0000-00-00 00:00:00,Minard,1319
2011-10-05 15:30:00,0000-00-00 00:00:00,Minard,1319
2011-10-05 16:00:00,0000-00-00 00:00:00,Minard,1319
2011-10-05 16:30:00,0000-00-00 00:00:00,Minard,1319
2011-10-05 19:00:00,0000-00-00 00:00:00,Minard,1319
2011-10-05 19:30:00,0000-00-00 00:00:00,Minard,1319
2011-10-05 20:00:00,0000-00-00 00:00:00,Balzaal,1311
2011-10-05 20:00:00,0000-00-00 00:00:00,Theaterzaal,1313
2011-10-05 20:00:00,0000-00-00 00:00:00,Minard,1319
2011-10-05 20:00:00,0000-00-00 00:00:00,Minard,1321
2011-10-05 20:30:00,0000-00-00 00:00:00,Minard,1319
2011-10-05 21:00:00,0000-00-00 00:00:00,Minard,1319
2011-10-05 21:30:00,0000-00-00 00:00:00,Minard,1319
2011-10-05 22:00:00,0000-00-00 00:00:00,Minard,1515
2011-10-06 00:00:00,0000-00-00 00:00:00,Minard,1315
2011-10-06 00:30:00,0000-00-00 00:00:00,Minard,1315
2011-10-06 14:00:00,0000-00-00 00:00:00,Minard,1319
2011-10-06 14:30:00,0000-00-00 00:00:00,Minard,1319
2011-10-06 15:00:00,0000-00-00 00:00:00,Minard,1319
2011-10-06 15:30:00,0000-00-00 00:00:00,Minard,1319
2011-10-06 16:00:00,0000-00-00 00:00:00,Minard,1319
2011-10-06 16:30:00,0000-00-00 00:00:00,Minard,1319
2011-10-06 20:00:00,0000-00-00 00:00:00,Theaterzaal,1313
2011-10-06 20:00:00,0000-00-00 00:00:00,Minard,1321
2011-10-06 22:00:00,0000-00-00 00:00:00,Minard,1315
2011-10-06 22:00:00,0000-00-00 00:00:00,Concertzaal,1507
2011-10-06 22:30:00,0000-00-00 00:00:00,Minard,1315
2011-10-06 23:00:00,0000-00-00 00:00:00,Minard,1315
2011-10-06 23:30:00,0000-00-00 00:00:00,Minard,1315
2011-10-07 14:00:00,0000-00-00 00:00:00,Minard,1315
2011-10-07 14:00:00,0000-00-00 00:00:00,Minard,1319
2011-10-07 14:30:00,0000-00-00 00:00:00,Minard,1315
2011-10-07 14:30:00,0000-00-00 00:00:00,Minard,1319
2011-10-07 15:00:00,0000-00-00 00:00:00,Minard,1315
2011-10-07 15:00:00,0000-00-00 00:00:00,Minard,1319
2011-10-07 15:30:00,0000-00-00 00:00:00,Minard,1315
2011-10-07 15:30:00,0000-00-00 00:00:00,Minard,1319
2011-10-07 16:00:00,0000-00-00 00:00:00,Minard,1315
2011-10-07 16:00:00,0000-00-00 00:00:00,Minard,1319
2011-10-07 16:30:00,0000-00-00 00:00:00,Minard,1315
2011-10-07 16:30:00,0000-00-00 00:00:00,Minard,1319
2011-10-07 17:00:00,0000-00-00 00:00:00,Minard,1315
2011-10-07 17:30:00,0000-00-00 00:00:00,Minard,1315
2011-10-07 19:00:00,0000-00-00 00:00:00,Minard,1319
2011-10-07 19:30:00,0000-00-00 00:00:00,Minard,1319
2011-10-07 20:00:00,0000-00-00 00:00:00,Theaterzaal,1313
2011-10-07 20:00:00,0000-00-00 00:00:00,Minard,1319
2011-10-07 20:00:00,0000-00-00 00:00:00,Minard,1321
2011-10-07 20:15:00,0000-00-00 00:00:00,"Academieraadzaal RUG, Volderstraat 9",1429
2011-10-07 20:30:00,0000-00-00 00:00:00,Minard,1319
2011-10-07 21:00:00,0000-00-00 00:00:00,Minard,1319
2011-10-07 21:30:00,0000-00-00 00:00:00,Minard,1319
2011-10-07 22:00:00,0000-00-00 00:00:00,Minard,1323
2011-10-07 23:00:00,0000-00-00 00:00:00,Concertzaal,1395
2011-10-08 00:00:00,0000-00-00 00:00:00,Minard,1317
2011-10-08 00:30:00,0000-00-00 00:00:00,Minard,1317
2011-10-08 14:00:00,0000-00-00 00:00:00,Minard,1319
2011-10-08 14:30:00,0000-00-00 00:00:00,Minard,1319
2011-10-08 15:00:00,0000-00-00 00:00:00,Minard,1319
2011-10-08 15:00:00,0000-00-00 00:00:00,Minard,1323
2011-10-08 15:30:00,0000-00-00 00:00:00,Minard,1319
2011-10-08 16:00:00,0000-00-00 00:00:00,Minard,1319
2011-10-08 16:30:00,0000-00-00 00:00:00,Minard,1319
2011-10-08 20:00:00,0000-00-00 00:00:00,Theaterzaal,1313
2011-10-08 20:00:00,0000-00-00 00:00:00,Minard,1325
2011-10-08 22:00:00,0000-00-00 00:00:00,Minard,1317
2011-10-08 22:30:00,0000-00-00 00:00:00,Minard,1317
2011-10-08 23:00:00,0000-00-00 00:00:00,Minard,1317
2011-10-08 23:00:00,0000-00-00 00:00:00,"Academieraadzaal RUG, Volderstraat 9",1535
2011-10-08 23:30:00,0000-00-00 00:00:00,Minard,1317
2011-10-09 00:00:00,0000-00-00 00:00:00,Minard,1317
2011-10-09 00:30:00,0000-00-00 00:00:00,Minard,1317
2011-10-09 14:00:00,0000-00-00 00:00:00,Minard,1319
2011-10-09 14:30:00,0000-00-00 00:00:00,Minard,1319
2011-10-09 15:00:00,0000-00-00 00:00:00,Minard,1319
2011-10-09 15:00:00,0000-00-00 00:00:00,Minard,1325
2011-10-09 15:30:00,0000-00-00 00:00:00,Minard,1319
2011-10-09 16:00:00,0000-00-00 00:00:00,Minard,1319
2011-10-09 16:30:00,0000-00-00 00:00:00,Minard,1319
2011-10-09 17:00:00,0000-00-00 00:00:00,Minard,1317
2011-10-09 17:30:00,0000-00-00 00:00:00,Minard,1317
2011-10-09 18:00:00,0000-00-00 00:00:00,Minard,1317
2011-10-09 18:30:00,0000-00-00 00:00:00,Minard,1317
2011-10-09 19:00:00,0000-00-00 00:00:00,Minard,1317
2011-10-09 19:00:00,0000-00-00 00:00:00,Minard,1319
2011-10-09 19:30:00,0000-00-00 00:00:00,Minard,1317
2011-10-09 19:30:00,0000-00-00 00:00:00,Minard,1319
2011-10-09 20:00:00,0000-00-00 00:00:00,Minard,1319
2011-10-09 20:00:00,0000-00-00 00:00:00,Minard,1325
2011-10-09 20:30:00,0000-00-00 00:00:00,Minard,1319
2011-10-09 21:00:00,0000-00-00 00:00:00,Minard,1319
2011-10-09 21:30:00,0000-00-00 00:00:00,Minard,1319
2011-10-09 22:00:00,0000-00-00 00:00:00,Minard,1317
2011-10-09 22:30:00,0000-00-00 00:00:00,Minard,1317
2011-10-09 23:00:00,0000-00-00 00:00:00,Minard,1317
2011-10-09 23:30:00,0000-00-00 00:00:00,Minard,1317
2011-10-11 18:00:00,2011-10-11 23:59:00,Diverse Zalen,1495
2011-10-11 18:00:00,2011-10-11 23:59:00,Dansstudio,1523
2011-10-11 20:00:00,0000-00-00 00:00:00,\N,1327
2011-10-11 20:00:00,0000-00-00 00:00:00,Theaterzaal,1499
2011-10-12 14:30:00,0000-00-00 00:00:00,Theaterzaal,1487
2011-10-12 14:30:00,0000-00-00 00:00:00,Domzaal,1555
2011-10-12 16:30:00,2011-10-12 23:59:00,Diverse Zalen,1495
2011-10-12 17:00:00,0000-00-00 00:00:00,Domzaal,1575
2011-10-12 18:00:00,2011-10-12 23:59:00,Dansstudio,1523
2011-10-12 20:00:00,0000-00-00 00:00:00,\N,1327
2011-10-12 20:00:00,2011-10-12 21:00:00,Minard,1329
2011-10-12 20:00:00,0000-00-00 00:00:00,Theaterzaal,1589
2011-10-12 20:00:00,0000-00-00 00:00:00,Domzaal,1601
2011-10-12 21:30:00,0000-00-00 00:00:00,Balzaal,1489
2011-10-12 22:00:00,0000-00-00 00:00:00,Concertzaal,1537
2011-10-12 22:30:00,0000-00-00 00:00:00,Domzaal,1571
2011-10-13 14:30:00,0000-00-00 00:00:00,Theaterzaal,1499
2011-10-13 17:00:00,0000-00-00 00:00:00,Domzaal,1571
2011-10-13 18:00:00,0000-00-00 00:00:00,Op Locatie,1483
2011-10-13 18:00:00,2011-10-13 23:59:00,Diverse Zalen,1495
2011-10-13 18:00:00,2011-10-13 23:59:00,Dansstudio,1523
2011-10-13 20:00:00,0000-00-00 00:00:00,\N,1327
2011-10-13 20:00:00,2011-10-13 21:00:00,Minard,1329
2011-10-13 20:00:00,0000-00-00 00:00:00,Balzaal,1415
2011-10-13 20:00:00,0000-00-00 00:00:00,Domzaal,1555
2011-10-13 20:00:00,0000-00-00 00:00:00,Theaterzaal,1577
2011-10-13 22:00:00,0000-00-00 00:00:00,Café,1529
2011-10-13 22:30:00,0000-00-00 00:00:00,Domzaal,1595
2011-10-14 14:30:00,0000-00-00 00:00:00,Domzaal,1599
2011-10-14 17:00:00,0000-00-00 00:00:00,Theaterzaal,1589
2011-10-14 18:00:00,2011-10-14 23:59:00,Diverse Zalen,1495
2011-10-14 18:00:00,2011-10-14 00:00:00,Dansstudio,1523
2011-10-14 20:00:00,0000-00-00 00:00:00,\N,1327
2011-10-14 20:00:00,0000-00-00 00:00:00,Theaterzaal,1573
2011-10-14 20:00:00,0000-00-00 00:00:00,Domzaal,1597
2011-10-14 22:00:00,0000-00-00 00:00:00,Concertzaal,1441
2011-10-14 22:00:00,0000-00-00 00:00:00,Minard,1481
2011-10-14 22:30:00,0000-00-00 00:00:00,Domzaal,1557
2011-10-15 14:00:00,2011-10-15 23:59:00,Diverse Zalen,1495
2011-10-15 14:00:00,2011-10-15 00:00:00,Dansstudio,1523
2011-10-15 14:30:00,0000-00-00 00:00:00,Theaterzaal,1499
2011-10-15 14:30:00,0000-00-00 00:00:00,Theaterzaal,1603
2011-10-15 15:00:00,2011-10-15 16:30:00,Vooruit,1491
2011-10-15 17:30:00,0000-00-00 00:00:00,Domzaal,1569
2011-10-15 20:00:00,0000-00-00 00:00:00,\N,1327
2011-10-15 20:00:00,0000-00-00 00:00:00,Minard,1481
2011-10-15 20:00:00,0000-00-00 00:00:00,Theaterzaal,1581
2011-10-15 20:00:00,0000-00-00 00:00:00,\N,1615
2011-10-15 23:00:00,0000-00-00 00:00:00,"Academieraadzaal RUG, Volderstraat 9",1533
2011-10-16 13:30:00,0000-00-00 00:00:00,Café,1419
2011-10-16 14:00:00,0000-00-00 00:00:00,Café,1419
2011-10-16 14:00:00,2011-10-16 23:59:00,Diverse Zalen,1495
2011-10-16 14:00:00,2011-10-16 00:00:00,Dansstudio,1523
2011-10-16 14:30:00,0000-00-00 00:00:00,Theaterzaal,1487
2011-10-16 14:30:00,0000-00-00 00:00:00,Domzaal,1585
2011-10-16 15:00:00,0000-00-00 00:00:00,Café,1419
2011-10-16 15:00:00,2011-10-16 16:30:00,Vooruit,1491
2011-10-16 17:00:00,0000-00-00 00:00:00,Theaterzaal,1583
2011-10-16 17:30:00,0000-00-00 00:00:00,Domzaal,1557
2011-10-16 20:00:00,0000-00-00 00:00:00,Domzaal,1575
2011-10-16 22:30:00,0000-00-00 00:00:00,Domzaal,1595
2011-10-17 14:30:00,0000-00-00 00:00:00,Theaterzaal,1573
2011-10-17 17:00:00,0000-00-00 00:00:00,Domzaal,1565
2011-10-17 18:00:00,2011-10-17 23:59:00,Diverse Zalen,1495
2011-10-17 18:00:00,2011-10-17 00:00:00,Dansstudio,1523
2011-10-17 20:00:00,0000-00-00 00:00:00,Theaterzaal,1477
2011-10-17 20:00:00,0000-00-00 00:00:00,Domzaal,1587
2011-10-17 22:30:00,0000-00-00 00:00:00,Domzaal,1599
2011-10-18 14:30:00,0000-00-00 00:00:00,Domzaal,1575
2011-10-18 17:00:00,0000-00-00 00:00:00,Domzaal,1601
2011-10-18 18:00:00,2011-10-18 23:59:00,Diverse Zalen,1495
2011-10-18 18:00:00,2011-10-18 23:59:00,Dansstudio,1523
2011-10-18 20:00:00,0000-00-00 00:00:00,\N,1327
2011-10-18 20:00:00,0000-00-00 00:00:00,Balzaal,1401
2011-10-18 20:00:00,0000-00-00 00:00:00,Minard,1485
2011-10-18 20:00:00,0000-00-00 00:00:00,"Academieraadzaal RUG, Volderstraat 9",1553
2011-10-18 20:00:00,0000-00-00 00:00:00,Theaterzaal,1567
2011-10-18 21:00:00,0000-00-00 00:00:00,Minard,1497
2011-10-18 22:00:00,0000-00-00 00:00:00,Café,1473
2011-10-18 22:00:00,0000-00-00 00:00:00,Minard,1485
2011-10-18 22:30:00,0000-00-00 00:00:00,Domzaal,1571
2011-10-19 14:30:00,0000-00-00 00:00:00,Domzaal,1595
2011-10-19 17:00:00,0000-00-00 00:00:00,Domzaal,1555
2011-10-19 18:00:00,2011-10-19 23:59:00,Diverse Zalen,1495
2011-10-19 18:00:00,2011-10-19 23:59:00,Dansstudio,1523
2011-10-19 20:00:00,0000-00-00 00:00:00,\N,1327
2011-10-19 20:00:00,0000-00-00 00:00:00,Minard,1485
2011-10-19 20:00:00,0000-00-00 00:00:00,Theaterzaal,1559
2011-10-19 20:00:00,0000-00-00 00:00:00,Domzaal,1593
2011-10-19 20:00:00,0000-00-00 00:00:00,\N,1617
2011-10-19 21:00:00,0000-00-00 00:00:00,Minard,1497
2011-10-19 22:00:00,0000-00-00 00:00:00,Minard,1485
2011-10-19 22:30:00,0000-00-00 00:00:00,Domzaal,1557
2011-10-20 14:30:00,0000-00-00 00:00:00,Domzaal,1563
2011-10-20 17:00:00,0000-00-00 00:00:00,Domzaal,1599
2011-10-20 18:00:00,2011-10-20 23:59:00,Diverse Zalen,1495
2011-10-20 18:00:00,2011-10-20 23:59:00,Dansstudio,1523
2011-10-20 20:00:00,0000-00-00 00:00:00,\N,1327
2011-10-20 20:00:00,0000-00-00 00:00:00,Minard,1485
2011-10-20 20:00:00,0000-00-00 00:00:00,Domzaal,1561
2011-10-20 20:00:00,0000-00-00 00:00:00,Theaterzaal,1579
2011-10-20 22:00:00,2011-10-20 22:30:00,Minard,1485
2011-10-20 22:30:00,0000-00-00 00:00:00,Domzaal,1587
2011-10-21 14:30:00,0000-00-00 00:00:00,Domzaal,1591
2011-10-21 17:00:00,0000-00-00 00:00:00,Domzaal,1565
2011-10-21 18:00:00,0000-00-00 00:00:00,Op Locatie,1483
2011-10-21 18:00:00,2011-10-21 23:59:00,Diverse Zalen,1495
2011-10-21 18:00:00,2011-10-21 23:59:00,Dansstudio,1523
2011-10-21 20:00:00,0000-00-00 00:00:00,\N,1327
2011-10-21 20:00:00,2011-10-21 20:30:00,Minard,1485
2011-10-21 20:00:00,0000-00-00 00:00:00,"Academieraadzaal RUG, Volderstraat 9",1553
2011-10-21 20:00:00,0000-00-00 00:00:00,Theaterzaal,1579
2011-10-21 22:00:00,2011-10-21 22:30:00,Minard,1485
2011-10-21 22:30:00,0000-00-00 00:00:00,Domzaal,1563
2011-10-21 23:00:00,0000-00-00 00:00:00,Concertzaal,1517
2011-10-22 14:00:00,2011-10-22 23:59:00,Diverse Zalen,1495
2011-10-22 14:00:00,2011-10-22 23:59:00,Dansstudio,1523
2011-10-22 14:00:00,2011-10-22 23:59:00,Diverse Zalen,1633
2011-10-22 14:30:00,0000-00-00 00:00:00,"Academieraadzaal RUG, Volderstraat 9",1553
2011-10-22 15:00:00,2011-10-22 16:30:00,Vooruit,1491
2011-10-22 17:00:00,0000-00-00 00:00:00,Domzaal,1561
2011-10-22 20:00:00,0000-00-00 00:00:00,\N,1327
2011-10-22 20:00:00,2011-10-22 20:30:00,Minard,1485
2011-10-22 20:00:00,0000-00-00 00:00:00,Domzaal,1563
2011-10-22 20:00:00,0000-00-00 00:00:00,Domzaal,1591
2011-10-22 20:30:00,0000-00-00 00:00:00,"NTGent, Sint-Baafsplein 17",1341
2011-10-22 22:00:00,2011-10-22 22:30:00,Minard,1485
2011-10-22 23:00:00,0000-00-00 00:00:00,Balzaal,1493
2011-10-22 23:00:00,0000-00-00 00:00:00,Concertzaal,1505
2011-10-22 23:01:00,0000-00-00 00:00:00,Balzaal,1609
2011-10-25 20:00:00,0000-00-00 00:00:00,Minard,1331
2011-10-25 20:00:00,0000-00-00 00:00:00,Op Locatie,1627
2011-10-26 20:00:00,0000-00-00 00:00:00,Domzaal,1333
2011-10-26 20:00:00,0000-00-00 00:00:00,Op Locatie,1337
2011-10-26 22:00:00,0000-00-00 00:00:00,Concertzaal,1543
2011-10-27 20:00:00,0000-00-00 00:00:00,Diverse Zalen,1339
2011-10-27 23:30:00,0000-00-00 00:00:00,Balzaal,1623
2011-10-28 19:00:00,2011-10-28 23:00:00,Snoepwinkel,1503
2011-10-28 20:00:00,0000-00-00 00:00:00,Minard,1335
2011-10-28 20:30:00,0000-00-00 00:00:00,"NTGent, Sint-Baafsplein 17",1341
2011-10-29 13:00:00,0000-00-00 00:00:00,Diverse Zalen,1611
2011-10-29 20:00:00,0000-00-00 00:00:00,Minard,1335
2011-10-29 20:00:00,0000-00-00 00:00:00,Concertzaal,1513
2011-10-30 20:00:00,0000-00-00 00:00:00,Theaterzaal,1519
2011-10-31 20:00:00,0000-00-00 00:00:00,Theaterzaal,1519
2011-10-31 21:00:00,0000-00-00 00:00:00,Diverse Zalen,1431
2011-11-01 19:30:00,0000-00-00 00:00:00,Balzaal,1525
2011-11-03 16:00:00,2011-11-03 18:00:00,Foyer Theaterzaal ,1613
2011-11-03 20:00:00,0000-00-00 00:00:00,Theaterzaal,1343
2011-11-04 19:00:00,2011-11-04 23:00:00,Snoepwinkel,1503
2011-11-04 20:00:00,0000-00-00 00:00:00,Theaterzaal,1343
2011-11-04 20:00:00,0000-00-00 00:00:00,Domzaal,1551
2011-11-04 21:00:00,0000-00-00 00:00:00,Balzaal,1647
2011-11-05 15:00:00,2011-11-05 17:00:00,Diverse Zalen,1389
2011-11-05 20:00:00,0000-00-00 00:00:00,Theaterzaal,1343
2011-11-05 21:00:00,0000-00-00 00:00:00,Balzaal,1605
2011-11-05 23:00:00,0000-00-00 00:00:00,Concertzaal,1645
2011-11-07 17:00:00,0000-00-00 00:00:00,Op Locatie,1663
2011-11-08 19:30:00,0000-00-00 00:00:00,Concertzaal,1479
2011-11-08 20:00:00,0000-00-00 00:00:00,Theaterzaal,1345
2011-11-09 20:00:00,0000-00-00 00:00:00,Theaterzaal,1345
2011-11-09 20:00:00,0000-00-00 00:00:00,Balzaal,1347
2011-11-10 16:00:00,2011-11-10 18:00:00,Foyer Theaterzaal ,1613
2011-11-10 20:00:00,0000-00-00 00:00:00,Theaterzaal,1349
2011-11-10 22:00:00,0000-00-00 00:00:00,Café,1409
2011-11-10 23:00:00,2011-11-11 06:00:00,Concertzaal,1625
2011-11-11 19:00:00,2011-11-11 23:00:00,Snoepwinkel,1503
2011-11-11 20:00:00,0000-00-00 00:00:00,Theaterzaal,1349
2011-11-11 20:00:00,2011-11-11 21:15:00,Domzaal,1531
2011-11-11 20:30:00,0000-00-00 00:00:00,Balzaal,1433
2011-11-11 23:00:00,0000-00-00 00:00:00,"Academieraadzaal RUG, Volderstraat 9",1435
2011-11-12 20:00:00,0000-00-00 00:00:00,Theaterzaal,1349
2011-11-12 20:00:00,2011-11-12 21:15:00,Domzaal,1531
2011-11-12 20:00:00,0000-00-00 00:00:00,Balzaal,1649
2011-11-12 23:00:00,0000-00-00 00:00:00,Concertzaal,1637
2011-11-13 13:30:00,0000-00-00 00:00:00,Café,1421
2011-11-13 14:00:00,0000-00-00 00:00:00,Café,1421
2011-11-13 15:00:00,0000-00-00 00:00:00,Café,1421
2011-11-13 20:00:00,0000-00-00 00:00:00,Theaterzaal,1349
2011-11-15 16:00:00,2011-11-15 18:00:00,Foyer Theaterzaal ,1613
2011-11-15 20:00:00,0000-00-00 00:00:00,Minard,1351
2011-11-16 20:00:00,0000-00-00 00:00:00,Minard,1351
2011-11-16 20:00:00,2011-11-16 22:10:00,Theaterzaal,1391
2011-11-16 20:00:00,0000-00-00 00:00:00,\N,1619
2011-11-17 20:00:00,0000-00-00 00:00:00,Minard,1351
2011-11-17 20:00:00,0000-00-00 00:00:00,Theaterzaal,1379
2011-11-18 19:00:00,2011-11-18 23:00:00,Snoepwinkel,1503
2011-11-18 20:00:00,0000-00-00 00:00:00,Minard,1351
2011-11-18 20:00:00,0000-00-00 00:00:00,"Miry Concertzaal, Biezekapelstraat 9",1629
2011-11-19 16:00:00,0000-00-00 00:00:00,"De Bijloke, Jozef Kluyskensstraat 2",1631
2011-11-19 20:00:00,0000-00-00 00:00:00,Minard,1351
2011-11-22 20:00:00,0000-00-00 00:00:00,Balzaal,1403
2011-11-22 23:00:00,0000-00-00 00:00:00,Concertzaal,1651
2011-11-23 20:00:00,0000-00-00 00:00:00,Domzaal,1511
2011-11-23 23:00:00,0000-00-00 00:00:00,Concertzaal,1653
2011-11-24 20:00:00,0000-00-00 00:00:00,Minard,1353
2011-11-24 20:00:00,2011-11-24 21:30:00,Theaterzaal,1355
2011-11-24 20:00:00,0000-00-00 00:00:00,Balzaal,1547
2011-11-24 21:30:00,0000-00-00 00:00:00,Minard,1383
2011-11-24 22:00:00,0000-00-00 00:00:00,Café,1417
2011-11-25 19:00:00,2011-11-25 23:00:00,Snoepwinkel,1503
2011-11-25 20:00:00,0000-00-00 00:00:00,Minard,1353
2011-11-25 23:00:00,0000-00-00 00:00:00,Concertzaal,1475
2011-11-26 10:00:00,2011-11-26 23:00:00,Op Locatie,1661
2011-11-26 19:00:00,0000-00-00 00:00:00,Theaterzaal & Balzaal,1641
2011-11-26 21:00:00,0000-00-00 00:00:00,Theaterzaal & Balzaal,1641
2011-11-27 09:30:00,2011-11-27 20:00:00,Theaterzaal,1413
2011-11-27 09:30:00,2011-11-27 20:00:00,Theaterzaal,1413
2011-11-27 14:00:00,2011-11-27 18:00:00,Café,1639
2011-11-27 19:30:00,0000-00-00 00:00:00,Balzaal,1397
2011-11-30 20:00:00,0000-00-00 00:00:00,Theaterzaal,1377
2011-11-30 20:00:00,0000-00-00 00:00:00,\N,1621
2011-11-30 22:00:00,0000-00-00 00:00:00,Concertzaal,1655
2011-12-01 16:00:00,2011-12-01 18:00:00,Foyer Theaterzaal ,1613
2011-12-01 20:00:00,0000-00-00 00:00:00,\N,1671
2011-12-01 20:30:00,0000-00-00 00:00:00,Concertzaal,1469
2011-12-01 21:00:00,2011-12-02 01:00:00,Op Locatie,1683
2011-12-02 19:00:00,2011-12-02 23:00:00,Snoepwinkel,1503
2011-12-02 20:00:00,0000-00-00 00:00:00,Theaterzaal,1359
2011-12-02 20:00:00,0000-00-00 00:00:00,Diverse Zalen,1387
2011-12-02 21:00:00,0000-00-00 00:00:00,Concertzaal,1439
2011-12-02 21:00:00,0000-00-00 00:00:00,Theaterzaal,1679
2011-12-02 22:00:00,0000-00-00 00:00:00,Domzaal,1357
2011-12-02 23:00:00,0000-00-00 00:00:00,Balzaal,1643
2011-12-03 15:00:00,2011-12-03 17:00:00,Diverse Zalen,1389
2011-12-03 20:00:00,0000-00-00 00:00:00,Theaterzaal,1359
2011-12-03 20:00:00,0000-00-00 00:00:00,Diverse Zalen,1387
2011-12-03 22:00:00,0000-00-00 00:00:00,Domzaal,1357
2011-12-03 23:00:00,0000-00-00 00:00:00,Balzaal,1425
2011-12-04 16:00:00,0000-00-00 00:00:00,Concertzaal,1381
2011-12-06 09:00:00,2011-12-06 17:00:00,Diverse Zalen,1669
2011-12-06 20:00:00,0000-00-00 00:00:00,Theaterzaal,1361
2011-12-06 20:00:00,0000-00-00 00:00:00,Domzaal,1541
2011-12-07 09:00:00,2011-12-07 17:00:00,Diverse Zalen,1669
2011-12-07 20:00:00,0000-00-00 00:00:00,Theaterzaal,1361
2011-12-08 16:00:00,2011-12-08 18:00:00,Foyer Theaterzaal ,1613
2011-12-08 20:00:00,0000-00-00 00:00:00,Theaterzaal,1361
2011-12-08 20:00:00,0000-00-00 00:00:00,Balzaal,1635
2011-12-08 22:00:00,0000-00-00 00:00:00,Concertzaal,1527
2011-12-09 19:00:00,2011-12-09 23:00:00,Snoepwinkel,1503
2011-12-09 20:00:00,0000-00-00 00:00:00,Theaterzaal,1361
2011-12-09 20:00:00,0000-00-00 00:00:00,"Opera Gent, Schouwburgstraat 3",1363
2011-12-09 21:00:00,0000-00-00 00:00:00,Concertzaal,1465
2011-12-09 22:00:00,0000-00-00 00:00:00,Balzaal,1659
2011-12-10 20:00:00,0000-00-00 00:00:00,Theaterzaal,1361
2011-12-10 20:00:00,0000-00-00 00:00:00,"Opera Gent, Schouwburgstraat 3",1363
2011-12-10 21:30:00,0000-00-00 00:00:00,Balzaal,1673
2011-12-11 19:30:00,0000-00-00 00:00:00,Balzaal,1437
2011-12-11 19:30:00,0000-00-00 00:00:00,Concertzaal,1539
2011-12-12 19:30:00,0000-00-00 00:00:00,Concertzaal,1549
2011-12-13 21:00:00,0000-00-00 00:00:00,Concertzaal,1657
2011-12-15 20:00:00,0000-00-00 00:00:00,Theaterzaal,1365
2011-12-15 20:00:00,0000-00-00 00:00:00,Balzaal,1367
2011-12-16 19:00:00,2011-12-16 23:00:00,Snoepwinkel,1503
2011-12-16 20:00:00,0000-00-00 00:00:00,Theaterzaal,1365
2011-12-16 20:00:00,0000-00-00 00:00:00,Op Locatie,1687
2011-12-17 20:00:00,0000-00-00 00:00:00,Op Locatie,1687
2011-12-17 23:00:00,0000-00-00 00:00:00,Concertzaal,1667
2011-12-17 23:00:00,0000-00-00 00:00:00,"Academieraadzaal RUG, Volderstraat 9",1677
2011-12-18 13:30:00,0000-00-00 00:00:00,Café,1423
2011-12-18 14:30:00,0000-00-00 00:00:00,Café,1423
2011-12-19 17:30:00,0000-00-00 00:00:00,Op Locatie,1691
2011-12-20 16:00:00,2011-12-20 23:30:00,Op Locatie,1691
2011-12-20 20:00:00,0000-00-00 00:00:00,Theaterzaal,1365
2011-12-20 20:00:00,0000-00-00 00:00:00,Balzaal,1405
2011-12-21 16:00:00,2011-12-21 23:30:00,Op Locatie,1691
2011-12-21 20:00:00,0000-00-00 00:00:00,Theaterzaal,1369
2011-12-21 20:00:00,0000-00-00 00:00:00,Diverse Zalen,1373
2011-12-22 20:00:00,0000-00-00 00:00:00,Domzaal,1371
2011-12-22 20:00:00,0000-00-00 00:00:00,Diverse Zalen,1373
2011-12-22 20:00:00,0000-00-00 00:00:00,\N,1375
2011-12-22 22:00:00,0000-00-00 00:00:00,Concertzaal,1665
2011-12-23 19:30:00,0000-00-00 00:00:00,Balzaal,1607
2011-12-23 23:00:00,0000-00-00 00:00:00,Balzaal,1675
2011-12-28 21:30:00,0000-00-00 00:00:00,Café,1689
2011-12-29 21:30:00,0000-00-00 00:00:00,Café,1689
2011-12-31 00:30:00,0000-00-00 00:00:00,Concertzaal,1681
2011-12-31 23:59:00,0000-00-00 00:00:00,Balzaal & Café,1685
2012-01-04 21:30:00,0000-00-00 00:00:00,Café,1689
2012-01-05 21:30:00,0000-00-00 00:00:00,Café,1689
2012-01-11 11:30:00,2012-01-11 23:59:00,Diverse Zalen,1273
2012-01-12 11:30:00,2012-01-12 23:59:00,Diverse Zalen,1273
2012-01-12 20:00:00,0000-00-00 00:00:00,Balzaal,1221
2012-01-13 11:30:00,2012-01-13 23:59:00,Diverse Zalen,1273
2012-01-13 20:00:00,0000-00-00 00:00:00,Theaterzaal,1229
2012-01-14 11:30:00,2012-01-14 23:59:00,Diverse Zalen,1273
2012-01-14 20:00:00,0000-00-00 00:00:00,Theaterzaal,1229
2012-01-15 14:00:00,2012-01-15 23:59:00,Diverse Zalen,1273
2012-01-16 11:30:00,2012-01-16 23:59:00,Diverse Zalen,1273
2012-01-17 11:30:00,2012-01-17 23:59:00,Diverse Zalen,1273
2012-01-17 20:00:00,0000-00-00 00:00:00,Balzaal,1209
2012-01-18 11:30:00,2012-01-18 23:59:00,Diverse Zalen,1273
2012-01-19 11:30:00,2012-01-19 23:59:00,Diverse Zalen,1273
2012-01-19 20:00:00,0000-00-00 00:00:00,Domzaal,1187
2012-01-19 21:30:00,0000-00-00 00:00:00,Domzaal,1187
2012-01-20 11:30:00,2012-01-20 23:59:00,Diverse Zalen,1273
2012-01-20 20:00:00,0000-00-00 00:00:00,Domzaal,1187
2012-01-20 21:30:00,0000-00-00 00:00:00,Domzaal,1187
2012-01-21 11:30:00,2012-01-21 23:59:00,Diverse Zalen,1273
2012-01-21 20:00:00,0000-00-00 00:00:00,Domzaal,1187
2012-01-21 21:30:00,0000-00-00 00:00:00,Domzaal,1187
2012-01-22 13:30:00,0000-00-00 00:00:00,Café,1263
2012-01-22 14:00:00,0000-00-00 00:00:00,Café,1263
2012-01-22 15:00:00,0000-00-00 00:00:00,Café,1263
2012-01-24 19:30:00,0000-00-00 00:00:00,Concertzaal,1217
2012-01-26 20:00:00,0000-00-00 00:00:00,Theaterzaal,1191
2012-01-26 22:00:00,0000-00-00 00:00:00,Café,1235
2012-01-27 19:30:00,0000-00-00 00:00:00,Balzaal,1239
2012-01-27 20:00:00,0000-00-00 00:00:00,Theaterzaal,1191
2012-01-27 20:00:00,2012-01-27 22:00:00,Snoepwinkel,1267
2012-01-27 21:30:00,0000-00-00 00:00:00,Theaterzaal,1189
2012-01-27 23:00:00,0000-00-00 00:00:00,Balzaal,1251
2012-01-28 15:00:00,2012-01-28 17:00:00,Diverse Zalen,1389
2012-01-28 18:00:00,2012-01-28 22:00:00,Snoepwinkel,1267
2012-01-28 20:00:00,0000-00-00 00:00:00,Theaterzaal,1191
2012-01-29 18:00:00,2012-01-29 22:00:00,Snoepwinkel,1267
2012-01-30 15:00:00,0000-00-00 00:00:00,Diverse Zalen,1291
2012-01-30 15:00:00,2012-01-30 19:00:00,Diverse Zalen,1291
2012-01-30 18:00:00,2012-01-30 22:00:00,Snoepwinkel,1267
2012-01-30 20:00:00,0000-00-00 00:00:00,Diverse Zalen,1291
2012-01-31 18:00:00,2012-01-31 22:00:00,Snoepwinkel,1267
2012-02-01 18:00:00,2012-02-01 22:00:00,Snoepwinkel,1267
2012-02-01 19:30:00,0000-00-00 00:00:00,Theaterzaal,1225
2012-02-01 20:00:00,0000-00-00 00:00:00,Balzaal & Domzaal,1257
2012-02-01 21:30:00,0000-00-00 00:00:00,Concertzaal,1261
2012-02-02 18:00:00,2012-02-02 22:00:00,Snoepwinkel,1267
2012-02-02 20:00:00,0000-00-00 00:00:00,Theaterzaal,1193
2012-02-02 20:00:00,0000-00-00 00:00:00,Balzaal & Domzaal,1259
2012-02-03 18:00:00,2012-02-03 22:00:00,Snoepwinkel,1267
2012-02-03 19:30:00,0000-00-00 00:00:00,Balzaal,1241
2012-02-03 20:00:00,0000-00-00 00:00:00,Theaterzaal,1193
2012-02-04 13:00:00,0000-00-00 00:00:00,Diverse Zalen,1269
2012-02-04 20:00:00,0000-00-00 00:00:00,Theaterzaal,1193
2012-02-04 21:30:00,0000-00-00 00:00:00,Diverse Zalen,1269
2012-02-05 14:00:00,2012-02-05 18:00:00,Café,1277
2012-02-05 20:00:00,0000-00-00 00:00:00,Balzaal,1223
2012-02-08 18:00:00,2012-02-08 21:00:00,Snoepwinkel,1297
2012-02-08 20:00:00,0000-00-00 00:00:00,Balzaal,1271
2012-02-08 20:00:00,0000-00-00 00:00:00,Minard,1305
2012-02-08 21:00:00,0000-00-00 00:00:00,Domzaal,1279
2012-02-08 22:00:00,0000-00-00 00:00:00,Café,1253
2012-02-09 18:00:00,2012-02-09 21:00:00,Snoepwinkel,1297
2012-02-09 20:00:00,0000-00-00 00:00:00,Diverse Zalen,1195
2012-02-10 18:00:00,2012-02-10 21:00:00,Snoepwinkel,1297
2012-02-11 14:00:00,0000-00-00 00:00:00,Diverse Zalen,1237
2012-02-11 18:00:00,2012-02-11 21:00:00,Snoepwinkel,1297
2012-02-11 21:30:00,0000-00-00 00:00:00,Concertzaal,1249
2012-02-12 18:00:00,2012-02-12 21:00:00,Snoepwinkel,1297
2012-02-13 18:00:00,0000-00-00 00:00:00,Balzaal,1215
2012-02-13 19:30:00,0000-00-00 00:00:00,Concertzaal,1231
2012-02-14 20:00:00,0000-00-00 00:00:00,Balzaal,1211
2012-02-15 22:00:00,0000-00-00 00:00:00,Concertzaal,1293
2012-02-16 11:30:00,2012-02-17 00:00:00,Café,1299
2012-02-16 20:00:00,0000-00-00 00:00:00,Theaterzaal,1197
2012-02-16 20:00:00,0000-00-00 00:00:00,Diverse Zalen,1201
2012-02-16 22:00:00,0000-00-00 00:00:00,Minard,1199
2012-02-17 19:30:00,0000-00-00 00:00:00,Balzaal,1243
2012-02-17 20:00:00,0000-00-00 00:00:00,Theaterzaal,1197
2012-02-17 20:00:00,0000-00-00 00:00:00,Diverse Zalen,1201
2012-02-17 22:00:00,0000-00-00 00:00:00,Minard,1199
2012-02-17 23:00:00,0000-00-00 00:00:00,Balzaal,1245
2012-02-18 20:00:00,0000-00-00 00:00:00,Theaterzaal,1203
2012-02-18 20:30:00,0000-00-00 00:00:00,Balzaal,1283
2012-02-18 23:00:00,0000-00-00 00:00:00,Concertzaal,1285
2012-02-19 14:00:00,0000-00-00 00:00:00,Café,1265
2012-02-19 15:00:00,0000-00-00 00:00:00,Café,1265
2012-02-21 19:30:00,0000-00-00 00:00:00,Concertzaal,1247
2012-02-21 22:00:00,0000-00-00 00:00:00,Balzaal,1275
2012-02-22 20:00:00,0000-00-00 00:00:00,Balzaal,1227
2012-02-22 20:00:00,0000-00-00 00:00:00,Balzaal,1227
2012-02-23 20:00:00,0000-00-00 00:00:00,Theaterzaal,1207
2012-02-23 20:00:00,0000-00-00 00:00:00,Theaterzaal,1213
2012-02-24 20:00:00,0000-00-00 00:00:00,Balzaal,1281
2012-02-25 22:00:00,0000-00-00 00:00:00,Balzaal & Café,1287
2012-02-25 23:00:00,0000-00-00 00:00:00,Concertzaal,1289
2012-02-26 19:30:00,0000-00-00 00:00:00,Balzaal,1219
2012-02-27 22:00:00,0000-00-00 00:00:00,Concertzaal,1295
2012-02-28 19:30:00,0000-00-00 00:00:00,Balzaal,1255
2012-02-28 20:00:00,0000-00-00 00:00:00,Theaterzaal,1205
2012-02-29 20:00:00,0000-00-00 00:00:00,Balzaal,1233
2012-03-01 10:30:00,2012-03-01 17:00:00,Theaterzaal,1097
2012-03-01 20:00:00,0000-00-00 00:00:00,Minard,967
2012-03-01 21:30:00,0000-00-00 00:00:00,Minard,969
2012-03-02 20:00:00,0000-00-00 00:00:00,Minard,967
2012-03-02 20:00:00,0000-00-00 00:00:00,Theaterzaal,1051
2012-03-03 15:00:00,2012-03-03 17:00:00,Diverse Zalen,1389
2012-03-03 20:00:00,0000-00-00 00:00:00,Theaterzaal,1023
2012-03-03 21:00:00,0000-00-00 00:00:00,Balzaal,1095
2012-03-03 23:00:00,0000-00-00 00:00:00,Concertzaal,1073
2012-03-04 16:00:00,0000-00-00 00:00:00,Concertzaal,1099
2012-03-07 20:00:00,0000-00-00 00:00:00,"De Bijloke, Jozef Kluyskensstraat 2",971
2012-03-09 18:00:00,2012-03-09 23:00:00,Diverse Zalen,973
2012-03-09 20:30:00,2012-03-09 22:00:00,Diverse Zalen,973
2012-03-10 11:00:00,2012-03-10 20:00:00,Diverse Zalen,1081
2012-03-10 11:00:00,2012-03-10 23:00:00,Diverse Zalen,1081
2012-03-11 11:00:00,2012-03-11 18:30:00,Diverse Zalen,1083
2012-03-11 11:00:00,2012-03-11 18:30:00,Diverse Zalen,1083
2012-03-14 20:00:00,0000-00-00 00:00:00,Theaterzaal,1021
2012-03-14 20:00:00,0000-00-00 00:00:00,Balzaal,1103
2012-03-15 20:00:00,0000-00-00 00:00:00,Theaterzaal,1105
2012-03-15 22:00:00,0000-00-00 00:00:00,Café,1063
2012-03-15 22:00:00,0000-00-00 00:00:00,Concertzaal,1139
2012-03-16 20:00:00,0000-00-00 00:00:00,Domzaal,975
2012-03-16 21:30:00,0000-00-00 00:00:00,Domzaal,977
2012-03-17 20:00:00,0000-00-00 00:00:00,Domzaal,975
2012-03-17 20:00:00,0000-00-00 00:00:00,Theaterzaal,1031
2012-03-17 22:00:00,0000-00-00 00:00:00,Balzaal,1119
2012-03-17 23:00:00,0000-00-00 00:00:00,Concertzaal,1115
2012-03-18 13:30:00,0000-00-00 00:00:00,Café,1061
2012-03-18 14:00:00,0000-00-00 00:00:00,Café,1061
2012-03-18 15:00:00,0000-00-00 00:00:00,Café,1061
2012-03-18 19:30:00,0000-00-00 00:00:00,Balzaal,1049
2012-03-18 20:00:00,0000-00-00 00:00:00,Concertzaal,1037
2012-03-20 20:00:00,0000-00-00 00:00:00,Balzaal,1025
2012-03-21 18:00:00,2012-03-21 20:00:00,Domzaal,1129
2012-03-21 19:30:00,0000-00-00 00:00:00,Concertzaal,1057
2012-03-21 20:30:00,0000-00-00 00:00:00,Domzaal,1129
2012-03-22 14:00:00,2012-03-22 20:00:00,Domzaal,1129
2012-03-22 20:00:00,0000-00-00 00:00:00,Balzaal,979
2012-03-22 20:00:00,0000-00-00 00:00:00,Theaterzaal,981
2012-03-23 14:00:00,2012-03-23 20:00:00,Domzaal,1129
2012-03-23 19:30:00,0000-00-00 00:00:00,Balzaal,1053
2012-03-23 20:00:00,0000-00-00 00:00:00,Theaterzaal,981
2012-03-23 23:00:00,0000-00-00 00:00:00,Balzaal,1043
2012-03-24 14:00:00,2012-03-24 20:00:00,Domzaal,1129
2012-03-24 20:00:00,0000-00-00 00:00:00,Theaterzaal,981
2012-03-24 23:00:00,0000-00-00 00:00:00,Concertzaal,1117
2012-03-25 14:00:00,2012-03-25 20:00:00,Domzaal,1129
2012-03-27 20:00:00,0000-00-00 00:00:00,Minard,983
2012-03-27 20:00:00,0000-00-00 00:00:00,Balzaal,1089
2012-03-27 20:00:00,0000-00-00 00:00:00,Balzaal,1101
2012-03-28 20:00:00,0000-00-00 00:00:00,Minard,983
2012-03-28 20:00:00,0000-00-00 00:00:00,Balzaal,1067
2012-03-28 22:00:00,0000-00-00 00:00:00,Concertzaal,1155
2012-03-29 20:00:00,0000-00-00 00:00:00,Minard,983
2012-03-29 20:00:00,0000-00-00 00:00:00,Domzaal,985
2012-03-29 21:30:00,0000-00-00 00:00:00,Balzaal,1047
2012-03-30 20:00:00,0000-00-00 00:00:00,Minard,983
2012-03-30 20:00:00,0000-00-00 00:00:00,Domzaal,985
2012-03-30 20:00:00,0000-00-00 00:00:00,Theaterzaal,1107
2012-03-30 21:30:00,0000-00-00 00:00:00,Domzaal,987
2012-03-31 15:00:00,2012-03-31 17:00:00,Diverse Zalen,1389
2012-03-31 16:00:00,0000-00-00 00:00:00,Op Locatie,1163
2012-03-31 20:00:00,0000-00-00 00:00:00,Minard,983
2012-03-31 20:00:00,0000-00-00 00:00:00,Domzaal,985
2012-03-31 22:00:00,2012-04-01 06:00:00,Concertzaal,1085
2012-03-31 22:00:00,0000-00-00 00:00:00,Balzaal,1121
2012-04-03 20:00:00,0000-00-00 00:00:00,Domzaal,1055
2012-04-04 19:30:00,0000-00-00 00:00:00,Concertzaal,1017
2012-04-05 20:00:00,0000-00-00 00:00:00,Minard,965
2012-04-06 16:00:00,0000-00-00 00:00:00,Concertzaal,1033
2012-04-06 16:00:00,2012-04-07 23:59:00,Concertzaal,1033
2012-04-06 20:00:00,0000-00-00 00:00:00,Minard,965
2012-04-06 21:00:00,0000-00-00 00:00:00,Balzaal,1123
2012-04-07 16:00:00,0000-00-00 00:00:00,Concertzaal,1033
2012-04-09 20:00:00,0000-00-00 00:00:00,Concertzaal,1065
2012-04-10 19:30:00,0000-00-00 00:00:00,Concertzaal,1091
2012-04-12 19:30:00,0000-00-00 00:00:00,Concertzaal,1075
2012-04-13 21:00:00,0000-00-00 00:00:00,Diverse Zalen,1093
2012-04-14 19:30:00,0000-00-00 00:00:00,Concertzaal,1077
2012-04-14 19:30:00,0000-00-00 00:00:00,Balzaal,1111
2012-04-14 23:00:00,0000-00-00 00:00:00,Balzaal,1079
2012-04-14 23:00:00,0000-00-00 00:00:00,Concertzaal,1131
2012-04-15 19:30:00,0000-00-00 00:00:00,"Academieraadzaal RUG, Volderstraat 9",1135
2012-04-17 20:00:00,0000-00-00 00:00:00,Balzaal,1027
2012-04-18 22:00:00,0000-00-00 00:00:00,Café,1109
2012-04-19 20:00:00,0000-00-00 00:00:00,Theaterzaal & Balzaal,1133
2012-04-20 20:00:00,0000-00-00 00:00:00,Theaterzaal,989
2012-04-21 20:00:00,0000-00-00 00:00:00,Theaterzaal,1039
2012-04-21 23:00:00,2012-04-22 06:00:00,Concertzaal,1147
2012-04-22 10:00:00,2012-04-22 18:00:00,Diverse Zalen,1143
2012-04-22 19:30:00,0000-00-00 00:00:00,Concertzaal,1041
2012-04-22 19:30:00,0000-00-00 00:00:00,Balzaal,1045
2012-04-24 20:00:00,0000-00-00 00:00:00,Theaterzaal,1019
2012-04-24 22:00:00,0000-00-00 00:00:00,Balzaal,1087
2012-04-25 20:00:00,0000-00-00 00:00:00,Balzaal,991
2012-04-25 20:00:00,0000-00-00 00:00:00,Theaterzaal,1145
2012-04-26 20:00:00,0000-00-00 00:00:00,Domzaal,993
2012-04-26 21:30:00,0000-00-00 00:00:00,Balzaal,1069
2012-04-27 20:00:00,0000-00-00 00:00:00,Domzaal,993
2012-04-27 20:00:00,0000-00-00 00:00:00,Theaterzaal,995
2012-04-27 20:00:00,0000-00-00 00:00:00,Balzaal,1181
2012-04-28 20:00:00,0000-00-00 00:00:00,Domzaal,993
2012-04-28 20:00:00,0000-00-00 00:00:00,Theaterzaal,995
2012-04-28 22:00:00,0000-00-00 00:00:00,Balzaal,1125
2012-04-28 22:00:00,0000-00-00 00:00:00,Concertzaal,1165
2012-04-30 20:00:00,0000-00-00 00:00:00,Op Locatie,1159
2012-04-30 20:30:00,0000-00-00 00:00:00,Diverse Zalen,1071
2012-04-30 20:30:00,0000-00-00 00:00:00,Diverse Zalen,1071
2012-04-30 20:30:00,0000-00-00 00:00:00,Diverse Zalen,1071
2012-05-03 18:30:00,0000-00-00 00:00:00,Concertzaal,1035
2012-05-04 20:00:00,0000-00-00 00:00:00,Theaterzaal,997
2012-05-04 20:00:00,0000-00-00 00:00:00,Diverse Zalen,1001
2012-05-04 22:00:00,0000-00-00 00:00:00,Domzaal,999
2012-05-04 23:00:00,0000-00-00 00:00:00,Concertzaal,1173
2012-05-05 15:00:00,2012-05-05 17:00:00,Diverse Zalen,1389
2012-05-05 20:00:00,0000-00-00 00:00:00,Theaterzaal,997
2012-05-05 20:00:00,0000-00-00 00:00:00,Diverse Zalen,1001
2012-05-05 22:00:00,0000-00-00 00:00:00,Domzaal,999
2012-05-05 23:00:00,0000-00-00 00:00:00,Concertzaal,1171
2012-05-08 09:00:00,2012-05-08 17:00:00,Diverse Zalen,1179
2012-05-08 20:00:00,0000-00-00 00:00:00,Minard,1003
2012-05-08 20:00:00,0000-00-00 00:00:00,Concertzaal,1059
2012-05-09 20:00:00,0000-00-00 00:00:00,Minard,1003
2012-05-10 20:00:00,0000-00-00 00:00:00,Minard,1003
2012-05-10 20:00:00,0000-00-00 00:00:00,Theaterzaal,1005
2012-05-10 22:00:00,0000-00-00 00:00:00,Café,1161
2012-05-11 19:00:00,0000-00-00 00:00:00,Balzaal,1183
2012-05-11 20:00:00,0000-00-00 00:00:00,Minard,1003
2012-05-11 20:00:00,0000-00-00 00:00:00,Theaterzaal,1005
2012-05-12 20:00:00,0000-00-00 00:00:00,Minard,1003
2012-05-12 20:00:00,0000-00-00 00:00:00,Theaterzaal,1005
2012-05-12 23:00:00,0000-00-00 00:00:00,Balzaal,1175
2012-05-13 19:30:00,0000-00-00 00:00:00,Concertzaal,1113
2012-05-15 20:00:00,0000-00-00 00:00:00,Theaterzaal,1167
2012-05-16 20:00:00,0000-00-00 00:00:00,"De Bijloke, Jozef Kluyskensstraat 2",1007
2012-05-16 20:00:00,0000-00-00 00:00:00,Theaterzaal,1009
2012-05-16 20:00:00,0000-00-00 00:00:00,"Academieraadzaal RUG, Volderstraat 9",1141
2012-05-16 22:00:00,0000-00-00 00:00:00,Concertzaal,1127
2012-05-17 20:00:00,0000-00-00 00:00:00,Theaterzaal,1009
2012-05-18 20:00:00,0000-00-00 00:00:00,Theaterzaal,1009
2012-05-18 20:00:00,0000-00-00 00:00:00,Diverse Zalen,1169
2012-05-19 14:00:00,0000-00-00 00:00:00,Diverse Zalen,1169
2012-05-20 20:00:00,0000-00-00 00:00:00,Theaterzaal,1015
2012-05-22 20:00:00,0000-00-00 00:00:00,Balzaal,1029
2012-05-22 20:00:00,0000-00-00 00:00:00,Balzaal,1149
2012-05-23 19:30:00,0000-00-00 00:00:00,Concertzaal,1151
2012-05-23 20:00:00,0000-00-00 00:00:00,Domzaal,1157
2012-05-24 19:30:00,0000-00-00 00:00:00,Concertzaal,1137
2012-05-25 20:00:00,0000-00-00 00:00:00,Theaterzaal,1011
2012-05-26 20:00:00,0000-00-00 00:00:00,Theaterzaal,1011
2012-05-26 21:00:00,0000-00-00 00:00:00,Balzaal,1177
2012-05-27 19:30:00,0000-00-00 00:00:00,Balzaal,1153
2012-05-30 19:00:00,0000-00-00 00:00:00,Domzaal,1013
2012-05-30 22:00:00,0000-00-00 00:00:00,Domzaal,1013
2012-05-31 18:30:00,0000-00-00 00:00:00,Balzaal,1185
2012-05-31 19:00:00,0000-00-00 00:00:00,Domzaal,1013
2012-05-31 22:00:00,0000-00-00 00:00:00,Domzaal,1013
2012-06-01 19:00:00,0000-00-00 00:00:00,Domzaal,1013
2012-06-01 20:00:00,0000-00-00 00:00:00,Theaterzaal,901
2012-06-01 22:00:00,0000-00-00 00:00:00,Domzaal,1013
2012-06-02 19:00:00,0000-00-00 00:00:00,Domzaal,1013
2012-06-02 20:00:00,0000-00-00 00:00:00,"Academieraadzaal RUG, Volderstraat 9",903
2012-06-02 22:00:00,0000-00-00 00:00:00,Domzaal,1013
2012-06-02 23:00:00,0000-00-00 00:00:00,Concertzaal,893
2012-06-07 18:00:00,0000-00-00 00:00:00,Op Locatie,911
2012-06-09 15:00:00,0000-00-00 00:00:00,Op Locatie,909
2012-06-09 23:00:00,0000-00-00 00:00:00,Balzaal,895
2012-06-13 20:00:00,0000-00-00 00:00:00,Theaterzaal,887
2012-06-14 20:00:00,0000-00-00 00:00:00,Theaterzaal,887
2012-06-14 20:00:00,0000-00-00 00:00:00,Domzaal,891
2012-06-14 22:00:00,0000-00-00 00:00:00,Café,907
2012-06-15 20:00:00,0000-00-00 00:00:00,Theaterzaal,887
2012-06-15 20:00:00,0000-00-00 00:00:00,Domzaal,891
2012-06-16 20:00:00,0000-00-00 00:00:00,Theaterzaal,887
2012-06-16 20:00:00,0000-00-00 00:00:00,Domzaal,891
2012-06-19 13:00:00,2012-06-19 22:00:00,Domzaal,947
2012-06-20 22:00:00,0000-00-00 00:00:00,Café,951
2012-06-21 22:00:00,0000-00-00 00:00:00,Café,951
2012-06-21 23:00:00,0000-00-00 00:00:00,Concertzaal,897
2012-06-23 21:30:00,0000-00-00 00:00:00,Balzaal,945
2012-06-23 23:00:00,0000-00-00 00:00:00,"Academieraadzaal RUG, Volderstraat 9",905
2012-06-29 20:00:00,0000-00-00 00:00:00,Balzaal,913
2012-07-03 19:30:00,0000-00-00 00:00:00,Balzaal,889
2012-07-13 21:00:00,0000-00-00 00:00:00,Balzaal,915
2012-07-13 23:00:00,0000-00-00 00:00:00,Concertzaal,899
2012-07-14 19:30:00,0000-00-00 00:00:00,Domzaal,919
2012-07-14 19:30:00,0000-00-00 00:00:00,Balzaal,953
2012-07-14 20:00:00,0000-00-00 00:00:00,"Academieraadzaal RUG, Volderstraat 9",917
2012-07-14 22:30:00,0000-00-00 00:00:00,Domzaal,921
2012-07-14 23:00:00,0000-00-00 00:00:00,Concertzaal,899
2012-07-15 19:30:00,0000-00-00 00:00:00,"Academieraadzaal RUG, Volderstraat 9",923
2012-07-15 20:00:00,0000-00-00 00:00:00,"Academieraadzaal RUG, Volderstraat 9",925
2012-07-15 22:30:00,0000-00-00 00:00:00,"Academieraadzaal RUG, Volderstraat 9",927
2012-07-15 23:00:00,0000-00-00 00:00:00,Concertzaal,899
2012-07-16 11:30:00,2012-07-16 15:30:00,Op Locatie,963
2012-07-16 23:00:00,0000-00-00 00:00:00,Concertzaal,899
2012-07-17 23:00:00,0000-00-00 00:00:00,Concertzaal,899
2012-07-18 23:00:00,0000-00-00 00:00:00,Concertzaal,899
2012-07-19 19:30:00,0000-00-00 00:00:00,"Academieraadzaal RUG, Volderstraat 9",949
2012-07-19 21:00:00,0000-00-00 00:00:00,Café,929
2012-07-19 22:30:00,0000-00-00 00:00:00,Balzaal,933
2012-07-19 23:00:00,0000-00-00 00:00:00,Concertzaal,899
2012-07-20 19:30:00,0000-00-00 00:00:00,Balzaal,931
2012-07-20 20:00:00,0000-00-00 00:00:00,"Academieraadzaal RUG, Volderstraat 9",935
2012-07-20 21:00:00,0000-00-00 00:00:00,Café,929
2012-07-20 22:30:00,0000-00-00 00:00:00,Balzaal,937
2012-07-20 23:00:00,0000-00-00 00:00:00,Concertzaal,899
2012-07-21 20:00:00,0000-00-00 00:00:00,Theaterzaal,941
2012-07-21 21:00:00,0000-00-00 00:00:00,Café,939
2012-07-21 21:00:00,0000-00-00 00:00:00,Balzaal,943
2012-07-21 23:00:00,0000-00-00 00:00:00,Concertzaal,899
2012-07-23 23:00:00,0000-00-00 00:00:00,Concertzaal,899
2012-07-28 17:00:00,0000-00-00 00:00:00,"Vrijstaat O, Oostende",955
2012-07-29 17:00:00,0000-00-00 00:00:00,"Vrijstaat O, Oostende",957
2012-07-30 17:00:00,0000-00-00 00:00:00,"Vrijstaat O, Oostende",959
2012-07-31 17:00:00,0000-00-00 00:00:00,"Vrijstaat O, Oostende",961
2012-08-01 17:00:00,0000-00-00 00:00:00,"Vrijstaat O, Oostende",567
2012-08-02 17:00:00,0000-00-00 00:00:00,"Vrijstaat O, Oostende",569
2012-08-03 17:00:00,0000-00-00 00:00:00,"Vrijstaat O, Oostende",571
2012-08-31 18:00:00,2012-08-31 21:00:00,Op Locatie,637
2012-09-01 13:00:00,2012-09-01 18:00:00,Snoepwinkel,473
2012-09-01 13:00:00,2012-09-01 17:45:00,Op Locatie,475
2012-09-01 13:00:00,2012-09-01 19:00:00,Snoepwinkel,477
2012-09-01 23:00:00,2012-09-02 06:00:00,Concertzaal,621
2012-09-02 13:00:00,2012-09-02 17:45:00,Op Locatie,475
2012-09-02 13:00:00,2012-09-02 19:00:00,Snoepwinkel,477
2012-09-04 13:00:00,2012-09-04 18:00:00,Snoepwinkel,473
2012-09-04 13:00:00,2012-09-04 17:45:00,Op Locatie,475
2012-09-04 13:00:00,2012-09-04 19:00:00,Snoepwinkel,477
2012-09-05 13:00:00,2012-09-05 18:00:00,Snoepwinkel,473
2012-09-05 13:00:00,2012-09-05 17:45:00,Op Locatie,475
2012-09-05 13:00:00,2012-09-05 19:00:00,Snoepwinkel,477
2012-09-05 20:00:00,0000-00-00 00:00:00,Balzaal,561
2012-09-06 13:00:00,2012-09-06 18:00:00,Snoepwinkel,473
2012-09-06 13:00:00,2012-09-06 17:45:00,Op Locatie,475
2012-09-06 13:00:00,2012-09-06 19:00:00,Snoepwinkel,477
2012-09-07 13:00:00,2012-09-07 19:00:00,Snoepwinkel,473
2012-09-07 13:00:00,2012-09-07 19:00:00,Op Locatie,475
2012-09-07 13:00:00,2012-09-07 19:00:00,Snoepwinkel,477
2012-09-07 13:00:00,2012-09-07 18:00:00,Minard,599
2012-09-07 20:00:00,0000-00-00 00:00:00,Theaterzaal,559
2012-09-08 11:30:00,0000-00-00 00:00:00,Op Locatie,639
2012-09-08 13:00:00,2012-09-08 18:00:00,Snoepwinkel,473
2012-09-08 13:00:00,2012-09-08 17:45:00,Op Locatie,475
2012-09-08 13:00:00,2012-09-08 19:00:00,Snoepwinkel,477
2012-09-08 23:00:00,2012-09-09 06:00:00,Concertzaal,619
2012-09-09 10:00:00,2012-09-09 18:00:00,Diverse Zalen,625
2012-09-09 13:00:00,2012-09-09 17:45:00,Op Locatie,475
2012-09-09 13:00:00,2012-09-09 19:00:00,Snoepwinkel,477
2012-09-09 20:00:00,0000-00-00 00:00:00,Theaterzaal,557
2012-09-11 13:00:00,2012-09-11 18:00:00,Snoepwinkel,473
2012-09-11 13:00:00,2012-09-11 17:45:00,Op Locatie,475
2012-09-11 13:00:00,2012-09-11 19:00:00,Snoepwinkel,477
2012-09-12 13:00:00,2012-09-12 18:00:00,Snoepwinkel,473
2012-09-12 13:00:00,2012-09-12 17:45:00,Op Locatie,475
2012-09-12 13:00:00,2012-09-12 19:00:00,Snoepwinkel,477
2012-09-13 13:00:00,2012-09-13 18:00:00,Snoepwinkel,473
2012-09-13 13:00:00,2012-09-13 17:45:00,Op Locatie,475
2012-09-13 13:00:00,2012-09-13 19:00:00,Snoepwinkel,477
2012-09-13 20:00:00,0000-00-00 00:00:00,"Academieraadzaal RUG, Volderstraat 9",583
2012-09-14 13:00:00,2012-09-14 18:00:00,Snoepwinkel,473
2012-09-14 13:00:00,2012-09-14 17:45:00,Op Locatie,475
2012-09-14 13:00:00,2012-09-14 19:00:00,Snoepwinkel,477
2012-09-15 13:00:00,2012-09-15 18:00:00,Snoepwinkel,473
2012-09-15 13:00:00,2012-09-15 17:45:00,Op Locatie,475
2012-09-15 13:00:00,2012-09-15 19:00:00,Snoepwinkel,477
2012-09-15 13:30:00,0000-00-00 00:00:00,Theaterzaal,633
2012-09-16 13:00:00,2012-09-16 17:45:00,Op Locatie,475
2012-09-16 13:00:00,2012-09-16 19:00:00,Snoepwinkel,477
2012-09-16 20:00:00,0000-00-00 00:00:00,Domzaal,595
2012-09-17 18:30:00,0000-00-00 00:00:00,Foyer Theaterzaal ,693
2012-09-18 13:00:00,2012-09-18 18:00:00,Snoepwinkel,473
2012-09-18 13:00:00,2012-09-18 17:45:00,Op Locatie,475
2012-09-18 13:00:00,2012-09-18 19:00:00,Snoepwinkel,477
2012-09-18 19:30:00,0000-00-00 00:00:00,Balzaal,563
2012-09-18 21:30:00,0000-00-00 00:00:00,Balzaal,563
2012-09-19 13:00:00,2012-09-19 18:00:00,Snoepwinkel,473
2012-09-19 13:00:00,2012-09-19 17:45:00,Op Locatie,475
2012-09-19 13:00:00,2012-09-19 19:00:00,Snoepwinkel,477
2012-09-20 13:00:00,2012-09-20 18:00:00,Snoepwinkel,473
2012-09-20 13:00:00,2012-09-20 17:45:00,Op Locatie,475
2012-09-20 13:00:00,2012-09-20 19:00:00,Snoepwinkel,477
2012-09-20 19:30:00,0000-00-00 00:00:00,Foyer Theaterzaal ,677
2012-09-20 22:00:00,0000-00-00 00:00:00,Balzaal,623
2012-09-21 13:00:00,2012-09-21 18:00:00,Snoepwinkel,473
2012-09-21 13:00:00,2012-09-21 17:45:00,Op Locatie,475
2012-09-21 13:00:00,2012-09-21 19:00:00,Snoepwinkel,477
2012-09-21 23:00:00,0000-00-00 00:00:00,Concertzaal,667
2012-09-22 13:00:00,2012-09-22 18:00:00,Snoepwinkel,473
2012-09-22 13:00:00,2012-09-22 17:45:00,Op Locatie,475
2012-09-22 13:00:00,2012-09-22 19:00:00,Snoepwinkel,477
2012-09-22 14:00:00,2012-09-22 17:00:00,Foyer Theaterzaal ,479
2012-09-22 15:00:00,0000-00-00 00:00:00,Op Locatie,697
2012-09-22 22:00:00,0000-00-00 00:00:00,Balzaal,579
2012-09-22 23:00:00,0000-00-00 00:00:00,Concertzaal,645
2012-09-23 13:00:00,2012-09-23 17:45:00,Op Locatie,475
2012-09-23 13:00:00,2012-09-23 19:00:00,Snoepwinkel,477
2012-09-24 10:00:00,2012-09-25 01:00:00,Café,541
2012-09-25 10:00:00,2012-09-26 01:00:00,Café,541
2012-09-25 13:00:00,2012-09-25 18:00:00,Snoepwinkel,473
2012-09-25 13:00:00,2012-09-25 17:45:00,Op Locatie,475
2012-09-25 13:00:00,2012-09-25 19:00:00,Snoepwinkel,477
2012-09-25 20:00:00,0000-00-00 00:00:00,Theaterzaal,481
2012-09-26 10:00:00,2012-09-27 01:00:00,Café,541
2012-09-26 13:00:00,2012-09-26 18:00:00,Snoepwinkel,473
2012-09-26 13:00:00,2012-09-26 17:45:00,Op Locatie,475
2012-09-26 13:00:00,2012-09-26 19:00:00,Snoepwinkel,477
2012-09-26 20:00:00,0000-00-00 00:00:00,Theaterzaal,481
2012-09-26 20:00:00,0000-00-00 00:00:00,Minard,483
2012-09-27 10:00:00,2012-09-28 01:00:00,Café,541
2012-09-27 13:00:00,2012-09-27 18:00:00,Snoepwinkel,473
2012-09-27 13:00:00,2012-09-27 17:45:00,Op Locatie,475
2012-09-27 13:00:00,2012-09-27 19:00:00,Snoepwinkel,477
2012-09-27 20:00:00,0000-00-00 00:00:00,Minard,483
2012-09-28 10:00:00,2012-09-29 01:00:00,Café,541
2012-09-28 13:00:00,2012-09-28 18:00:00,Snoepwinkel,473
2012-09-28 13:00:00,2012-09-28 17:45:00,Op Locatie,475
2012-09-28 13:00:00,2012-09-28 19:00:00,Snoepwinkel,477
2012-09-28 20:00:00,0000-00-00 00:00:00,Theaterzaal,485
2012-09-29 11:30:00,2012-09-30 02:00:00,Café,541
2012-09-29 13:00:00,2012-09-29 18:00:00,Snoepwinkel,473
2012-09-29 13:00:00,2012-09-29 17:45:00,Op Locatie,475
2012-09-29 13:00:00,2012-09-29 19:00:00,Snoepwinkel,477
2012-09-29 20:00:00,0000-00-00 00:00:00,Minard,483
2012-09-29 21:00:00,0000-00-00 00:00:00,Concertzaal,653
2012-09-30 13:00:00,2012-09-30 17:45:00,Op Locatie,475
2012-09-30 13:00:00,2012-09-30 19:00:00,Snoepwinkel,477
2012-09-30 14:00:00,2012-10-01 01:00:00,Café,541
2012-09-30 15:00:00,0000-00-00 00:00:00,Theaterzaal,691
2012-09-30 15:00:00,2012-09-30 17:00:00,Snoepwinkel,721
2012-09-30 17:00:00,0000-00-00 00:00:00,Theaterzaal,691
2012-09-30 19:30:00,0000-00-00 00:00:00,Balzaal,575
2012-10-01 10:00:00,2012-10-02 01:00:00,Café,541
2012-10-01 10:00:00,2012-10-02 01:00:00,Café,541
2012-10-01 19:30:00,0000-00-00 00:00:00,Concertzaal,573
2012-10-02 10:00:00,2012-10-03 01:00:00,Café,541
2012-10-02 13:00:00,2012-10-02 18:00:00,Snoepwinkel,473
2012-10-02 13:00:00,2012-10-02 17:45:00,Op Locatie,475
2012-10-02 13:00:00,2012-10-02 19:00:00,Snoepwinkel,477
2012-10-02 20:00:00,0000-00-00 00:00:00,Balzaal,545
2012-10-03 10:00:00,2012-10-04 01:00:00,Café,541
2012-10-03 13:00:00,2012-10-03 18:00:00,Snoepwinkel,473
2012-10-03 13:00:00,2012-10-03 17:45:00,Op Locatie,475
2012-10-03 13:00:00,2012-10-03 19:00:00,Snoepwinkel,477
2012-10-03 14:30:00,0000-00-00 00:00:00,Theaterzaal,709
2012-10-03 20:00:00,0000-00-00 00:00:00,Domzaal,487
2012-10-03 20:00:00,0000-00-00 00:00:00,Theaterzaal,679
2012-10-03 20:00:00,0000-00-00 00:00:00,Concertzaal,801
2012-10-04 10:00:00,2012-10-05 01:00:00,Café,541
2012-10-04 13:00:00,2012-10-04 18:00:00,Snoepwinkel,473
2012-10-04 13:00:00,2012-10-04 17:45:00,Op Locatie,475
2012-10-04 13:00:00,2012-10-04 19:00:00,Snoepwinkel,477
2012-10-04 20:00:00,0000-00-00 00:00:00,Domzaal,487
2012-10-04 22:00:00,2012-10-05 06:00:00,Concertzaal,615
2012-10-05 10:00:00,2012-10-06 01:00:00,Café,541
2012-10-05 13:00:00,2012-10-05 18:00:00,Snoepwinkel,473
2012-10-05 13:00:00,2012-10-05 17:45:00,Op Locatie,475
2012-10-05 13:00:00,2012-10-05 19:00:00,Snoepwinkel,477
2012-10-05 14:00:00,2012-10-05 18:00:00,Vooruit,733
2012-10-05 23:00:00,0000-00-00 00:00:00,Concertzaal,655
2012-10-06 11:30:00,2012-10-07 02:00:00,Café,541
2012-10-06 13:00:00,2012-10-06 18:00:00,Snoepwinkel,473
2012-10-06 13:00:00,2012-10-06 17:45:00,Op Locatie,475
2012-10-06 13:00:00,2012-10-06 19:00:00,Snoepwinkel,477
2012-10-06 14:00:00,2012-10-06 18:00:00,Vooruit,733
2012-10-06 15:00:00,2012-10-06 17:00:00,Diverse Zalen,1389
2012-10-06 22:00:00,0000-00-00 00:00:00,Balzaal,805
2012-10-06 23:00:00,0000-00-00 00:00:00,Concertzaal,803
2012-10-07 13:00:00,2012-10-07 17:45:00,Op Locatie,475
2012-10-07 13:00:00,2012-10-07 19:00:00,Snoepwinkel,477
2012-10-07 14:00:00,2012-10-08 01:00:00,Café,541
2012-10-07 15:00:00,2012-10-07 17:00:00,Snoepwinkel,723
2012-10-07 19:30:00,0000-00-00 00:00:00,Balzaal,585
2012-10-07 19:30:00,0000-00-00 00:00:00,Minard,589
2012-10-08 10:00:00,2012-10-09 01:00:00,Café,541
2012-10-09 10:00:00,2012-10-10 01:00:00,Café,541
2012-10-09 13:00:00,2012-10-09 18:00:00,Snoepwinkel,473
2012-10-09 13:00:00,2012-10-09 17:45:00,Op Locatie,475
2012-10-09 13:00:00,2012-10-09 19:00:00,Snoepwinkel,477
2012-10-09 18:00:00,2012-10-09 23:59:00,Café,495
2012-10-09 18:00:00,2012-10-09 23:59:00,Op Locatie,635
2012-10-09 18:00:00,2012-10-10 00:00:00,Diverse Zalen,673
2012-10-09 20:45:00,0000-00-00 00:00:00,Theaterzaal,669
2012-10-09 23:00:00,0000-00-00 00:00:00,Balzaal,671
2012-10-10 10:00:00,2012-10-11 01:00:00,Café,541
2012-10-10 13:00:00,2012-10-10 18:00:00,Snoepwinkel,473
2012-10-10 13:00:00,2012-10-10 17:45:00,Op Locatie,475
2012-10-10 13:00:00,2012-10-10 19:00:00,Snoepwinkel,477
2012-10-10 18:00:00,2012-10-10 23:59:00,Café,495
2012-10-10 18:00:00,2012-10-10 23:59:00,Op Locatie,635
2012-10-10 18:00:00,2012-10-11 00:00:00,Diverse Zalen,673
2012-10-10 20:00:00,0000-00-00 00:00:00,Minard,489
2012-10-10 20:00:00,0000-00-00 00:00:00,Op Locatie,685
2012-10-10 20:00:00,0000-00-00 00:00:00,Theaterzaal,787
2012-10-10 21:30:00,0000-00-00 00:00:00,Café,495
2012-10-10 21:30:00,0000-00-00 00:00:00,Balzaal,681
2012-10-10 22:00:00,0000-00-00 00:00:00,Concertzaal,795
2012-10-11 10:00:00,2012-10-12 01:00:00,Café,541
2012-10-11 13:00:00,2012-10-11 18:00:00,Snoepwinkel,473
2012-10-11 13:00:00,2012-10-11 17:45:00,Op Locatie,475
2012-10-11 13:00:00,2012-10-11 19:00:00,Snoepwinkel,477
2012-10-11 14:30:00,0000-00-00 00:00:00,Domzaal,767
2012-10-11 18:00:00,2012-10-11 23:59:00,Café,495
2012-10-11 18:00:00,2012-10-11 23:59:00,Op Locatie,635
2012-10-11 18:00:00,2012-10-12 00:00:00,Diverse Zalen,673
2012-10-11 20:00:00,0000-00-00 00:00:00,Op Locatie,497
2012-10-11 20:00:00,0000-00-00 00:00:00,Domzaal,675
2012-10-11 20:00:00,0000-00-00 00:00:00,Op Locatie,685
2012-10-11 20:00:00,0000-00-00 00:00:00,Theaterzaal,751
2012-10-11 21:30:00,0000-00-00 00:00:00,Theaterzaal,661
2012-10-11 22:00:00,0000-00-00 00:00:00,Concertzaal,807
2012-10-11 22:15:00,0000-00-00 00:00:00,Theaterzaal,749
2012-10-11 22:30:00,0000-00-00 00:00:00,Domzaal,757
2012-10-12 10:00:00,2012-10-13 01:00:00,Café,541
2012-10-12 13:00:00,2012-10-12 18:00:00,Snoepwinkel,473
2012-10-12 13:00:00,2012-10-12 17:45:00,Op Locatie,475
2012-10-12 13:00:00,2012-10-12 19:00:00,Snoepwinkel,477
2012-10-12 14:30:00,0000-00-00 00:00:00,Domzaal,759
2012-10-12 17:30:00,0000-00-00 00:00:00,Domzaal,769
2012-10-12 18:00:00,2012-10-12 23:59:00,Café,495
2012-10-12 18:00:00,2012-10-12 23:59:00,Op Locatie,635
2012-10-12 18:00:00,2012-10-13 00:00:00,Diverse Zalen,673
2012-10-12 20:00:00,0000-00-00 00:00:00,Op Locatie,497
2012-10-12 20:00:00,0000-00-00 00:00:00,Op Locatie,685
2012-10-12 20:00:00,0000-00-00 00:00:00,Domzaal,755
2012-10-12 20:00:00,0000-00-00 00:00:00,Theaterzaal,761
2012-10-12 22:30:00,0000-00-00 00:00:00,Domzaal,783
2012-10-13 11:30:00,2012-10-14 02:00:00,Café,541
2012-10-13 13:00:00,2012-10-13 18:00:00,Snoepwinkel,473
2012-10-13 13:00:00,2012-10-13 17:45:00,Op Locatie,475
2012-10-13 13:00:00,2012-10-13 19:00:00,Snoepwinkel,477
2012-10-13 14:00:00,2012-10-13 23:59:00,Café,495
2012-10-13 14:00:00,2012-10-14 00:00:00,Diverse Zalen,673
2012-10-13 14:30:00,0000-00-00 00:00:00,Theaterzaal,761
2012-10-13 15:00:00,0000-00-00 00:00:00,Diverse Zalen,683
2012-10-13 17:30:00,0000-00-00 00:00:00,Domzaal,757
2012-10-13 18:00:00,2012-10-13 23:59:00,Op Locatie,635
2012-10-13 20:00:00,0000-00-00 00:00:00,Theaterzaal,501
2012-10-13 20:00:00,0000-00-00 00:00:00,Domzaal,775
2012-10-13 22:30:00,0000-00-00 00:00:00,Domzaal,771
2012-10-13 23:00:00,0000-00-00 00:00:00,Concertzaal,809
2012-10-14 13:00:00,2012-10-14 17:45:00,Op Locatie,475
2012-10-14 13:00:00,2012-10-14 19:00:00,Snoepwinkel,477
2012-10-14 14:00:00,2012-10-14 23:59:00,Café,495
2012-10-14 14:00:00,2012-10-15 01:00:00,Café,541
2012-10-14 14:00:00,0000-00-00 00:00:00,Café,657
2012-10-14 14:00:00,2012-10-15 00:00:00,Diverse Zalen,673
2012-10-14 14:30:00,0000-00-00 00:00:00,Domzaal,767
2012-10-14 17:00:00,0000-00-00 00:00:00,Café,837
2012-10-14 17:30:00,0000-00-00 00:00:00,Domzaal,755
2012-10-14 18:00:00,2012-10-14 23:59:00,Op Locatie,635
2012-10-14 20:00:00,0000-00-00 00:00:00,Domzaal,771
2012-10-14 22:30:00,0000-00-00 00:00:00,Domzaal,785
2012-10-15 10:00:00,2012-10-15 01:00:00,Café,541
2012-10-15 14:30:00,0000-00-00 00:00:00,Domzaal,775
2012-10-15 17:30:00,0000-00-00 00:00:00,Theaterzaal,751
2012-10-15 20:00:00,0000-00-00 00:00:00,Domzaal,757
2012-10-15 22:30:00,0000-00-00 00:00:00,Domzaal,767
2012-10-16 10:00:00,2012-10-17 01:00:00,Café,541
2012-10-16 13:00:00,2012-10-16 18:00:00,Snoepwinkel,473
2012-10-16 13:00:00,2012-10-16 17:45:00,Op Locatie,475
2012-10-16 13:00:00,2012-10-16 19:00:00,Snoepwinkel,477
2012-10-16 14:30:00,0000-00-00 00:00:00,Domzaal,783
2012-10-16 17:30:00,0000-00-00 00:00:00,Domzaal,771
2012-10-16 18:00:00,2012-10-16 23:59:00,Café,495
2012-10-16 18:00:00,2012-10-16 23:59:00,Op Locatie,635
2012-10-16 18:00:00,2012-10-17 00:00:00,Diverse Zalen,673
2012-10-16 20:00:00,0000-00-00 00:00:00,Theaterzaal,505
2012-10-16 20:00:00,0000-00-00 00:00:00,Balzaal,627
2012-10-16 20:00:00,0000-00-00 00:00:00,Domzaal,773
2012-10-16 21:30:00,0000-00-00 00:00:00,Theaterzaal,547
2012-10-16 22:00:00,0000-00-00 00:00:00,Concertzaal,831
2012-10-16 22:30:00,0000-00-00 00:00:00,Theaterzaal,761
2012-10-17 10:00:00,2012-10-18 01:00:00,Café,541
2012-10-17 13:00:00,2012-10-17 18:00:00,Snoepwinkel,473
2012-10-17 13:00:00,2012-10-17 17:45:00,Op Locatie,475
2012-10-17 13:00:00,2012-10-17 19:00:00,Snoepwinkel,477
2012-10-17 14:30:00,0000-00-00 00:00:00,Domzaal,785
2012-10-17 17:30:00,0000-00-00 00:00:00,Domzaal,769
2012-10-17 18:00:00,2012-10-17 23:59:00,Café,495
2012-10-17 18:00:00,2012-10-17 23:59:00,Op Locatie,635
2012-10-17 18:00:00,2012-10-18 00:00:00,Diverse Zalen,673
2012-10-17 20:00:00,0000-00-00 00:00:00,Theaterzaal,507
2012-10-17 20:00:00,0000-00-00 00:00:00,Minard,511
2012-10-17 20:00:00,0000-00-00 00:00:00,Domzaal,783
2012-10-17 21:30:00,0000-00-00 00:00:00,Minard,549
2012-10-17 22:00:00,0000-00-00 00:00:00,Concertzaal,703
2012-10-17 22:00:00,0000-00-00 00:00:00,Concertzaal,813
2012-10-17 22:30:00,0000-00-00 00:00:00,Domzaal,755
2012-10-18 10:00:00,2012-10-19 01:00:00,Café,541
2012-10-18 13:00:00,2012-10-18 18:00:00,Snoepwinkel,473
2012-10-18 13:00:00,2012-10-18 17:45:00,Op Locatie,475
2012-10-18 13:00:00,2012-10-18 19:00:00,Snoepwinkel,477
2012-10-18 14:30:00,0000-00-00 00:00:00,Domzaal,759
2012-10-18 17:30:00,0000-00-00 00:00:00,Domzaal,773
2012-10-18 18:00:00,2012-10-18 23:59:00,Café,495
2012-10-18 18:00:00,2012-10-18 23:59:00,Op Locatie,635
2012-10-18 18:00:00,2012-10-19 00:00:00,Diverse Zalen,673
2012-10-18 18:30:00,0000-00-00 00:00:00,Café,643
2012-10-18 20:00:00,0000-00-00 00:00:00,Minard,511
2012-10-18 20:00:00,0000-00-00 00:00:00,Theaterzaal,781
2012-10-18 20:00:00,0000-00-00 00:00:00,Domzaal,785
2012-10-18 22:00:00,0000-00-00 00:00:00,Concertzaal,815
2012-10-18 22:30:00,0000-00-00 00:00:00,Domzaal,765
2012-10-19 10:00:00,2012-10-20 01:00:00,Café,541
2012-10-19 13:00:00,2012-10-19 18:00:00,Snoepwinkel,473
2012-10-19 13:00:00,2012-10-19 17:45:00,Op Locatie,475
2012-10-19 13:00:00,2012-10-19 19:00:00,Snoepwinkel,477
2012-10-19 14:30:00,0000-00-00 00:00:00,Domzaal,775
2012-10-19 15:00:00,2012-10-19 17:00:00,Snoepwinkel,725
2012-10-19 17:00:00,2012-10-19 19:00:00,Snoepwinkel,727
2012-10-19 17:30:00,0000-00-00 00:00:00,Theaterzaal,781
2012-10-19 18:00:00,2012-10-19 23:59:00,Café,495
2012-10-19 18:00:00,2012-10-19 23:59:00,Op Locatie,635
2012-10-19 18:00:00,2012-10-20 00:00:00,Diverse Zalen,673
2012-10-19 20:00:00,0000-00-00 00:00:00,Theaterzaal,747
2012-10-19 20:00:00,0000-00-00 00:00:00,Domzaal,769
2012-10-19 22:00:00,0000-00-00 00:00:00,Concertzaal,611
2012-10-19 22:30:00,0000-00-00 00:00:00,Theaterzaal,787
2012-10-20 11:30:00,2012-10-21 02:00:00,Café,541
2012-10-20 13:00:00,2012-10-20 18:00:00,Snoepwinkel,473
2012-10-20 13:00:00,2012-10-20 17:45:00,Op Locatie,475
2012-10-20 13:00:00,2012-10-20 19:00:00,Snoepwinkel,477
2012-10-20 14:00:00,2012-10-20 23:59:00,Café,495
2012-10-20 14:00:00,2012-10-21 00:00:00,Diverse Zalen,673
2012-10-20 14:30:00,0000-00-00 00:00:00,Theaterzaal,747
2012-10-20 15:00:00,0000-00-00 00:00:00,Diverse Zalen,683
2012-10-20 17:30:00,0000-00-00 00:00:00,Domzaal,753
2012-10-20 18:00:00,2012-10-20 23:59:00,Op Locatie,635
2012-10-20 19:30:00,0000-00-00 00:00:00,Minard,603
2012-10-20 21:00:00,0000-00-00 00:00:00,Balzaal,687
2012-10-20 21:30:00,0000-00-00 00:00:00,Theaterzaal,777
2012-10-20 23:00:00,0000-00-00 00:00:00,Balzaal,513
2012-10-20 23:00:00,0000-00-00 00:00:00,Concertzaal,663
2012-10-20 23:00:00,0000-00-00 00:00:00,Balzaal,689
2012-10-21 13:00:00,2012-10-21 17:45:00,Op Locatie,475
2012-10-21 13:00:00,2012-10-21 19:00:00,Snoepwinkel,477
2012-10-21 14:00:00,2012-10-22 01:00:00,Café,541
2012-10-22 10:00:00,2012-10-23 01:00:00,Café,541
2012-10-23 10:00:00,2012-10-24 01:00:00,Café,541
2012-10-23 13:00:00,2012-10-23 18:00:00,Snoepwinkel,473
2012-10-23 13:00:00,2012-10-23 17:45:00,Op Locatie,475
2012-10-23 13:00:00,2012-10-23 19:00:00,Snoepwinkel,477
2012-10-23 22:00:00,0000-00-00 00:00:00,Concertzaal,817
2012-10-24 10:00:00,2012-10-25 01:00:00,Café,541
2012-10-24 13:00:00,2012-10-24 18:00:00,Snoepwinkel,473
2012-10-24 13:00:00,2012-10-24 17:45:00,Op Locatie,475
2012-10-24 13:00:00,2012-10-24 19:00:00,Snoepwinkel,477
2012-10-24 20:00:00,0000-00-00 00:00:00,Theaterzaal,515
2012-10-24 20:00:00,0000-00-00 00:00:00,Balzaal,853
2012-10-24 22:00:00,0000-00-00 00:00:00,Balzaal,577
2012-10-25 10:00:00,2012-10-26 01:00:00,Café,541
2012-10-25 13:00:00,2012-10-25 18:00:00,Snoepwinkel,473
2012-10-25 13:00:00,2012-10-25 17:45:00,Op Locatie,475
2012-10-25 13:00:00,2012-10-25 19:00:00,Snoepwinkel,477
2012-10-25 20:00:00,0000-00-00 00:00:00,Theaterzaal,515
2012-10-25 20:00:00,0000-00-00 00:00:00,Domzaal,519
2012-10-25 22:00:00,0000-00-00 00:00:00,Concertzaal,819
2012-10-26 10:00:00,2012-10-27 01:00:00,Café,541
2012-10-26 10:00:00,2012-10-26 18:00:00,Diverse Zalen,711
2012-10-26 10:00:00,2012-10-26 18:00:00,Diverse Zalen,711
2012-10-26 13:00:00,2012-10-26 18:00:00,Snoepwinkel,473
2012-10-26 13:00:00,2012-10-26 17:45:00,Op Locatie,475
2012-10-26 13:00:00,2012-10-26 19:00:00,Snoepwinkel,477
2012-10-26 20:00:00,0000-00-00 00:00:00,"Academieraadzaal RUG, Volderstraat 9",713
2012-10-27 11:30:00,2012-10-28 02:00:00,Café,541
2012-10-27 13:00:00,2012-10-27 18:00:00,Snoepwinkel,473
2012-10-27 13:00:00,2012-10-27 17:45:00,Op Locatie,475
2012-10-27 13:00:00,2012-10-27 19:00:00,Snoepwinkel,477
2012-10-27 21:00:00,0000-00-00 00:00:00,Balzaal,821
2012-10-27 22:00:00,2012-10-28 06:00:00,Concertzaal,649
2012-10-28 13:00:00,2012-10-28 17:45:00,Op Locatie,475
2012-10-28 13:00:00,2012-10-28 19:00:00,Snoepwinkel,477
2012-10-28 14:00:00,2012-10-29 01:00:00,Café,541
2012-10-28 17:00:00,0000-00-00 00:00:00,Op Locatie,729
2012-10-28 20:00:00,0000-00-00 00:00:00,Domzaal,735
2012-10-29 10:00:00,2012-10-30 01:00:00,Café,541
2012-10-29 19:00:00,0000-00-00 00:00:00,Theaterzaal,791
2012-10-29 19:30:00,0000-00-00 00:00:00,Concertzaal,607
2012-10-30 10:00:00,2012-10-31 01:00:00,Café,541
2012-10-30 13:00:00,2012-10-30 18:00:00,Snoepwinkel,473
2012-10-30 13:00:00,2012-10-30 17:45:00,Op Locatie,475
2012-10-30 13:00:00,2012-10-30 19:00:00,Snoepwinkel,477
2012-10-30 20:00:00,0000-00-00 00:00:00,Theaterzaal,527
2012-10-30 20:00:00,0000-00-00 00:00:00,Domzaal,591
2012-10-31 10:00:00,2012-11-01 01:00:00,Café,541
2012-10-31 13:00:00,2012-10-31 18:00:00,Snoepwinkel,473
2012-10-31 13:00:00,2012-10-31 17:45:00,Op Locatie,475
2012-10-31 13:00:00,2012-10-31 19:00:00,Snoepwinkel,477
2012-10-31 20:00:00,0000-00-00 00:00:00,Theaterzaal,527
2012-10-31 21:00:00,0000-00-00 00:00:00,Balzaal,609
2012-10-31 21:00:00,0000-00-00 00:00:00,Concertzaal,717
2012-11-01 10:00:00,2012-11-02 01:00:00,Café,541
2012-11-01 22:00:00,0000-00-00 00:00:00,Concertzaal,705
2012-11-02 10:00:00,2012-11-03 01:00:00,Café,541
2012-11-02 13:00:00,2012-11-02 18:00:00,Snoepwinkel,473
2012-11-02 13:00:00,2012-11-02 17:45:00,Op Locatie,475
2012-11-02 13:00:00,2012-11-02 19:00:00,Snoepwinkel,477
2012-11-02 17:00:00,2012-11-02 19:00:00,Snoepwinkel,731
2012-11-02 20:00:00,0000-00-00 00:00:00,Theaterzaal,527
2012-11-02 21:00:00,0000-00-00 00:00:00,Concertzaal,587
2012-11-02 22:00:00,0000-00-00 00:00:00,Balzaal,845
2012-11-03 11:30:00,2012-11-04 02:00:00,Café,541
2012-11-03 13:00:00,2012-11-03 18:00:00,Snoepwinkel,473
2012-11-03 13:00:00,2012-11-03 17:45:00,Op Locatie,475
2012-11-03 13:00:00,2012-11-03 19:00:00,Snoepwinkel,477
2012-11-03 15:00:00,2012-11-03 17:00:00,Diverse Zalen,1389
2012-11-03 21:00:00,0000-00-00 00:00:00,Balzaal,829
2012-11-03 23:00:00,0000-00-00 00:00:00,Concertzaal,699
2012-11-04 13:00:00,2012-11-04 17:45:00,Op Locatie,475
2012-11-04 13:00:00,2012-11-04 19:00:00,Snoepwinkel,477
2012-11-04 14:00:00,2012-11-05 01:00:00,Café,541
2012-11-04 15:00:00,2012-11-04 20:00:00,Café,741
2012-11-04 19:30:00,0000-00-00 00:00:00,Balzaal,695
2012-11-04 19:30:00,0000-00-00 00:00:00,Concertzaal,825
2012-11-05 10:00:00,2012-11-06 01:00:00,Café,541
2012-11-06 10:00:00,2012-11-07 01:00:00,Café,541
2012-11-06 12:00:00,2012-11-06 16:00:00,Dansstudio,715
2012-11-06 12:00:00,2012-11-06 18:00:00,Domzaal,719
2012-11-06 20:00:00,0000-00-00 00:00:00,Balzaal,651
2012-11-06 20:00:00,0000-00-00 00:00:00,Dansstudio,715
2012-11-06 20:00:00,0000-00-00 00:00:00,Dansstudio,715
2012-11-06 20:00:00,0000-00-00 00:00:00,Domzaal,719
2012-11-06 21:00:00,0000-00-00 00:00:00,Domzaal,719
2012-11-07 10:00:00,2012-11-08 01:00:00,Café,541
2012-11-07 20:00:00,0000-00-00 00:00:00,Theaterzaal,529
2012-11-07 20:00:00,0000-00-00 00:00:00,Balzaal,843
2012-11-07 21:30:00,0000-00-00 00:00:00,Theaterzaal,551
2012-11-08 10:00:00,2012-11-09 01:00:00,Café,541
2012-11-08 20:00:00,0000-00-00 00:00:00,Theaterzaal,529
2012-11-08 20:00:00,0000-00-00 00:00:00,Domzaal,531
2012-11-08 20:00:00,0000-00-00 00:00:00,Balzaal,865
2012-11-08 21:30:00,0000-00-00 00:00:00,Concertzaal,827
2012-11-09 10:00:00,2012-11-10 01:00:00,Café,541
2012-11-09 22:00:00,0000-00-00 00:00:00,Concertzaal,797
2012-11-10 11:30:00,2012-11-11 02:00:00,Café,541
2012-11-10 12:30:00,0000-00-00 00:00:00,Diverse Zalen,617
2012-11-10 22:00:00,0000-00-00 00:00:00,Balzaal,471
2012-11-10 22:00:00,2012-11-10 06:00:00,Concertzaal,793
2012-11-11 14:00:00,2012-11-12 01:00:00,Café,541
2012-11-12 10:00:00,2012-11-13 01:00:00,Café,541
2012-11-13 09:30:00,2012-11-13 12:00:00,Op Locatie,867
2012-11-13 10:00:00,2012-11-14 01:00:00,Café,541
2012-11-13 20:00:00,0000-00-00 00:00:00,Minard,533
2012-11-13 20:00:00,0000-00-00 00:00:00,Minard,565
2012-11-14 10:00:00,2012-11-15 01:00:00,Café,541
2012-11-14 20:00:00,0000-00-00 00:00:00,Minard,533
2012-11-14 20:00:00,0000-00-00 00:00:00,Minard,565
2012-11-14 20:00:00,0000-00-00 00:00:00,Domzaal,593
2012-11-14 21:00:00,0000-00-00 00:00:00,Balzaal,613
2012-11-15 10:00:00,2012-11-16 01:00:00,Café,541
2012-11-15 20:00:00,0000-00-00 00:00:00,Minard,533
2012-11-15 20:00:00,0000-00-00 00:00:00,Minard,565
2012-11-15 20:00:00,0000-00-00 00:00:00,Theaterzaal,581
2012-11-15 21:00:00,0000-00-00 00:00:00,Concertzaal,745
2012-11-15 22:00:00,0000-00-00 00:00:00,Balzaal,737
2012-11-16 10:00:00,2012-11-17 01:00:00,Café,541
2012-11-16 20:00:00,0000-00-00 00:00:00,Minard,533
2012-11-16 20:00:00,0000-00-00 00:00:00,Minard,565
2012-11-17 11:30:00,2012-11-18 02:00:00,Café,541
2012-11-17 18:00:00,0000-00-00 00:00:00,Vooruit,701
2012-11-17 20:00:00,0000-00-00 00:00:00,Minard,533
2012-11-17 20:00:00,0000-00-00 00:00:00,Minard,565
2012-11-18 14:00:00,2012-11-19 01:00:00,Café,541
2012-11-18 14:00:00,2012-11-18 18:00:00,Café,739
2012-11-18 19:30:00,0000-00-00 00:00:00,Concertzaal,601
2012-11-19 10:00:00,2012-11-20 01:00:00,Café,541
2012-11-20 10:00:00,2012-11-21 01:00:00,Café,541
2012-11-20 19:30:00,0000-00-00 00:00:00,Minard,605
2012-11-20 20:00:00,0000-00-00 00:00:00,Balzaal,629
2012-11-20 22:00:00,0000-00-00 00:00:00,Concertzaal,811
2012-11-21 10:00:00,2012-11-22 01:00:00,Café,541
2012-11-21 20:00:00,0000-00-00 00:00:00,Minard,597
2012-11-21 20:00:00,0000-00-00 00:00:00,Balzaal,641
2012-11-22 10:00:00,2012-11-23 01:00:00,Café,541
2012-11-22 20:00:00,0000-00-00 00:00:00,Balzaal & Domzaal,535
2012-11-22 22:00:00,0000-00-00 00:00:00,Concertzaal,841
2012-11-23 10:00:00,2012-11-24 01:00:00,Café,541
2012-11-23 20:00:00,0000-00-00 00:00:00,Theaterzaal,491
2012-11-23 20:00:00,0000-00-00 00:00:00,Balzaal & Domzaal,537
2012-11-23 22:00:00,0000-00-00 00:00:00,Concertzaal,467
2012-11-24 11:30:00,2012-11-25 02:00:00,Café,541
2012-11-24 20:00:00,0000-00-00 00:00:00,Theaterzaal,491
2012-11-24 21:00:00,0000-00-00 00:00:00,Balzaal,789
2012-11-24 21:30:00,0000-00-00 00:00:00,Theaterzaal,553
2012-11-24 23:00:00,2012-11-24 06:00:00,Concertzaal,799
2012-11-25 13:00:00,2012-11-25 18:00:00,Vooruit,839
2012-11-25 14:00:00,2012-11-26 01:00:00,Café,541
2012-11-25 20:00:00,0000-00-00 00:00:00,Theaterzaal,543
2012-11-26 10:00:00,2012-11-27 01:00:00,Café,541
2012-11-26 19:00:00,0000-00-00 00:00:00,Minard,833
2012-11-26 19:30:00,0000-00-00 00:00:00,Concertzaal,707
2012-11-27 10:00:00,2012-11-28 01:00:00,Café,541
2012-11-27 20:00:00,0000-00-00 00:00:00,Theaterzaal,863
2012-11-28 10:00:00,2012-11-29 01:00:00,Café,541
2012-11-28 20:00:00,0000-00-00 00:00:00,Minard,493
2012-11-28 20:00:00,0000-00-00 00:00:00,Domzaal,665
2012-11-28 20:00:00,0000-00-00 00:00:00,Theaterzaal,743
2012-11-28 21:00:00,0000-00-00 00:00:00,Concertzaal,647
2012-11-29 10:00:00,2012-11-30 01:00:00,Café,541
2012-11-29 20:00:00,0000-00-00 00:00:00,Minard,493
2012-11-29 20:00:00,0000-00-00 00:00:00,Balzaal,861
2012-11-30 10:00:00,2012-12-01 01:00:00,Café,541
2012-11-30 20:00:00,0000-00-00 00:00:00,Theaterzaal,499
2012-12-01 11:30:00,2012-12-02 01:00:00,Café,541
2012-12-01 16:00:00,0000-00-00 00:00:00,Minard,493
2012-12-01 21:00:00,0000-00-00 00:00:00,Theaterzaal,763
2012-12-01 21:00:00,2012-12-02 03:00:00,Balzaal,851
2012-12-02 14:00:00,2012-12-03 01:00:00,Café,541
2012-12-03 10:00:00,2012-12-04 01:00:00,Café,541
2012-12-04 10:00:00,2012-12-05 01:00:00,Café,541
2012-12-04 20:00:00,0000-00-00 00:00:00,Domzaal,503
2012-12-04 21:30:00,0000-00-00 00:00:00,Domzaal,555
2012-12-04 22:00:00,0000-00-00 00:00:00,Domzaal,503
2012-12-05 10:00:00,2012-12-06 01:00:00,Café,541
2012-12-05 20:00:00,0000-00-00 00:00:00,Domzaal,509
2012-12-05 20:00:00,0000-00-00 00:00:00,"De Bijloke, Jozef Kluyskensstraat 2",517
2012-12-05 22:00:00,0000-00-00 00:00:00,Balzaal,469
2012-12-06 10:00:00,2012-12-07 01:00:00,Café,541
2012-12-06 20:00:00,0000-00-00 00:00:00,Theaterzaal,521
2012-12-06 20:00:00,0000-00-00 00:00:00,Balzaal,869
2012-12-06 22:00:00,0000-00-00 00:00:00,Concertzaal,877
2012-12-07 10:00:00,2012-12-08 01:00:00,Café,541
2012-12-07 20:00:00,0000-00-00 00:00:00,Theaterzaal,521
2012-12-08 11:30:00,2012-12-09 02:00:00,Café,541
2012-12-08 15:00:00,2012-12-08 17:00:00,Diverse Zalen,1389
2012-12-08 20:00:00,0000-00-00 00:00:00,Theaterzaal,521
2012-12-08 21:00:00,0000-00-00 00:00:00,Domzaal,523
2012-12-08 21:30:00,0000-00-00 00:00:00,Balzaal,855
2012-12-09 10:30:00,0000-00-00 00:00:00,Op Locatie,779
2012-12-09 14:00:00,2012-12-10 01:00:00,Café,541
2012-12-09 19:30:00,0000-00-00 00:00:00,Concertzaal,835
2012-12-09 20:00:00,0000-00-00 00:00:00,Domzaal,523
2012-12-10 10:00:00,2012-12-11 01:00:00,Café,541
2012-12-11 10:00:00,2012-12-12 01:00:00,Café,541
2012-12-11 19:30:00,0000-00-00 00:00:00,Concertzaal,823
2012-12-11 20:00:00,0000-00-00 00:00:00,Domzaal,879
2012-12-12 10:00:00,2012-12-13 01:00:00,Café,541
2012-12-12 20:00:00,0000-00-00 00:00:00,Theaterzaal,525
2012-12-13 10:00:00,2012-12-14 01:00:00,Café,541
2012-12-14 10:00:00,2012-12-15 02:00:00,Café,541
2012-12-14 19:00:00,0000-00-00 00:00:00,Diverse Zalen,871
2012-12-14 20:30:00,0000-00-00 00:00:00,Diverse Zalen,871
2012-12-15 11:30:00,2012-12-16 02:00:00,Café,541
2012-12-15 20:10:00,0000-00-00 00:00:00,Diverse Zalen,871
2012-12-16 14:00:00,2012-12-17 01:00:00,Café,541
2012-12-16 14:00:00,0000-00-00 00:00:00,Café,659
2012-12-17 10:00:00,2012-12-18 01:00:00,Café,541
2012-12-18 10:00:00,2012-12-19 01:00:00,Café,541
2012-12-18 20:00:00,0000-00-00 00:00:00,Balzaal,631
2012-12-19 10:00:00,2012-12-20 01:00:00,Café,541
2012-12-20 10:00:00,2012-12-21 01:00:00,Café,541
2012-12-20 15:00:00,2012-12-20 18:00:00,Café,883
2012-12-20 23:00:00,2012-12-21 06:00:00,Concertzaal,849
2012-12-21 10:00:00,2012-12-22 01:00:00,Café,541
2012-12-21 21:00:00,0000-00-00 00:00:00,Concertzaal,539
2012-12-22 14:00:00,0000-00-00 00:00:00,Foyer Theaterzaal ,875
2012-12-22 23:00:00,2012-12-23 06:00:00,Concertzaal,847
2012-12-22 23:00:00,2012-12-23 05:00:00,Balzaal,873
2012-12-23 20:00:00,0000-00-00 00:00:00,Balzaal,885
2012-12-26 21:00:00,0000-00-00 00:00:00,Café,881
2012-12-27 21:00:00,0000-00-00 00:00:00,Café,881
2012-12-28 21:00:00,0000-00-00 00:00:00,Café,881
2012-12-29 23:00:00,0000-00-00 00:00:00,Balzaal,857
2012-12-31 23:00:00,0000-00-00 00:00:00,Balzaal,859
2013-01-01 00:30:00,2013-01-01 07:00:00,Concertzaal,249
2013-01-12 15:00:00,2013-01-12 17:00:00,Diverse Zalen,1389
2013-01-12 22:00:00,0000-00-00 00:00:00,Concertzaal,299
2013-01-12 23:00:00,0000-00-00 00:00:00,Balzaal,297
2013-01-16 20:00:00,0000-00-00 00:00:00,Theaterzaal,203
2013-01-17 20:00:00,0000-00-00 00:00:00,Theaterzaal,203
2013-01-17 20:00:00,0000-00-00 00:00:00,Domzaal,247
2013-01-19 19:00:00,0000-00-00 00:00:00,Minard,275
2013-01-20 15:00:00,2013-01-20 19:00:00,Café,277
2013-01-20 19:30:00,0000-00-00 00:00:00,Balzaal,243
2013-01-22 20:00:00,0000-00-00 00:00:00,Balzaal,205
2013-01-24 20:00:00,0000-00-00 00:00:00,Theaterzaal,207
2013-01-25 19:30:00,0000-00-00 00:00:00,Concertzaal,237
2013-01-25 20:00:00,0000-00-00 00:00:00,Domzaal,209
2013-01-26 20:00:00,0000-00-00 00:00:00,Domzaal,209
2013-01-26 21:00:00,0000-00-00 00:00:00,Balzaal,257
2013-01-29 09:00:00,0000-00-00 00:00:00,"Academieraadzaal RUG, Volderstraat 9",255
2013-01-29 20:00:00,0000-00-00 00:00:00,Balzaal,233
2013-01-31 20:00:00,0000-00-00 00:00:00,Theaterzaal,211
2013-01-31 20:00:00,0000-00-00 00:00:00,Balzaal,269
2013-01-31 21:30:00,0000-00-00 00:00:00,Theaterzaal,229
2013-02-01 19:30:00,0000-00-00 00:00:00,Concertzaal,261
2013-02-01 20:00:00,0000-00-00 00:00:00,Domzaal,213
2013-02-01 21:30:00,0000-00-00 00:00:00,Domzaal,227
2013-02-01 22:00:00,0000-00-00 00:00:00,Balzaal,293
2013-02-02 15:00:00,2013-02-02 17:00:00,Diverse Zalen,1389
2013-02-03 15:00:00,2013-02-03 20:00:00,Café,4713
2013-02-03 19:30:00,0000-00-00 00:00:00,Balzaal,263
2013-02-06 20:00:00,0000-00-00 00:00:00,Theaterzaal,215
2013-02-07 19:30:00,0000-00-00 00:00:00,"De Centrale, Kraankindersstraat 2",281
2013-02-07 19:30:00,0000-00-00 00:00:00,"De Centrale, Kraankindersstraat 2",281
2013-02-08 20:00:00,0000-00-00 00:00:00,"De Centrale, Kraankindersstraat 2",283
2013-02-08 20:00:00,0000-00-00 00:00:00,"De Centrale, Kraankindersstraat 2",283
2013-02-08 23:00:00,0000-00-00 00:00:00,Concertzaal,301
2013-02-09 14:00:00,0000-00-00 00:00:00,Diverse Zalen,303
2013-02-09 20:00:00,0000-00-00 00:00:00,"De Centrale, Kraankindersstraat 2",285
2013-02-09 20:00:00,0000-00-00 00:00:00,"De Centrale, Kraankindersstraat 2",285
2013-02-10 19:00:00,0000-00-00 00:00:00,"De Centrale, Kraankindersstraat 2",287
2013-02-10 19:00:00,0000-00-00 00:00:00,"De Centrale, Kraankindersstraat 2",287
2013-02-13 20:00:00,0000-00-00 00:00:00,Theaterzaal,217
2013-02-13 22:00:00,0000-00-00 00:00:00,Minard,219
2013-02-14 19:30:00,0000-00-00 00:00:00,Concertzaal,273
2013-02-15 20:00:00,0000-00-00 00:00:00,Domzaal,221
2013-02-15 20:00:00,0000-00-00 00:00:00,Theaterzaal & Balzaal,289
2013-02-15 20:00:00,0000-00-00 00:00:00,Theaterzaal & Balzaal,289
2013-02-16 20:00:00,0000-00-00 00:00:00,Diverse Zalen,291
2013-02-16 20:00:00,0000-00-00 00:00:00,Diverse Zalen,291
2013-02-18 20:00:00,0000-00-00 00:00:00,Concertzaal,259
2013-02-19 20:00:00,0000-00-00 00:00:00,"De Bijloke, Jozef Kluyskensstraat 2",223
2013-02-19 20:00:00,0000-00-00 00:00:00,Minard,225
2013-02-19 20:00:00,0000-00-00 00:00:00,Balzaal,235
2013-02-20 10:00:00,2013-02-21 02:00:00,Diverse Zalen,4711
2013-02-20 13:30:00,0000-00-00 00:00:00,Op Locatie,4715
2013-02-20 20:00:00,0000-00-00 00:00:00,"NTGent, Sint-Baafsplein 17",197
2013-02-20 20:00:00,0000-00-00 00:00:00,Minard,225
2013-02-20 20:00:00,0000-00-00 00:00:00,Theaterzaal,253
2013-02-20 20:00:00,0000-00-00 00:00:00,Domzaal,305
2013-02-20 20:00:00,0000-00-00 00:00:00,Balzaal,307
2013-02-21 20:00:00,0000-00-00 00:00:00,Minard,225
2013-02-21 20:00:00,0000-00-00 00:00:00,Concertzaal,231
2013-02-22 20:00:00,0000-00-00 00:00:00,"NTGent, Sint-Baafsplein 17",197
2013-02-22 20:00:00,0000-00-00 00:00:00,Theaterzaal,199
2013-02-22 20:00:00,0000-00-00 00:00:00,Minard,225
2013-02-22 21:00:00,0000-00-00 00:00:00,Balzaal,265
2013-02-23 20:00:00,0000-00-00 00:00:00,Theaterzaal,199
2013-02-23 20:00:00,0000-00-00 00:00:00,Minard,225
2013-02-23 20:30:00,0000-00-00 00:00:00,Balzaal,295
2013-02-23 23:00:00,0000-00-00 00:00:00,Concertzaal,271
2013-02-24 15:00:00,0000-00-00 00:00:00,Theaterzaal,199
2013-02-24 15:00:00,0000-00-00 00:00:00,Café,279
2013-02-26 20:00:00,0000-00-00 00:00:00,Minard,239
2013-02-26 22:00:00,0000-00-00 00:00:00,Balzaal,251
2013-02-26 22:00:00,0000-00-00 00:00:00,Concertzaal,4717
2013-02-27 20:00:00,0000-00-00 00:00:00,"NTGent, Sint-Baafsplein 17",197
2013-02-27 20:00:00,0000-00-00 00:00:00,Theaterzaal,241
2013-02-27 20:00:00,2013-02-26 13:02:00,Balzaal,4709
2013-02-28 19:30:00,2013-02-26 13:02:12,Balzaal,267
2013-02-28 20:00:00,2013-02-26 13:02:00,"deSingel, Antwerpen",245
2013-02-28 20:00:00,2013-02-26 13:02:00,Minard,437
2013-03-01 19:30:00,2013-03-02 05:00:00,Concertzaal,413
2013-03-01 20:00:00,2013-03-01 22:05:00,Minard,437
2013-03-01 20:00:00,2013-03-02 05:00:00,Balzaal,1785
2013-03-02 15:00:00,2013-03-02 17:00:00,Diverse Zalen,1389
2013-03-02 20:00:00,2013-03-02 22:05:00,Minard,437
2013-03-02 21:00:00,2013-03-03 03:00:00,Balzaal,4199
2013-03-02 22:00:00,2013-03-02 23:00:00,Theaterzaal,455
2013-03-02 23:00:00,2013-03-03 06:00:00,Concertzaal,4203
2013-03-03 19:30:00,2013-03-04 01:00:00,Balzaal,435
2013-03-05 12:30:00,2013-03-05 14:00:00,Balzaal,4201
2013-03-05 22:00:00,2013-03-05 23:00:00,Balzaal,445
2013-03-06 20:00:00,2013-03-06 22:00:00,Balzaal,4237
2013-03-07 20:00:00,2013-03-07 21:00:00,Domzaal,457
2013-03-08 20:20:00,2013-03-08 20:45:00,Domzaal,4251
2013-03-09 07:00:00,2013-03-10 07:00:00,Andere locatie,5956
2013-03-10 13:00:00,2013-03-10 15:00:00,Andere locatie,5956
2013-03-11 19:30:00,2013-03-11 23:00:00,Foyer Theaterzaal ,4227
2013-03-11 19:30:00,2013-03-11 22:00:00,Balzaal,4729
2013-03-12 07:00:00,2013-03-13 07:00:00,Andere locatie,5956
2013-03-12 07:00:00,2013-03-13 07:00:00,Café,5956
2013-03-12 12:30:00,2013-03-12 14:00:00,Balzaal,4215
2013-03-12 19:30:00,2013-03-13 01:00:00,Balzaal,449
2013-03-12 20:00:00,2013-03-12 21:55:00,Theaterzaal,453
2013-03-13 20:00:00,2013-03-13 22:00:00,Balzaal,4217
2013-03-14 10:00:00,2013-03-14 17:00:00,Theaterzaal,439
2013-03-14 20:00:00,2013-03-14 21:20:00,Domzaal,425
2013-03-16 13:00:00,2013-03-16 14:30:00,Majolica,4247
2013-03-16 23:00:00,2013-03-17 05:00:00,Balzaal,4235
2013-03-16 23:00:00,2013-03-17 06:00:00,Concertzaal,4257
2013-03-17 14:30:00,2013-03-17 18:00:00,Café,431
2013-03-17 19:30:00,2013-03-18 01:00:00,Balzaal,441
2013-03-18 20:00:00,2013-03-18 22:00:00,Café,4233
2013-03-19 20:00:00,2013-03-19 21:15:00,Domzaal,427
2013-03-19 20:00:00,2013-03-19 22:00:00,Balzaal,4231
2013-03-19 20:00:00,2013-03-20 07:00:00,Minard,5907
2013-03-19 21:15:00,2013-03-19 21:45:00,Domzaal,427
2013-03-20 20:00:00,2013-03-20 21:15:00,Domzaal,427
2013-03-20 20:00:00,2013-03-20 22:00:00,Theaterzaal,4221
2013-03-20 20:00:00,2013-03-21 07:00:00,Minard,5907
2013-03-21 19:30:00,2013-03-21 23:30:00,Concertzaal,429
2013-03-21 20:00:00,2013-03-22 07:00:00,Minard,5907
2013-03-22 20:00:00,2013-03-23 07:00:00,Minard,5907
2013-03-22 20:30:00,2013-03-22 22:00:00,Theaterzaal,4205
2013-03-23 12:00:00,2013-03-24 05:00:00,Brug,4209
2013-03-23 14:00:00,2013-03-23 15:30:00,Dansstudio,4209
2013-03-23 14:00:00,2013-03-23 15:30:00,Domzaal,4209
2013-03-23 15:00:00,2013-03-24 03:00:00,Balzaal,4209
2013-03-23 15:00:00,2013-03-24 05:00:00,Brugzaal,4209
2013-03-23 15:30:00,2013-03-23 17:00:00,\N,4209
2013-03-23 23:00:00,2013-03-24 06:00:00,Concertzaal,4239
2013-03-24 09:00:00,2013-03-24 11:45:00,Café,433
2013-03-24 09:00:00,2013-03-24 18:00:00,Diverse Zalen,1783
2013-03-24 09:30:00,2013-03-24 18:00:00,Domzaal,433
2013-03-24 09:30:00,2013-03-24 18:00:00,Balzaal,433
2013-03-24 09:30:00,2013-03-24 18:00:00,Concertzaal,433
2013-03-24 09:30:00,2013-03-24 18:00:00,Rondleidingen,433
2013-03-24 09:30:00,2013-03-24 18:00:00,Theaterzaal,433
2013-03-24 09:30:00,2013-03-24 18:00:00,Foyer Theaterzaal ,433
2013-03-24 10:00:00,2013-03-24 14:00:00,Mokabon,433
2013-03-24 11:45:00,2013-03-24 14:00:00,Café,433
2013-03-24 14:00:00,2013-03-24 18:00:00,Café,443
2013-03-26 20:00:00,2013-03-26 21:20:00,Theaterzaal,447
2013-03-26 21:30:00,2013-03-27 01:00:00,Concertzaal,417
2013-03-27 20:00:00,2013-03-27 21:20:00,Theaterzaal,447
2013-03-27 20:00:00,2013-03-27 22:00:00,Balzaal,4255
2013-03-27 22:00:00,2013-03-28 05:00:00,Concertzaal,4229
2013-03-28 20:00:00,2013-03-28 22:00:00,Theaterzaal,421
2013-03-29 19:30:00,2013-03-29 23:30:00,Balzaal,4223
2013-03-29 20:00:00,2013-03-29 22:00:00,Theaterzaal,4253
2013-03-29 22:00:00,2013-03-29 23:30:00,Concertzaal,5981
2013-03-30 20:00:00,2013-03-30 22:30:00,Theaterzaal,4211
2013-03-30 22:00:00,2013-03-31 06:00:00,Concertzaal,4241
2013-03-30 23:00:00,2013-03-31 05:00:00,Balzaal,4243
2013-04-02 19:30:00,2013-04-03 01:00:00,Balzaal,459
2013-04-03 20:00:00,2013-04-03 21:30:00,Domzaal,4723
2013-04-04 13:00:00,2013-04-04 18:30:00,Op Locatie,4715
2013-04-04 20:00:00,2013-04-04 23:00:00,Minard,461
2013-04-04 20:00:00,2013-04-04 21:30:00,Theaterzaal,6011
2013-04-04 21:30:00,2013-04-05 07:00:00,Café,6005
2013-04-05 19:30:00,2013-04-06 01:00:00,Balzaal,423
2013-04-05 20:00:00,2013-04-05 23:00:00,Minard,461
2013-04-06 18:30:00,2013-04-06 20:00:00,Domzaal,4723
2013-04-06 19:30:00,2013-04-07 05:00:00,Balzaal,4219
2013-04-09 20:00:00,2013-04-09 21:30:00,Domzaal,4723
2013-04-10 20:00:00,2013-04-10 21:30:00,Domzaal,4723
2013-04-11 19:30:00,2013-04-11 23:00:00,Concertzaal,451
2013-04-11 20:00:00,2013-04-11 21:30:00,Domzaal,4723
2013-04-12 17:30:00,2000-04-12 00:00:00,Concertzaal,1789
2013-04-12 17:30:00,2013-04-13 05:00:00,Concertzaal,1789
2013-04-12 20:00:00,2013-04-12 21:30:00,Domzaal,4723
2013-04-12 20:00:00,2013-04-13 03:30:00,Balzaal,5993
2013-04-13 17:00:00,2013-04-14 05:00:00,Concertzaal,1789
2013-04-13 17:30:00,2000-04-13 00:00:00,Concertzaal,1789
2013-04-13 20:00:00,2013-04-13 21:30:00,Domzaal,4723
2013-04-13 21:00:00,2013-04-14 05:00:00,Balzaal,5991
2013-04-15 19:30:00,2013-04-15 22:00:00,Balzaal,4207
2013-04-15 20:00:00,2000-04-15 22:00:00,Café,4233
2013-04-15 20:00:00,2013-04-15 22:00:00,Café,6053
2013-04-16 20:00:00,2013-04-16 22:00:00,Balzaal,4727
2013-04-17 20:00:00,2013-04-17 00:00:00,"De Bijloke, Jozef Kluyskensstraat 2",1791
2013-04-18 20:00:00,2013-04-18 21:30:00,Op Locatie,4213
2013-04-18 22:00:00,2013-04-19 05:00:00,Concertzaal,5973
2013-04-19 20:00:00,2013-04-19 21:30:00,Op Locatie,4213
2013-04-19 22:00:00,2013-04-20 06:00:00,Concertzaal,419
2013-04-20 11:00:00,2013-04-20 20:30:00,Café,6003
2013-04-20 20:00:00,2013-04-20 21:30:00,Op Locatie,4213
2013-04-20 23:00:00,2013-04-21 06:00:00,Concertzaal,5999
2013-04-20 23:00:00,2013-04-21 05:00:00,Balzaal,6001
2013-04-21 14:00:00,2013-04-21 17:00:00,Andere locatie,5979
2013-04-21 19:30:00,2013-04-22 01:00:00,Concertzaal,463
2013-04-22 07:00:00,2013-04-23 07:00:00,Andere locatie,5905
2013-04-23 07:00:00,2013-04-24 07:00:00,Andere locatie,5905
2013-04-24 07:00:00,2013-04-25 07:00:00,Andere locatie,5905
2013-04-24 10:00:00,2013-04-24 18:00:00,Café,6171
2013-04-25 07:00:00,2013-04-26 07:00:00,Andere locatie,5905
2013-04-25 20:00:00,2013-04-25 21:30:00,Op Locatie,4213
2013-04-25 22:00:00,2013-04-26 05:00:00,Concertzaal,6017
2013-04-25 22:00:00,2013-04-26 05:00:00,Balzaal,6019
2013-04-26 09:00:00,2013-04-26 20:00:00,Andere locatie,5905
2013-04-26 20:00:00,0000-00-00 00:00:00,Minard,1787
2013-04-26 20:00:00,2013-04-26 21:30:00,Op Locatie,4213
2013-04-27 09:00:00,2013-04-27 18:00:00,Andere locatie,5905
2013-04-27 20:00:00,2013-04-27 21:30:00,Op Locatie,4213
2013-04-27 22:00:00,2013-04-28 05:00:00,Balzaal,6021
2013-04-27 23:00:00,2013-04-28 06:00:00,Concertzaal,5975
2013-04-28 07:00:00,2013-04-29 07:00:00,Andere locatie,5905
2013-04-28 14:00:00,2013-04-28 18:00:00,Dansstudio,6177
2013-04-29 07:00:00,2013-04-30 07:00:00,Andere locatie,5905
2013-04-29 07:00:00,2013-04-30 07:00:00,Dansstudio,6177
2013-04-30 07:00:00,2013-05-01 07:00:00,Andere locatie,5905
2013-04-30 07:00:00,2013-05-01 07:00:00,Dansstudio,6177
2013-04-30 18:00:00,2013-05-01 00:00:00,Foyer Theaterzaal ,5909
2013-04-30 19:30:00,2013-04-30 21:45:00,Theaterzaal,5958
2013-04-30 20:00:00,2013-05-01 04:00:00,Concertzaal,5958
2013-05-01 11:00:00,2013-05-01 18:00:00,Op Locatie,6101
2013-05-01 12:00:00,2013-05-01 19:00:00,Andere locatie,5905
2013-05-01 12:00:00,2013-05-01 19:00:00,Vooruit,6049
2013-05-01 12:00:00,2013-05-01 19:00:00,Dansstudio,6177
2013-05-01 12:00:00,2013-05-01 19:00:00,Theaterzaal,6187
2013-05-01 13:30:00,2013-05-01 18:00:00,Café,6083
2013-05-01 14:00:00,2013-05-01 17:00:00,Majolica,6071
2013-05-01 19:00:00,2013-05-01 20:30:00,Domzaal,6169
2013-05-02 09:00:00,2013-05-02 19:00:00,Dansstudio,6177
2013-05-02 10:00:00,2013-05-02 17:00:00,Andere locatie,5905
2013-05-02 10:00:00,2013-10-27 17:00:00,Vooruit,5962
2013-05-03 10:00:00,2013-05-03 17:00:00,Andere locatie,5905
2013-05-03 10:00:00,2013-05-03 17:00:00,Vooruit,5962
2013-05-03 20:00:00,2013-05-03 21:30:00,Theaterzaal,4705
2013-05-03 22:30:00,2013-05-04 04:00:00,Balzaal,4725
2013-05-04 10:00:00,2013-05-04 17:00:00,Andere locatie,5905
2013-05-04 10:00:00,2013-05-04 17:00:00,Vooruit,5962
2013-05-04 11:00:00,2013-05-04 18:00:00,Op Locatie,6101
2013-05-04 15:00:00,2013-05-04 17:00:00,Rondleidingen,5943
2013-05-04 19:00:00,2013-05-04 20:50:00,Theaterzaal,6189
2013-05-04 20:00:00,2013-05-04 22:30:00,Rondleidingen,6339
2013-05-04 21:30:00,2013-05-05 06:00:00,Concertzaal,6043
2013-05-05 10:00:00,2013-05-05 17:00:00,Andere locatie,5905
2013-05-05 10:00:00,2013-05-05 17:00:00,Vooruit,5962
2013-05-05 10:00:00,0000-00-00 00:00:00,Op Locatie,6181
2013-05-05 10:00:00,2013-05-05 11:00:00,Op Locatie,6337
2013-05-05 11:00:00,2013-05-05 18:00:00,Op Locatie,6101
2013-05-05 15:00:00,2013-05-05 17:00:00,Rondleidingen,5943
2013-05-05 15:00:00,2013-05-05 17:00:00,Foyer Theaterzaal ,6035
2013-05-06 07:00:00,2013-05-07 07:00:00,Andere locatie,5905
2013-05-06 10:00:00,2013-05-06 11:30:00,Café,6369
2013-05-07 07:00:00,2013-05-08 07:00:00,Andere locatie,5905
2013-05-08 10:00:00,2013-05-08 17:00:00,Andere locatie,5905
2013-05-08 10:00:00,2013-05-08 17:00:00,Vooruit,5962
2013-05-08 10:00:00,2013-05-08 17:00:00,Diverse Zalen,6373
2013-05-08 11:00:00,2013-05-08 21:00:00,De Centrale (Kelderzaal),6153
2013-05-08 11:00:00,2013-05-08 21:00:00,Ticketbalie,6153
2013-05-08 19:00:00,2013-05-09 02:00:00,Café,6009
2013-05-08 22:00:00,2013-05-09 05:00:00,Concertzaal,6047
2013-05-09 10:00:00,2013-05-09 17:00:00,Andere locatie,5905
2013-05-09 10:00:00,2013-05-09 17:00:00,Vooruit,5962
2013-05-09 10:00:00,2013-05-09 17:00:00,Diverse Zalen,6373
2013-05-09 11:00:00,2013-05-09 21:00:00,Ticketbalie,6153
2013-05-09 11:00:00,2013-05-09 21:00:00,Ticketbalie,6153
2013-05-09 19:00:00,2013-05-10 07:00:00,Minard,6007
2013-05-10 10:00:00,2013-05-10 17:00:00,Andere locatie,5905
2013-05-10 10:00:00,2013-05-10 17:00:00,Vooruit,5962
2013-05-10 10:00:00,2013-05-10 17:00:00,Diverse Zalen,6373
2013-05-10 11:00:00,2013-05-10 21:00:00,De Centrale (Kelderzaal),6153
2013-05-10 11:00:00,2013-05-10 21:00:00,Ticketbalie,6153
2013-05-10 11:00:00,2013-05-10 21:00:00,Ticketbalie,6153
2013-05-10 19:00:00,0000-00-10 21:00:00,Dansstudio,6375
2013-05-10 21:00:00,2013-05-10 22:30:00,Balzaal,5987
2013-05-10 21:00:00,2013-05-10 21:45:00,\N,6195
2013-05-11 10:00:00,2013-05-11 17:00:00,Andere locatie,5905
2013-05-11 10:00:00,2013-05-11 17:00:00,Vooruit,5962
2013-05-11 10:00:00,2013-05-11 17:00:00,Diverse Zalen,6373
2013-05-11 10:00:00,0000-00-11 17:00:00,Dansstudio,6375
2013-05-11 11:00:00,2013-05-11 21:00:00,Ticketbalie,6153
2013-05-11 11:00:00,2013-05-11 21:00:00,Ticketbalie,6153
2013-05-11 15:00:00,2013-05-11 17:00:00,Rondleidingen,5943
2013-05-11 23:00:00,2013-05-12 05:00:00,Balzaal,6191
2013-05-12 10:00:00,2013-05-12 17:00:00,Andere locatie,5905
2013-05-12 10:00:00,2013-05-12 17:00:00,Vooruit,5962
2013-05-12 10:00:00,2013-05-12 17:00:00,Diverse Zalen,6373
2013-05-12 10:00:00,0000-00-12 17:00:00,Dansstudio,6375
2013-05-12 11:00:00,2013-05-13 07:00:00,Rondleidingen,5943
2013-05-12 11:00:00,2013-05-12 18:00:00,Op Locatie,6101
2013-05-12 11:00:00,2013-05-12 21:00:00,Ticketbalie,6153
2013-05-12 13:00:00,2013-05-12 18:30:00,Op Locatie,4715
2013-05-12 15:00:00,2013-05-12 17:00:00,Rondleidingen,5943
2013-05-12 15:00:00,2013-05-12 17:00:00,Foyer Theaterzaal ,6035
2013-05-13 07:00:00,2013-05-14 07:00:00,Andere locatie,5905
2013-05-13 10:00:00,2013-05-13 11:30:00,Café,6369
2013-05-14 07:00:00,2013-05-15 07:00:00,Andere locatie,5905
2013-05-14 20:00:00,2013-05-14 21:55:00,Theaterzaal,6193
2013-05-15 10:00:00,2013-05-15 17:00:00,Andere locatie,5905
2013-05-15 10:00:00,2013-05-15 17:00:00,Vooruit,5962
2013-05-15 10:00:00,2013-05-15 17:00:00,Diverse Zalen,6373
2013-05-15 10:00:00,0000-00-15 17:00:00,Dansstudio,6375
2013-05-15 19:30:00,2013-05-15 21:30:00,Foyer Theaterzaal ,5960
2013-05-15 20:00:00,2013-05-15 21:30:00,Balzaal,4731
2013-05-16 10:00:00,2013-05-16 17:00:00,Andere locatie,5905
2013-05-16 10:00:00,2013-05-16 17:00:00,Vooruit,5962
2013-05-16 10:00:00,2013-05-16 17:00:00,Diverse Zalen,6373
2013-05-16 10:00:00,0000-00-16 17:00:00,Dansstudio,6375
2013-05-16 14:00:00,2013-05-16 22:00:00,Café,6113
2013-05-16 14:00:00,2013-05-16 22:00:00,Café,6155
2013-05-16 20:00:00,2013-05-16 21:30:00,Domzaal,4721
2013-05-17 10:00:00,2013-05-17 17:00:00,Andere locatie,5905
2013-05-17 10:00:00,2013-05-17 17:00:00,Vooruit,5962
2013-05-17 10:00:00,2013-05-17 17:00:00,Diverse Zalen,6373
2013-05-17 10:00:00,0000-00-17 17:00:00,Dansstudio,6375
2013-05-17 14:00:00,2013-05-17 22:00:00,Café,6115
2013-05-17 14:00:00,2013-05-17 22:00:00,Café,6155
2013-05-17 19:30:00,2013-05-17 22:00:00,Balzaal,5966
2013-05-17 22:00:00,2013-05-18 05:00:00,Balzaal,5983
2013-05-18 10:00:00,2013-05-18 17:00:00,Andere locatie,5905
2013-05-18 10:00:00,2013-05-18 17:00:00,Vooruit,5962
2013-05-18 10:00:00,2013-05-18 17:00:00,Diverse Zalen,6373
2013-05-18 10:00:00,0000-00-18 17:00:00,Dansstudio,6375
2013-05-18 14:00:00,2013-05-18 22:00:00,Café,6117
2013-05-18 14:00:00,2013-05-18 22:00:00,Café,6155
2013-05-18 15:00:00,2013-05-18 17:00:00,Rondleidingen,5943
2013-05-18 17:00:00,2013-05-18 20:30:00,Foyer Theaterzaal ,6209
2013-05-18 19:30:00,2013-05-19 01:00:00,Balzaal,5027
2013-05-19 10:00:00,2013-05-19 17:00:00,Andere locatie,5905
2013-05-19 10:00:00,2013-05-19 17:00:00,Vooruit,5962
2013-05-19 10:00:00,2013-05-19 17:00:00,Diverse Zalen,6373
2013-05-19 10:00:00,0000-00-19 17:00:00,Dansstudio,6375
2013-05-19 11:00:00,2013-05-19 18:00:00,Op Locatie,6101
2013-05-19 11:00:00,2013-05-19 12:00:00,Theaterzaal,6221
2013-05-19 11:00:00,2013-05-19 13:00:00,Op Locatie,6367
2013-05-19 11:00:00,2013-05-19 13:00:00,Rondleidingen,6383
2013-05-19 14:00:00,2013-05-19 22:00:00,Café,6119
2013-05-19 14:00:00,2013-05-19 22:00:00,Café,6155
2013-05-19 15:00:00,2013-05-19 17:00:00,Rondleidingen,5943
2013-05-19 15:00:00,2013-05-19 17:00:00,Foyer Theaterzaal ,6035
2013-05-20 07:00:00,2013-05-21 07:00:00,Andere locatie,5905
2013-05-20 10:00:00,2013-05-20 11:30:00,Café,6369
2013-05-21 07:00:00,2013-05-22 07:00:00,Andere locatie,5905
2013-05-21 20:00:00,2013-05-21 22:00:00,Theaterzaal,4719
2013-05-22 10:00:00,2013-05-22 17:00:00,Andere locatie,5905
2013-05-22 10:00:00,2013-05-22 17:00:00,Vooruit,5962
2013-05-22 10:00:00,2013-05-22 17:00:00,Diverse Zalen,6373
2013-05-22 10:00:00,0000-00-22 17:00:00,Dansstudio,6375
2013-05-23 10:00:00,2013-05-23 17:00:00,Andere locatie,5905
2013-05-23 10:00:00,2013-05-23 17:00:00,Vooruit,5962
2013-05-23 10:00:00,2013-05-23 17:00:00,Diverse Zalen,6373
2013-05-23 10:00:00,0000-00-23 17:00:00,Dansstudio,6375
2013-05-23 19:00:00,2013-05-23 21:30:00,Balzaal,6333
2013-05-23 20:00:00,2013-05-23 22:00:00,Theaterzaal,5945
2013-05-24 10:00:00,2013-05-24 17:00:00,Andere locatie,5905
2013-05-24 10:00:00,2013-05-24 17:00:00,Vooruit,5962
2013-05-24 10:00:00,2013-05-24 17:00:00,Diverse Zalen,6373
2013-05-24 10:00:00,0000-00-24 17:00:00,Dansstudio,6375
2013-05-24 16:30:00,2013-05-24 18:30:00,Foyer Theaterzaal ,6335
2013-05-24 22:00:00,2013-05-25 05:00:00,Balzaal,6205
2013-05-25 10:00:00,2013-05-25 17:00:00,Andere locatie,5905
2013-05-25 10:00:00,2013-05-25 17:00:00,Vooruit,5962
2013-05-25 10:00:00,2013-05-25 17:00:00,Diverse Zalen,6373
2013-05-25 10:00:00,0000-00-25 17:00:00,Dansstudio,6375
2013-05-25 14:00:00,2013-05-25 18:00:00,Concertzaal,6341
2013-05-25 15:00:00,2013-05-25 17:00:00,Rondleidingen,5943
2013-05-26 10:00:00,2013-05-26 17:00:00,Andere locatie,5905
2013-05-26 10:00:00,2013-05-26 17:00:00,Vooruit,5962
2013-05-26 10:00:00,2013-05-26 17:00:00,Café,6159
2013-05-26 10:00:00,2013-05-26 17:00:00,Café,6159
2013-05-26 10:00:00,2013-05-26 17:00:00,Wintertuin,6159
2013-05-26 10:00:00,2013-05-26 17:00:00,Diverse Zalen,6373
2013-05-26 10:00:00,0000-00-26 17:00:00,Dansstudio,6375
2013-05-26 11:00:00,2013-05-26 18:00:00,Op Locatie,6101
2013-05-26 15:00:00,2013-05-26 17:00:00,Rondleidingen,5943
2013-05-26 15:00:00,2013-05-26 17:00:00,Foyer Theaterzaal ,6035
2013-05-26 20:00:00,2013-05-26 22:00:00,Theaterzaal,5903
2013-05-27 07:00:00,2013-05-28 07:00:00,Andere locatie,5905
2013-05-27 07:00:00,2013-05-28 07:00:00,Domzaal,6099
2013-05-27 10:00:00,2013-05-27 11:30:00,Café,6369
2013-05-27 19:30:00,2013-05-27 23:30:00,Balzaal,6217
2013-05-28 07:00:00,2013-05-29 07:00:00,Andere locatie,5905
2013-05-28 07:00:00,2013-05-29 07:00:00,Domzaal,6099
2013-05-28 19:00:00,2013-05-28 22:30:00,Concertzaal,5977
2013-05-29 10:00:00,2013-05-29 17:00:00,Andere locatie,5905
2013-05-29 10:00:00,2013-05-29 17:00:00,Vooruit,5962
2013-05-29 10:00:00,2013-05-29 18:00:00,Domzaal,6099
2013-05-29 10:00:00,2013-05-29 17:00:00,Diverse Zalen,6373
2013-05-29 14:00:00,2013-05-29 18:00:00,Café,4231
2013-05-29 14:00:00,2013-05-29 18:00:00,Café,6087
2013-05-29 18:00:00,2013-05-29 20:00:00,Domzaal,6099
2013-05-29 18:00:00,2013-05-29 20:00:00,Domzaal,6679
2013-05-29 20:00:00,2013-05-29 21:00:00,Theaterzaal,415
2013-05-29 21:00:00,2013-05-29 21:30:00,Theaterzaal,415
2013-05-30 10:00:00,2013-05-30 17:00:00,Andere locatie,5905
2013-05-30 10:00:00,2013-05-30 17:00:00,Vooruit,5962
2013-05-30 10:00:00,2013-05-30 17:00:00,Domzaal,6099
2013-05-30 10:00:00,2013-05-30 17:00:00,Diverse Zalen,6373
2013-05-30 14:00:00,2013-05-30 18:00:00,Café,4231
2013-05-30 14:00:00,2013-05-30 18:00:00,Café,6087
2013-05-30 20:00:00,2013-05-30 22:00:00,Balzaal,6175
2013-05-30 20:30:00,2013-05-30 21:00:00,Café,4231
2013-05-30 20:30:00,2013-05-30 21:00:00,Café,6095
2013-05-31 08:00:00,2013-05-31 10:00:00,Café,5931
2013-05-31 10:00:00,2013-05-31 17:00:00,Andere locatie,5905
2013-05-31 10:00:00,2013-05-31 17:00:00,Vooruit,5962
2013-05-31 10:00:00,2013-05-31 17:00:00,Domzaal,6099
2013-05-31 10:00:00,2013-05-31 17:00:00,Diverse Zalen,6373
2013-05-31 14:00:00,2013-05-31 18:00:00,Café,6087
2013-05-31 20:30:00,2013-05-31 21:00:00,Café,6095
2013-05-31 21:00:00,2013-05-31 22:00:00,\N,6201
2013-06-01 10:00:00,2013-06-01 17:00:00,Andere locatie,5905
2013-06-01 10:00:00,2013-06-01 17:00:00,Vooruit,5962
2013-06-01 10:00:00,2013-06-01 17:00:00,Domzaal,6099
2013-06-01 10:00:00,2013-06-01 17:00:00,Diverse Zalen,6373
2013-06-01 14:00:00,2013-06-01 18:00:00,Café,6087
2013-06-01 15:00:00,2013-06-01 17:00:00,Rondleidingen,5943
2013-06-01 20:30:00,2013-06-01 21:00:00,Café,6095
2013-06-01 20:30:00,2013-06-02 06:00:00,Concertzaal,6207
2013-06-02 10:00:00,2013-06-02 17:00:00,Andere locatie,5905
2013-06-02 10:00:00,2013-06-02 17:00:00,Vooruit,5962
2013-06-02 10:00:00,2013-06-02 17:00:00,Domzaal,6099
2013-06-02 10:00:00,0000-00-00 00:00:00,Op Locatie,6181
2013-06-02 10:00:00,2013-06-02 11:00:00,Op Locatie,6353
2013-06-02 10:00:00,2013-06-02 17:00:00,Diverse Zalen,6373
2013-06-02 11:00:00,2013-06-02 13:30:00,Balzaal,5985
2013-06-02 11:00:00,2013-06-02 18:00:00,Op Locatie,6101
2013-06-02 11:00:00,2013-06-02 12:00:00,Theaterzaal,6669
2013-06-02 14:00:00,2013-06-02 18:00:00,Café,6069
2013-06-02 15:00:00,2013-06-02 17:00:00,Rondleidingen,5943
2013-06-02 15:00:00,2013-06-02 17:00:00,Foyer Theaterzaal ,6035
2013-06-02 15:00:00,2013-06-02 17:00:00,Foyer Theaterzaal ,6035
2013-06-03 07:00:00,2013-06-04 07:00:00,Domzaal,6099
2013-06-03 10:00:00,2013-06-03 11:30:00,Café,6369
2013-06-04 07:00:00,2013-06-05 07:00:00,Domzaal,6099
2013-06-05 10:00:00,2013-06-05 17:00:00,Vooruit,5962
2013-06-05 10:00:00,2013-06-05 17:00:00,Domzaal,6099
2013-06-05 10:00:00,2013-06-05 17:00:00,Diverse Zalen,6373
2013-06-05 19:30:00,2013-06-06 01:00:00,Balzaal,6365
2013-06-05 20:00:00,2013-06-05 20:50:00,Theaterzaal,4735
2013-06-06 10:00:00,2013-06-06 17:00:00,Vooruit,5962
2013-06-06 10:00:00,2013-06-06 17:00:00,Domzaal,6099
2013-06-06 10:00:00,2013-06-06 17:00:00,Diverse Zalen,6373
2013-06-06 20:00:00,2013-06-06 20:50:00,Theaterzaal,4735
2013-06-07 10:00:00,2013-06-07 17:00:00,Vooruit,5962
2013-06-07 10:00:00,2013-06-07 17:00:00,Domzaal,6099
2013-06-07 10:00:00,2013-06-07 17:00:00,Diverse Zalen,6373
2013-06-08 10:00:00,2013-06-09 18:00:00,Vooruit,5962
2013-06-08 10:00:00,2013-06-08 17:00:00,Domzaal,6099
2013-06-08 10:00:00,2013-06-08 17:00:00,Diverse Zalen,6373
2013-06-08 10:30:00,2013-06-08 12:00:00,Café,6121
2013-06-08 10:30:00,2013-06-08 18:00:00,Café,6121
2013-06-08 15:00:00,2013-06-08 17:00:00,Rondleidingen,5943
2013-06-08 15:00:00,2013-06-08 16:30:00,Café,6121
2013-06-09 10:00:00,2013-06-09 18:00:00,Vooruit,5962
2013-06-09 10:00:00,2013-06-09 17:00:00,Domzaal,6099
2013-06-09 10:00:00,2013-06-09 17:00:00,Diverse Zalen,6373
2013-06-09 11:00:00,2013-06-10 07:00:00,Rondleidingen,5943
2013-06-09 11:00:00,2013-06-09 18:00:00,Op Locatie,6101
2013-06-09 11:00:00,2013-06-09 13:00:00,Op Locatie,6367
2013-06-09 11:00:00,2013-06-09 13:00:00,Rondleidingen,6385
2013-06-09 15:00:00,2013-06-09 17:00:00,Rondleidingen,5943
2013-06-09 15:00:00,2013-06-09 16:45:00,Foyer Theaterzaal ,6055
2013-06-09 22:00:00,0000-00-00 00:00:00,Café,6681
2013-06-10 07:00:00,2013-06-11 07:00:00,Domzaal,6099
2013-06-10 22:00:00,0000-00-00 00:00:00,Café,6681
2013-06-11 07:00:00,2013-06-12 07:00:00,Domzaal,6099
2013-06-11 22:00:00,0000-00-00 00:00:00,Café,6681
2013-06-12 10:00:00,2013-06-12 17:00:00,Vooruit,5962
2013-06-12 10:00:00,2013-06-12 17:00:00,Domzaal,6099
2013-06-12 10:00:00,2013-06-12 22:00:00,Café,6123
2013-06-12 10:00:00,2013-06-12 17:00:00,Diverse Zalen,6373
2013-06-12 19:00:00,2013-06-12 22:00:00,Balzaal,6765
2013-06-12 20:00:00,2013-06-13 00:00:00,Café,6133
2013-06-13 10:00:00,2013-06-13 17:00:00,Vooruit,5962
2013-06-13 10:00:00,2013-06-13 17:00:00,Domzaal,6099
2013-06-13 10:00:00,2013-06-13 22:00:00,Café,6123
2013-06-13 10:00:00,2013-06-13 17:00:00,Diverse Zalen,6373
2013-06-13 10:00:00,2013-06-13 17:00:00,Dansstudio,6877
2013-06-13 19:30:00,2013-06-13 21:30:00,Foyer Theaterzaal ,5964
2013-06-13 21:00:00,2013-06-13 23:00:00,Balzaal,5925
2013-06-14 10:00:00,2013-06-14 17:00:00,Vooruit,5962
2013-06-14 10:00:00,2013-06-14 17:00:00,Domzaal,6099
2013-06-14 10:00:00,2013-06-14 22:00:00,Café,6123
2013-06-14 10:00:00,2013-06-14 17:00:00,Diverse Zalen,6373
2013-06-14 10:00:00,2013-06-14 17:00:00,Dansstudio,6877
2013-06-14 21:00:00,2013-06-14 22:00:00,\N,6199
2013-06-14 21:30:00,2013-06-14 22:30:00,Ticketbalie,6869
2013-06-15 10:00:00,2013-06-15 18:00:00,Vooruit,5962
2013-06-15 10:00:00,2013-06-15 17:00:00,Domzaal,6099
2013-06-15 10:00:00,2013-06-15 22:00:00,Café,6123
2013-06-15 10:00:00,2013-06-15 17:00:00,Diverse Zalen,6373
2013-06-15 10:00:00,2013-06-15 23:00:00,Dansstudio,6877
2013-06-15 13:00:00,2013-06-15 17:00:00,Café,6135
2013-06-15 13:30:00,2013-06-15 17:00:00,Café,6167
2013-06-15 15:00:00,2013-06-15 17:00:00,Rondleidingen,5943
2013-06-15 20:00:00,2013-06-15 21:30:00,Theaterzaal,5923
2013-06-16 07:00:00,2013-06-17 07:00:00,Domzaal,6099
2013-06-16 10:00:00,2013-06-16 18:00:00,Vooruit,5962
2013-06-16 10:00:00,2013-06-16 22:00:00,Café,6123
2013-06-16 10:00:00,2013-06-16 17:00:00,Diverse Zalen,6373
2013-06-16 10:00:00,2013-06-16 17:00:00,Dansstudio,6877
2013-06-16 11:00:00,2013-06-16 18:00:00,Op Locatie,6101
2013-06-16 11:00:00,2013-06-16 12:00:00,Foyer Theaterzaal ,6873
2013-06-16 15:00:00,2013-06-16 17:00:00,Rondleidingen,5943
2013-06-16 17:00:00,2013-06-17 07:00:00,Theaterzaal,5923
2013-06-16 22:00:00,0000-00-00 00:00:00,Café,6683
2013-06-17 07:00:00,2013-06-18 07:00:00,Domzaal,6099
2013-06-17 10:00:00,2013-06-17 17:00:00,Dansstudio,6877
2013-06-17 22:00:00,0000-00-00 00:00:00,Café,6683
2013-06-18 10:00:00,2013-06-18 17:00:00,Dansstudio,6877
2013-06-18 22:00:00,0000-00-00 00:00:00,Café,6683
2013-06-19 10:00:00,2013-06-19 17:00:00,Vooruit,5962
2013-06-19 10:00:00,2013-06-19 17:00:00,Diverse Zalen,6373
2013-06-19 10:00:00,2013-06-19 17:00:00,Dansstudio,6877
2013-06-19 12:00:00,2013-06-19 22:00:00,Café,6691
2013-06-19 20:00:00,2013-06-19 21:30:00,Balzaal,5927
2013-06-19 20:00:00,2013-06-19 23:00:00,Ticketbalie,6381
2013-06-20 10:00:00,2013-06-20 17:00:00,Vooruit,5962
2013-06-20 10:00:00,2013-06-20 17:00:00,Diverse Zalen,6373
2013-06-20 10:00:00,2013-06-20 17:00:00,Dansstudio,6877
2013-06-20 12:00:00,2013-06-20 22:00:00,Café,6691
2013-06-20 20:00:00,2013-06-20 21:10:00,Theaterzaal,4739
2013-06-20 20:00:00,2013-06-20 21:30:00,Balzaal,5927
2013-06-20 20:30:00,2013-06-20 22:00:00,Café,6051
2013-06-21 10:00:00,2013-06-21 17:00:00,Vooruit,5962
2013-06-21 10:00:00,2013-06-21 17:00:00,Diverse Zalen,6373
2013-06-21 10:00:00,2013-06-21 17:00:00,Dansstudio,6877
2013-06-21 12:00:00,2013-06-21 22:00:00,Café,6691
2013-06-21 20:00:00,2013-06-21 21:20:00,Theaterzaal,4739
2013-06-22 10:00:00,2013-06-22 18:00:00,Vooruit,5962
2013-06-22 10:00:00,2013-06-22 17:00:00,Diverse Zalen,6373
2013-06-22 10:00:00,2013-06-22 17:00:00,Dansstudio,6877
2013-06-22 12:00:00,2013-06-22 22:00:00,Café,6691
2013-06-22 15:00:00,2013-06-22 16:30:00,Balzaal,5927
2013-06-22 15:00:00,2013-06-22 17:00:00,Rondleidingen,5943
2013-06-22 20:00:00,2013-06-22 21:20:00,Theaterzaal,4739
2013-06-22 20:00:00,2013-06-22 21:30:00,Balzaal,5927
2013-06-22 23:00:00,2013-06-23 06:00:00,Concertzaal,6371
2013-06-23 10:00:00,2013-06-23 18:00:00,Vooruit,5962
2013-06-23 10:00:00,2013-06-23 17:00:00,Diverse Zalen,6373
2013-06-23 10:00:00,2013-06-23 17:00:00,Dansstudio,6877
2013-06-23 11:00:00,2013-06-23 18:00:00,Op Locatie,6101
2013-06-23 12:00:00,2013-06-23 22:00:00,Café,6691
2013-06-23 13:00:00,2013-06-23 18:30:00,Op Locatie,4715
2013-06-23 13:00:00,2013-06-23 18:30:00,Op Locatie,6377
2013-06-23 15:00:00,2013-06-23 16:20:00,Theaterzaal,4739
2013-06-23 15:00:00,2013-06-23 16:30:00,Balzaal,5927
2013-06-23 15:00:00,2013-06-23 17:00:00,Rondleidingen,5943
2013-06-25 07:00:00,2013-06-26 07:00:00,Andere locatie,5915
2013-06-25 09:00:00,2013-06-25 18:15:00,Balzaal,6665
2013-06-25 09:30:00,2013-06-25 17:00:00,Domzaal,6661
2013-06-25 13:30:00,2013-06-25 17:00:00,Brugzaal,6667
2013-06-25 13:30:00,2013-06-25 17:00:00,Foyer Theaterzaal ,6675
2013-06-25 13:30:00,2013-06-25 17:00:00,Mokabon,6677
2013-06-25 20:00:00,2013-06-25 21:30:00,Vooruit,5915
2013-06-26 10:00:00,2013-06-26 17:00:00,Vooruit,5962
2013-06-26 10:00:00,2013-06-26 17:00:00,Diverse Zalen,6373
2013-06-26 12:30:00,0000-00-00 00:00:00,Diverse Zalen,6179
2013-06-26 19:00:00,0000-00-00 00:00:00,Diverse Zalen,6179
2013-06-26 19:30:00,2013-06-27 01:00:00,Balzaal,5971
2013-06-27 07:00:00,2013-06-28 07:00:00,Andere locatie,5915
2013-06-27 10:00:00,2013-06-27 17:00:00,Vooruit,5962
2013-06-27 10:00:00,2013-06-27 17:00:00,Diverse Zalen,6373
2013-06-27 12:30:00,0000-00-00 00:00:00,Diverse Zalen,6179
2013-06-27 19:00:00,0000-00-00 00:00:00,Diverse Zalen,6179
2013-06-27 20:00:00,2013-06-27 21:30:00,Vooruit,5915
2013-06-28 08:00:00,2013-06-28 10:00:00,Café,5941
2013-06-28 10:00:00,2013-06-28 17:00:00,Vooruit,5962
2013-06-28 10:00:00,2013-06-28 17:00:00,Diverse Zalen,6373
2013-06-28 12:30:00,0000-00-00 00:00:00,Diverse Zalen,6179
2013-06-28 19:00:00,0000-00-00 00:00:00,Diverse Zalen,6179
2013-06-28 21:00:00,2013-06-28 22:00:00,\N,6197
2013-06-28 22:00:00,2013-06-29 06:00:00,Concertzaal,6357
2013-06-28 22:00:00,2013-06-29 06:00:00,Balzaal,6359
2013-06-28 22:00:00,2013-06-29 06:00:00,Diverse Zalen,6361
2013-06-29 07:00:00,2013-06-30 07:00:00,Andere locatie,5915
2013-06-29 10:00:00,2013-06-29 18:00:00,Vooruit,5962
2013-06-29 10:00:00,2013-06-29 17:00:00,Diverse Zalen,6373
2013-06-29 12:30:00,0000-00-00 00:00:00,Diverse Zalen,6179
2013-06-29 15:00:00,2013-06-29 17:00:00,Rondleidingen,5943
2013-06-29 15:00:00,2013-06-30 00:00:00,Op Locatie,6957
2013-06-29 19:00:00,0000-00-00 00:00:00,Diverse Zalen,6179
2013-06-29 20:00:00,2013-06-29 21:30:00,Vooruit,5915
2013-06-29 22:00:00,2013-06-30 06:00:00,Concertzaal,6673
2013-06-29 23:00:00,2013-06-30 05:00:00,Balzaal,6631
2013-06-30 10:00:00,2013-06-30 18:00:00,Vooruit,5962
2013-06-30 10:00:00,2013-06-30 17:00:00,Diverse Zalen,6373
2013-06-30 11:00:00,2013-06-30 18:00:00,Op Locatie,6101
2013-06-30 13:00:00,2013-07-01 00:00:00,Op Locatie,6957
2013-06-30 15:00:00,2013-06-30 17:00:00,Rondleidingen,5943
2013-06-30 22:00:00,0000-00-00 00:00:00,Café,6685
2013-07-01 09:30:00,2013-07-01 16:00:00,Vooruit,6061
2013-07-01 09:30:00,2013-07-01 16:00:00,Vooruit,6063
2013-07-01 09:30:00,2013-07-01 16:00:00,Vooruit,6065
2013-07-01 15:00:00,2013-07-02 00:00:00,Op Locatie,6957
2013-07-01 22:00:00,0000-00-00 00:00:00,Café,6685
2013-07-02 09:00:00,2013-07-02 18:00:00,Foyer Concertzaal,7031
2013-07-02 09:00:00,2013-07-02 18:00:00,Foyer Concertzaal,7031
2013-07-02 09:30:00,2013-07-02 16:00:00,Vooruit,6061
2013-07-02 09:30:00,2013-07-02 16:00:00,Vooruit,6063
2013-07-02 09:30:00,2013-07-02 16:00:00,Vooruit,6065
2013-07-02 15:00:00,2013-07-03 00:00:00,Op Locatie,6957
2013-07-02 22:00:00,0000-00-00 00:00:00,Café,6685
2013-07-03 09:00:00,2013-07-03 18:00:00,Foyer Concertzaal,7031
2013-07-03 09:30:00,2013-07-03 16:00:00,Vooruit,6061
2013-07-03 09:30:00,2013-07-03 16:00:00,Vooruit,6063
2013-07-03 09:30:00,2013-07-03 16:00:00,Vooruit,6065
2013-07-03 10:00:00,2013-07-03 17:00:00,Vooruit,5962
2013-07-03 10:00:00,2013-07-03 17:00:00,Diverse Zalen,6373
2013-07-03 15:00:00,2013-07-04 00:00:00,Op Locatie,6957
2013-07-04 09:00:00,2013-07-04 18:00:00,Foyer Concertzaal,7031
2013-07-04 09:30:00,2013-07-04 16:00:00,Vooruit,6061
2013-07-04 09:30:00,2013-07-04 16:00:00,Vooruit,6063
2013-07-04 09:30:00,2013-07-04 16:00:00,Vooruit,6065
2013-07-04 10:00:00,2013-07-04 17:00:00,Vooruit,5962
2013-07-04 10:00:00,2013-07-04 17:00:00,Diverse Zalen,6373
2013-07-04 15:00:00,2013-07-05 00:00:00,Op Locatie,6957
2013-07-04 20:00:00,2013-07-04 22:00:00,Café,6689
2013-07-05 09:00:00,2013-07-05 18:00:00,Foyer Concertzaal,7031
2013-07-05 09:30:00,2013-07-05 16:00:00,Vooruit,6061
2013-07-05 09:30:00,2013-07-05 16:00:00,Vooruit,6063
2013-07-05 09:30:00,2013-07-05 16:00:00,Vooruit,6065
2013-07-05 10:00:00,2013-07-05 17:00:00,Vooruit,5962
2013-07-05 10:00:00,2013-07-05 17:00:00,Diverse Zalen,6373
2013-07-05 15:00:00,2013-07-06 00:00:00,Op Locatie,6957
2013-07-05 21:00:00,2013-07-05 22:00:00,\N,6185
2013-07-06 09:00:00,2013-07-06 18:00:00,Foyer Concertzaal,7031
2013-07-06 10:00:00,2013-07-06 18:00:00,Vooruit,5962
2013-07-06 10:00:00,2013-07-06 17:00:00,Diverse Zalen,6373
2013-07-06 12:00:00,2013-07-06 02:00:00,Café,7019
2013-07-06 15:00:00,2013-07-06 17:00:00,Rondleidingen,5943
2013-07-06 15:00:00,2013-07-07 00:00:00,Op Locatie,6957
2013-07-07 09:00:00,2013-07-07 18:00:00,Foyer Concertzaal,7031
2013-07-07 10:00:00,2013-07-07 18:00:00,Vooruit,5962
2013-07-07 10:00:00,0000-00-00 00:00:00,Op Locatie,6181
2013-07-07 10:00:00,2013-07-07 11:00:00,Op Locatie,6355
2013-07-07 10:00:00,2013-07-07 17:00:00,Diverse Zalen,6373
2013-07-07 13:00:00,2013-07-08 00:00:00,Op Locatie,6957
2013-07-07 15:00:00,2013-07-07 17:00:00,Rondleidingen,5943
2013-07-08 09:00:00,2013-07-08 18:00:00,Foyer Concertzaal,7031
2013-07-08 09:30:00,2013-07-08 16:00:00,Vooruit,6061
2013-07-08 09:30:00,2013-07-08 16:00:00,Vooruit,6063
2013-07-08 09:30:00,2013-07-08 16:00:00,Vooruit,6065
2013-07-08 15:00:00,2013-07-09 00:00:00,Op Locatie,6957
2013-07-09 09:00:00,2013-07-09 18:00:00,Foyer Concertzaal,7031
2013-07-09 09:30:00,2013-07-09 16:00:00,Vooruit,6061
2013-07-09 09:30:00,2013-07-09 16:00:00,Vooruit,6063
2013-07-09 09:30:00,2013-07-09 16:00:00,Vooruit,6065
2013-07-10 09:00:00,2013-07-10 18:00:00,Foyer Concertzaal,7031
2013-07-10 09:30:00,2013-07-10 16:00:00,Vooruit,6061
2013-07-10 09:30:00,2013-07-10 16:00:00,Vooruit,6063
2013-07-10 09:30:00,2013-07-10 16:00:00,Vooruit,6065
2013-07-10 10:00:00,2013-07-10 17:00:00,Vooruit,5962
2013-07-10 10:00:00,2013-07-10 17:00:00,Diverse Zalen,6373
2013-07-11 09:00:00,2013-07-11 18:00:00,Foyer Concertzaal,7031
2013-07-11 09:30:00,2013-07-11 16:00:00,Vooruit,6061
2013-07-11 09:30:00,2013-07-11 16:00:00,Vooruit,6063
2013-07-11 09:30:00,2013-07-11 16:00:00,Vooruit,6065
2013-07-11 10:00:00,2013-07-11 17:00:00,Vooruit,5962
2013-07-11 10:00:00,2013-07-11 17:00:00,Diverse Zalen,6373
2013-07-12 09:00:00,2013-07-12 18:00:00,Foyer Concertzaal,7031
2013-07-12 09:30:00,2013-07-12 16:00:00,Vooruit,6061
2013-07-12 09:30:00,2013-07-12 16:00:00,Vooruit,6063
2013-07-12 09:30:00,2013-07-12 16:00:00,Vooruit,6065
2013-07-12 10:00:00,2013-07-12 17:00:00,Vooruit,5962
2013-07-12 10:00:00,2013-07-12 17:00:00,Diverse Zalen,6373
2013-07-13 10:00:00,2013-07-13 18:00:00,Vooruit,5962
2013-07-13 10:00:00,2013-07-13 17:00:00,Diverse Zalen,6373
2013-07-13 15:00:00,2013-07-13 17:00:00,Rondleidingen,5943
2013-07-14 10:00:00,2013-07-14 18:00:00,Vooruit,5962
2013-07-14 10:00:00,2013-07-14 17:00:00,Diverse Zalen,6373
2013-07-14 15:00:00,2013-07-14 17:00:00,Rondleidingen,5943
2013-07-15 09:30:00,2013-07-15 16:00:00,Vooruit,6061
2013-07-15 09:30:00,2013-07-15 16:00:00,Vooruit,6063
2013-07-15 09:30:00,2013-07-15 16:00:00,Vooruit,6065
2013-07-16 09:30:00,2013-07-16 16:00:00,Vooruit,6061
2013-07-16 09:30:00,2013-07-16 16:00:00,Vooruit,6063
2013-07-16 09:30:00,2013-07-16 16:00:00,Vooruit,6065
2013-07-17 09:30:00,2013-07-17 16:00:00,Vooruit,6061
2013-07-17 09:30:00,2013-07-17 16:00:00,Vooruit,6063
2013-07-17 09:30:00,2013-07-17 16:00:00,Vooruit,6065
2013-07-17 10:00:00,2013-07-17 17:00:00,Vooruit,5962
2013-07-17 10:00:00,2013-07-17 17:00:00,Diverse Zalen,6373
2013-07-18 09:30:00,2013-07-18 16:00:00,Vooruit,6061
2013-07-18 09:30:00,2013-07-18 16:00:00,Vooruit,6063
2013-07-18 09:30:00,2013-07-18 16:00:00,Vooruit,6065
2013-07-18 10:00:00,2013-07-18 17:00:00,Vooruit,5962
2013-07-18 10:00:00,2013-07-18 17:00:00,Diverse Zalen,6373
2013-07-18 23:00:00,2013-07-19 07:00:00,Concertzaal,6015
2013-07-19 09:30:00,2013-07-19 16:00:00,Vooruit,6061
2013-07-19 09:30:00,2013-07-19 16:00:00,Vooruit,6063
2013-07-19 09:30:00,2013-07-19 16:00:00,Vooruit,6065
2013-07-19 10:00:00,2013-07-19 17:00:00,Vooruit,5962
2013-07-19 10:00:00,2013-07-19 17:00:00,Diverse Zalen,6373
2013-07-19 19:30:00,2013-07-19 21:00:00,Domzaal,6693
2013-07-19 20:00:00,2013-07-19 21:30:00,Balzaal,6363
2013-07-19 22:00:00,2013-07-19 23:30:00,Domzaal,6695
2013-07-19 23:00:00,2013-07-20 07:00:00,Concertzaal,6015
2013-07-20 10:00:00,2013-07-20 18:00:00,Vooruit,5962
2013-07-20 10:00:00,2013-07-20 17:00:00,Diverse Zalen,6373
2013-07-20 10:00:00,2013-07-20 17:00:00,Café,6879
2013-07-20 11:00:00,2013-07-20 13:00:00,Rondleidingen,5943
2013-07-20 11:00:00,2013-07-20 18:00:00,Café,7049
2013-07-20 15:00:00,2013-07-20 17:00:00,Rondleidingen,5943
2013-07-20 19:30:00,2013-07-20 21:00:00,Domzaal,6693
2013-07-20 20:00:00,2013-07-20 21:30:00,Balzaal,6363
2013-07-20 22:00:00,2013-07-20 23:30:00,Domzaal,6711
2013-07-20 22:00:00,0000-00-00 00:00:00,Minard,6853
2013-07-20 22:00:00,0000-00-00 00:00:00,Minard,7047
2013-07-20 23:00:00,2013-07-21 07:00:00,Concertzaal,6015
2013-07-21 09:30:00,2013-07-21 16:00:00,Foyer Theaterzaal ,6027
2013-07-21 10:00:00,2013-07-21 18:00:00,Vooruit,5962
2013-07-21 10:00:00,2013-07-21 17:00:00,Diverse Zalen,6373
2013-07-21 11:00:00,2013-07-21 13:00:00,Rondleidingen,5943
2013-07-21 14:00:00,2013-07-22 00:30:00,Café,6879
2013-07-21 15:00:00,2013-07-21 17:00:00,Rondleidingen,5943
2013-07-21 17:00:00,2013-07-21 18:30:00,Balzaal,6363
2013-07-21 19:30:00,2013-07-21 21:00:00,Domzaal,6693
2013-07-21 20:00:00,2013-07-21 21:50:00,Theaterzaal,6701
2013-07-21 21:00:00,2013-07-21 23:00:00,Café,7049
2013-07-21 22:00:00,2013-07-21 23:30:00,Domzaal,6695
2013-07-21 22:00:00,0000-00-00 00:00:00,Minard,6853
2013-07-21 22:00:00,0000-00-00 00:00:00,Minard,7047
2013-07-21 23:00:00,2013-07-22 07:00:00,Concertzaal,6015
2013-07-22 11:00:00,2013-07-22 13:00:00,Rondleidingen,5943
2013-07-22 11:00:00,2013-07-22 18:00:00,Café,7049
2013-07-22 19:30:00,2013-07-22 21:00:00,Domzaal,6693
2013-07-22 22:00:00,2013-07-22 23:30:00,Domzaal,6709
2013-07-22 22:00:00,0000-00-00 00:00:00,Minard,6853
2013-07-22 22:00:00,0000-00-00 00:00:00,Minard,7047
2013-07-22 23:00:00,2013-07-23 07:00:00,Concertzaal,6015
2013-07-23 11:00:00,2013-07-23 13:00:00,Rondleidingen,5943
2013-07-23 19:30:00,2013-07-23 21:00:00,Domzaal,6693
2013-07-23 21:00:00,2013-07-23 23:00:00,Café,7049
2013-07-23 22:00:00,2013-07-23 23:30:00,Domzaal,6695
2013-07-23 22:00:00,0000-00-00 00:00:00,Minard,6853
2013-07-23 22:00:00,0000-00-00 00:00:00,Minard,7047
2013-07-24 09:30:00,2013-07-24 16:00:00,Vooruit,6067
2013-07-24 10:00:00,2013-07-24 17:00:00,Diverse Zalen,6373
2013-07-24 10:00:00,2013-07-24 17:00:00,Foyer Theaterzaal ,7051
2013-07-24 11:00:00,2013-07-24 13:00:00,Rondleidingen,5943
2013-07-24 11:00:00,2013-07-24 17:00:00,Vooruit,5962
2013-07-24 11:00:00,2013-07-24 18:00:00,Café,7049
2013-07-24 13:00:00,2013-07-24 18:30:00,Op Locatie,4715
2013-07-24 13:00:00,2013-07-24 18:30:00,Op Locatie,6377
2013-07-24 14:00:00,2013-07-24 22:00:00,Café,6879
2013-07-24 15:00:00,2013-07-24 17:00:00,Rondleidingen,5943
2013-07-24 16:00:00,2013-07-25 00:00:00,Concertzaal,6015
2013-07-25 09:30:00,2013-07-25 16:00:00,Vooruit,6067
2013-07-25 10:00:00,2013-07-25 17:00:00,Diverse Zalen,6373
2013-07-25 11:00:00,2013-07-25 13:00:00,Rondleidingen,5943
2013-07-25 11:00:00,2013-07-25 17:00:00,Vooruit,5962
2013-07-25 15:00:00,2013-07-25 17:00:00,Rondleidingen,5943
2013-07-25 19:30:00,2013-07-25 21:00:00,Domzaal,6697
2013-07-25 20:00:00,2013-07-25 21:30:00,Balzaal,6363
2013-07-25 20:00:00,2013-07-25 21:30:00,Theaterzaal,6695
2013-07-25 21:00:00,2013-07-25 23:00:00,Café,7049
2013-07-25 23:00:00,2013-07-26 07:00:00,Concertzaal,6015
2013-07-26 08:00:00,2013-07-26 10:00:00,Café,5935
2013-07-26 09:30:00,2013-07-26 16:00:00,Vooruit,6067
2013-07-26 10:00:00,2013-07-26 17:00:00,Diverse Zalen,6373
2013-07-26 11:00:00,2013-07-26 13:00:00,Rondleidingen,5943
2013-07-26 11:00:00,2013-07-26 17:00:00,Vooruit,5962
2013-07-26 11:00:00,2013-07-26 18:00:00,Café,7049
2013-07-26 14:00:00,2013-07-26 22:00:00,Café,6879
2013-07-26 15:00:00,2013-07-26 17:00:00,Rondleidingen,5943
2013-07-26 19:30:00,2013-07-26 21:00:00,Domzaal,6705
2013-07-26 20:00:00,2013-07-26 21:30:00,Balzaal,6363
2013-07-26 20:00:00,2013-07-26 21:30:00,Theaterzaal,6695
2013-07-26 22:00:00,2013-07-26 23:00:00,Domzaal,6713
2013-07-26 23:00:00,2013-07-27 07:00:00,Concertzaal,6015
2013-07-27 09:30:00,2013-07-27 16:00:00,Vooruit,6067
2013-07-27 10:00:00,2013-07-27 18:00:00,Vooruit,5962
2013-07-27 10:00:00,2013-07-27 17:00:00,Diverse Zalen,6373
2013-07-27 11:00:00,2013-07-27 13:00:00,Rondleidingen,5943
2013-07-27 14:00:00,2013-07-27 22:00:00,Café,6879
2013-07-27 15:00:00,2013-07-27 17:00:00,Rondleidingen,5943
2013-07-27 19:30:00,2013-07-27 21:00:00,Domzaal,6707
2013-07-27 20:00:00,2013-07-27 21:30:00,Balzaal,6363
2013-07-27 20:00:00,2013-07-27 21:30:00,Theaterzaal,6695
2013-07-27 21:00:00,2013-07-27 23:00:00,Café,7049
2013-07-27 22:00:00,2013-07-28 00:00:00,Domzaal,6703
2013-07-27 23:00:00,2013-07-28 07:00:00,Concertzaal,6015
2013-07-28 10:00:00,2013-07-28 18:00:00,Vooruit,5962
2013-07-28 10:00:00,2013-07-28 17:00:00,Foyer Theaterzaal ,6027
2013-07-28 10:00:00,2013-07-28 17:00:00,Diverse Zalen,6373
2013-07-28 11:00:00,2013-07-28 13:00:00,Rondleidingen,5943
2013-07-28 11:00:00,2013-07-28 18:00:00,Café,7049
2013-07-28 15:00:00,2013-07-28 17:00:00,Rondleidingen,5943
2013-07-28 17:00:00,2013-07-28 18:30:00,Balzaal,6363
2013-07-28 23:00:00,2013-07-29 12:00:00,Concertzaal,6015
2013-07-29 11:00:00,2013-07-29 13:00:00,Rondleidingen,5943
2013-07-29 21:00:00,2013-07-29 23:00:00,Café,7049
2013-08-03 15:00:00,2013-08-03 17:00:00,Rondleidingen,5943
2013-08-03 17:00:00,0000-00-00 00:00:00,Op Locatie,7027
2013-08-04 15:00:00,2013-08-04 17:00:00,Rondleidingen,5943
2013-08-04 17:00:00,0000-00-00 00:00:00,Op Locatie,7027
2013-08-05 17:00:00,0000-00-00 00:00:00,Op Locatie,7027
2013-08-06 17:00:00,0000-00-00 00:00:00,Op Locatie,7027
2013-08-07 17:00:00,0000-00-00 00:00:00,Op Locatie,7027
2013-08-08 17:00:00,0000-00-00 00:00:00,Op Locatie,7027
2013-08-09 17:00:00,0000-00-00 00:00:00,Op Locatie,7027
2013-08-10 15:00:00,2013-08-10 17:00:00,Rondleidingen,5943
2013-08-11 15:00:00,2013-08-11 17:00:00,Rondleidingen,5943
2013-08-17 15:00:00,2013-08-17 17:00:00,Rondleidingen,5943
2013-08-21 10:00:00,2013-08-21 17:00:00,Vooruit,5962
2013-08-21 10:00:00,2013-08-21 17:00:00,Diverse Zalen,6373
2013-08-21 13:00:00,2013-08-21 18:30:00,Op Locatie,4715
2013-08-21 13:00:00,2013-08-21 18:30:00,Op Locatie,6377
2013-08-22 10:00:00,2013-08-22 17:00:00,Vooruit,5962
2013-08-22 10:00:00,2013-08-22 17:00:00,Diverse Zalen,6373
2013-08-23 08:00:00,2013-08-23 10:00:00,Café,5933
2013-08-23 10:00:00,2013-08-23 17:00:00,Vooruit,5962
2013-08-23 10:00:00,2013-08-23 17:00:00,Diverse Zalen,6373
2013-08-24 10:00:00,2013-08-24 18:00:00,Vooruit,5962
2013-08-24 10:00:00,2013-08-24 17:00:00,Diverse Zalen,6373
2013-08-24 15:00:00,2013-08-24 17:00:00,Rondleidingen,5943
2013-08-25 10:00:00,2013-08-25 18:00:00,Vooruit,5962
2013-08-25 10:00:00,2013-08-25 17:00:00,Diverse Zalen,6373
2013-08-25 15:00:00,2013-08-25 17:00:00,Rondleidingen,5943
2013-08-26 09:30:00,2013-08-26 16:00:00,Vooruit,6059
2013-08-27 09:30:00,2013-08-27 16:00:00,Vooruit,6059
2013-08-28 09:30:00,2013-08-28 16:00:00,Vooruit,6059
2013-08-28 10:00:00,2013-08-28 17:00:00,Vooruit,5962
2013-08-28 10:00:00,2013-08-28 17:00:00,Diverse Zalen,6373
2013-08-29 09:30:00,2013-08-29 16:00:00,Vooruit,6059
2013-08-29 10:00:00,2013-08-29 17:00:00,Vooruit,5962
2013-08-29 10:00:00,2013-08-29 17:00:00,Diverse Zalen,6373
2013-08-30 09:30:00,2013-08-30 16:00:00,Vooruit,6059
2013-08-30 10:00:00,2013-08-30 17:00:00,Vooruit,5962
2013-08-30 10:00:00,2013-08-30 17:00:00,Diverse Zalen,6373
2013-08-30 10:00:00,2013-08-30 17:00:00,Dansstudio,7039
2013-08-30 20:00:00,2013-08-30 22:00:00,Theaterzaal,7021
2013-08-31 10:00:00,2013-08-31 18:00:00,Vooruit,5962
2013-08-31 10:00:00,2013-08-31 17:00:00,Diverse Zalen,6373
2013-08-31 10:00:00,2013-08-31 17:00:00,Dansstudio,7039
2013-08-31 10:00:00,2013-08-31 22:00:00,Foyer Theaterzaal ,7085
2013-08-31 15:00:00,2013-08-31 17:00:00,Rondleidingen,5943
2013-08-31 18:00:00,2013-09-01 00:00:00,Café,6715
2013-08-31 18:00:00,2013-09-01 00:00:00,Café,6715
2013-08-31 18:00:00,2013-09-01 00:00:00,Ticketbalie,6715
2013-08-31 23:00:00,2013-09-01 06:00:00,Concertzaal,7111
2013-08-31 23:00:00,2013-09-01 05:00:00,Balzaal,7125
2013-09-01 10:00:00,2013-09-01 18:00:00,Vooruit,5962
2013-09-01 10:00:00,0000-00-00 00:00:00,Op Locatie,6181
2013-09-01 10:00:00,2013-09-01 17:00:00,Diverse Zalen,6373
2013-09-01 10:00:00,2013-09-01 11:00:00,Op Locatie,6645
2013-09-01 10:00:00,2013-09-01 17:00:00,Dansstudio,7039
2013-09-01 10:00:00,2013-09-01 22:00:00,Foyer Theaterzaal ,7085
2013-09-01 11:00:00,2013-09-01 18:00:00,Op Locatie,6101
2013-09-01 11:00:00,2013-09-01 17:00:00,Café,6715
2013-09-01 11:00:00,2013-09-01 17:00:00,Café,6715
2013-09-01 11:00:00,2013-09-01 17:00:00,Ticketbalie,6715
2013-09-01 15:00:00,2013-09-01 17:00:00,Rondleidingen,5943
2013-09-02 07:00:00,2013-09-03 07:00:00,Dansstudio,7039
2013-09-02 10:00:00,2013-09-02 22:00:00,Foyer Theaterzaal ,7085
2013-09-02 11:00:00,2013-09-02 22:00:00,\N,6203
2013-09-03 07:00:00,2013-09-04 07:00:00,Dansstudio,7039
2013-09-03 11:00:00,2013-09-03 22:00:00,\N,6203
2013-09-04 10:00:00,2013-09-04 17:00:00,Vooruit,5962
2013-09-04 10:00:00,2013-09-04 17:00:00,Diverse Zalen,6373
2013-09-04 10:00:00,2013-09-04 17:00:00,Dansstudio,7039
2013-09-04 10:00:00,2013-09-04 17:00:00,Domzaal,7195
2013-09-04 11:00:00,2013-09-04 22:00:00,\N,6203
2013-09-04 20:00:00,2013-09-04 22:00:00,Theaterzaal,6875
2013-09-05 10:00:00,2013-09-05 17:00:00,Vooruit,5962
2013-09-05 10:00:00,2013-09-05 17:00:00,Diverse Zalen,6373
2013-09-05 10:00:00,2013-09-05 17:00:00,Dansstudio,7039
2013-09-05 10:00:00,2013-09-05 17:00:00,Domzaal,7195
2013-09-05 11:00:00,2013-09-05 22:00:00,\N,6203
2013-09-06 10:00:00,2013-09-06 17:00:00,Vooruit,5962
2013-09-06 10:00:00,2013-09-06 17:00:00,Diverse Zalen,6373
2013-09-06 10:00:00,2013-09-06 17:00:00,Dansstudio,7039
2013-09-06 10:00:00,2013-09-06 17:00:00,Domzaal,7195
2013-09-06 19:00:00,2013-09-07 01:00:00,Concertzaal,7197
2013-09-06 21:00:00,2013-09-06 22:00:00,\N,6203
2013-09-06 21:00:00,2013-09-06 22:00:00,\N,7005
2013-09-07 10:00:00,2013-09-07 18:00:00,Vooruit,5962
2013-09-07 10:00:00,2013-09-07 17:00:00,Diverse Zalen,6373
2013-09-07 10:00:00,2013-09-07 17:00:00,Dansstudio,7039
2013-09-07 10:00:00,2013-09-07 18:00:00,Domzaal,7195
2013-09-07 15:00:00,2013-09-07 17:00:00,Rondleidingen,5943
2013-09-07 21:00:00,2013-09-08 05:00:00,Balzaal,7079
2013-09-07 23:00:00,2013-09-08 06:00:00,Concertzaal,7121
2013-09-08 10:00:00,2013-09-08 18:00:00,Vooruit,5962
2013-09-08 10:00:00,2013-09-08 17:00:00,Diverse Zalen,6373
2013-09-08 10:00:00,2013-09-08 17:00:00,Dansstudio,7039
2013-09-08 11:00:00,2013-09-09 07:00:00,Rondleidingen,5943
2013-09-08 11:00:00,2013-09-08 18:00:00,Op Locatie,6101
2013-09-08 11:00:00,2013-09-08 13:00:00,Op Locatie,6367
2013-09-08 11:00:00,2013-09-08 13:00:00,Rondleidingen,6387
2013-09-08 15:00:00,2013-09-08 17:00:00,Rondleidingen,5943
2013-09-09 07:00:00,2013-09-10 07:00:00,Dansstudio,7039
2013-09-09 07:00:00,2013-09-10 07:00:00,Domzaal,7195
2013-09-10 07:00:00,2013-09-11 07:00:00,Dansstudio,7039
2013-09-10 07:00:00,2013-09-11 07:00:00,Domzaal,7195
2013-09-11 10:00:00,2013-09-11 17:00:00,Vooruit,5962
2013-09-11 10:00:00,2013-09-11 17:00:00,Diverse Zalen,6373
2013-09-11 10:00:00,2013-09-11 17:00:00,Dansstudio,7039
2013-09-11 10:00:00,2013-09-11 17:00:00,Domzaal,7195
2013-09-11 10:00:00,2013-09-11 17:00:00,Andere locatie,7221
2013-09-12 10:00:00,2013-09-12 17:00:00,Vooruit,5962
2013-09-12 10:00:00,2013-09-12 17:00:00,Diverse Zalen,6373
2013-09-12 10:00:00,2013-09-12 17:00:00,Dansstudio,7039
2013-09-12 10:00:00,2013-09-12 17:00:00,Domzaal,7195
2013-09-12 10:00:00,2013-09-12 17:00:00,Andere locatie,7221
2013-09-13 10:00:00,2013-09-13 17:00:00,Vooruit,5962
2013-09-13 10:00:00,2013-09-13 17:00:00,Diverse Zalen,6373
2013-09-13 10:00:00,2013-09-13 17:00:00,Dansstudio,7039
2013-09-13 10:00:00,2013-09-13 17:00:00,Domzaal,7195
2013-09-13 10:00:00,2013-09-13 17:00:00,Andere locatie,7221
2013-09-13 11:00:00,2013-09-13 18:00:00,Op Locatie,6101
2013-09-13 20:00:00,2013-09-13 21:15:00,Theaterzaal,4737
2013-09-13 21:30:00,2013-09-13 22:30:00,\N,7007
2013-09-13 21:30:00,2013-09-13 22:30:00,\N,7119
2013-09-14 10:00:00,2013-09-14 18:00:00,Vooruit,5962
2013-09-14 10:00:00,2013-09-14 17:00:00,Diverse Zalen,6373
2013-09-14 10:00:00,2013-09-14 17:00:00,Dansstudio,7039
2013-09-14 10:00:00,2013-09-14 18:00:00,Domzaal,7195
2013-09-14 10:00:00,2013-09-14 18:00:00,Andere locatie,7221
2013-09-14 15:00:00,2013-09-14 17:00:00,Rondleidingen,5943
2013-09-14 20:00:00,2013-09-14 21:15:00,Theaterzaal,4737
2013-09-14 23:00:00,2013-09-15 06:00:00,Concertzaal,7123
2013-09-15 10:00:00,2013-09-15 18:00:00,Vooruit,5962
2013-09-15 10:00:00,2013-09-15 17:00:00,Diverse Zalen,6373
2013-09-15 10:00:00,2013-09-15 17:00:00,Dansstudio,7039
2013-09-15 10:00:00,2013-09-15 18:00:00,Andere locatie,7221
2013-09-15 10:30:00,2013-09-15 14:00:00,Balzaal,7101
2013-09-15 11:00:00,2013-09-15 13:00:00,Rondleidingen,5943
2013-09-15 11:00:00,2013-09-15 18:00:00,Op Locatie,6101
2013-09-15 15:00:00,2013-09-15 17:00:00,Rondleidingen,5943
2013-09-15 17:00:00,2013-09-15 17:30:00,Andere locatie,7233
2013-09-15 18:00:00,2013-09-16 18:00:00,Domzaal,7195
2013-09-16 07:00:00,2013-09-17 07:00:00,Dansstudio,7039
2013-09-16 10:00:00,2013-09-16 17:00:00,Andere locatie,7221
2013-09-17 07:00:00,2013-09-18 07:00:00,Dansstudio,7039
2013-09-17 10:00:00,2013-09-17 17:00:00,Andere locatie,7221
2013-09-18 10:00:00,2013-09-18 17:00:00,Vooruit,5962
2013-09-18 10:00:00,2013-09-18 17:00:00,Diverse Zalen,6373
2013-09-18 10:00:00,2013-09-18 17:00:00,Dansstudio,7039
2013-09-18 10:00:00,2013-09-18 17:00:00,Andere locatie,7221
2013-09-18 18:40:00,2013-09-18 22:00:00,Concertzaal,5921
2013-09-18 18:40:00,0000-00-00 00:00:00,Concertzaal,5921
2013-09-18 19:20:00,0000-00-00 00:00:00,Concertzaal,5921
2013-09-18 21:00:00,0000-00-00 00:00:00,Concertzaal,5921
2013-09-19 10:00:00,2013-09-19 17:00:00,Vooruit,5962
2013-09-19 10:00:00,2013-09-19 17:00:00,Diverse Zalen,6373
2013-09-19 10:00:00,2013-09-19 17:00:00,Dansstudio,7039
2013-09-19 10:00:00,2013-09-19 17:00:00,Andere locatie,7221
2013-09-19 18:40:00,2013-09-19 22:00:00,Concertzaal,5921
2013-09-19 18:40:00,0000-00-00 00:00:00,Concertzaal,5921
2013-09-19 19:20:00,0000-00-00 00:00:00,Concertzaal,5921
2013-09-19 21:00:00,0000-00-00 00:00:00,Concertzaal,5921
2013-09-20 10:00:00,2013-09-20 17:00:00,Vooruit,5962
2013-09-20 10:00:00,2013-09-20 17:00:00,Diverse Zalen,6373
2013-09-20 10:00:00,2013-09-20 17:00:00,Dansstudio,7039
2013-09-20 10:00:00,2013-09-20 17:00:00,Andere locatie,7221
2013-09-20 11:00:00,2013-09-20 18:00:00,Op Locatie,6101
2013-09-20 18:40:00,2013-09-20 22:00:00,Concertzaal,5921
2013-09-20 18:40:00,0000-00-00 00:00:00,Concertzaal,5921
2013-09-20 19:20:00,0000-00-00 00:00:00,Concertzaal,5921
2013-09-20 21:00:00,0000-00-00 00:00:00,Concertzaal,5921
2013-09-21 09:45:00,2013-09-21 19:00:00,Foyer Theaterzaal ,7099
2013-09-21 10:00:00,2013-09-21 18:00:00,Vooruit,5962
2013-09-21 10:00:00,2013-09-21 17:00:00,Diverse Zalen,6373
2013-09-21 10:00:00,2013-09-21 18:00:00,Dansstudio,7039
2013-09-21 10:00:00,2013-09-21 18:00:00,Wintertuin,7093
2013-09-21 10:00:00,2013-09-21 18:00:00,Café,7099
2013-09-21 10:00:00,2013-09-21 18:00:00,Andere locatie,7221
2013-09-21 15:00:00,2013-09-21 17:00:00,Rondleidingen,5943
2013-09-21 18:40:00,0000-00-00 00:00:00,Concertzaal,5921
2013-09-21 18:40:00,2013-09-21 22:00:00,Concertzaal,5921
2013-09-21 19:20:00,0000-00-00 00:00:00,Concertzaal,5921
2013-09-21 21:00:00,0000-00-00 00:00:00,Concertzaal,5921
2013-09-21 22:00:00,2013-09-22 05:00:00,Balzaal,7127
2013-09-22 10:00:00,2013-09-22 18:00:00,Vooruit,5962
2013-09-22 10:00:00,2013-09-22 17:00:00,Diverse Zalen,6373
2013-09-22 10:00:00,2013-09-22 18:00:00,Dansstudio,7039
2013-09-22 10:00:00,2013-09-22 18:00:00,Andere locatie,7221
2013-09-22 11:00:00,2013-09-22 13:00:00,Rondleidingen,5943
2013-09-22 11:00:00,2013-09-22 18:00:00,Op Locatie,6101
2013-09-22 13:00:00,2013-09-22 17:00:00,Op Locatie,7081
2013-09-22 14:00:00,0000-00-00 00:00:00,Concertzaal,5921
2013-09-22 14:00:00,2013-09-22 17:40:00,Concertzaal,5921
2013-09-22 14:40:00,0000-00-00 00:00:00,Concertzaal,5921
2013-09-22 15:00:00,2013-09-22 17:00:00,Rondleidingen,5943
2013-09-22 16:20:00,0000-00-00 00:00:00,Concertzaal,5921
2013-09-22 17:00:00,0000-00-00 00:00:00,Concertzaal,5921
2013-09-23 07:00:00,2013-09-24 07:00:00,Dansstudio,7039
2013-09-23 10:00:00,2013-09-23 17:00:00,Andere locatie,7221
2013-09-24 07:00:00,2013-09-25 07:00:00,Dansstudio,7039
2013-09-24 10:00:00,2013-09-24 17:00:00,Andere locatie,7221
2013-09-25 10:00:00,2013-09-25 17:00:00,Vooruit,5962
2013-09-25 10:00:00,2013-09-25 17:00:00,Diverse Zalen,6373
2013-09-25 10:00:00,2013-09-25 17:00:00,Dansstudio,7039
2013-09-25 10:00:00,2013-09-25 17:00:00,Andere locatie,7221
2013-09-26 10:00:00,2013-09-26 17:00:00,Vooruit,5962
2013-09-26 10:00:00,2013-09-26 17:00:00,Diverse Zalen,6373
2013-09-26 10:00:00,2013-09-26 17:00:00,Dansstudio,7039
2013-09-26 10:00:00,2013-09-26 17:00:00,Andere locatie,7221
2013-09-26 15:00:00,2013-09-26 20:00:00,Balzaal,7097
2013-09-26 19:00:00,0000-00-00 00:00:00,Minard,7015
2013-09-26 21:00:00,2013-09-26 22:00:00,\N,7103
2013-09-27 07:00:00,2013-09-28 07:00:00,\N,4733
2013-09-27 08:00:00,2013-09-27 10:00:00,Café,5939
2013-09-27 10:00:00,2013-09-27 17:00:00,Vooruit,5962
2013-09-27 10:00:00,2013-09-27 17:00:00,Diverse Zalen,6373
2013-09-27 10:00:00,2013-09-27 17:00:00,Dansstudio,7039
2013-09-27 10:00:00,2013-09-27 17:00:00,Andere locatie,7221
2013-09-27 11:00:00,2013-09-27 18:00:00,Op Locatie,6101
2013-09-27 20:00:00,2013-09-27 21:40:00,Op Locatie,5929
2013-09-28 07:00:00,2013-09-29 07:00:00,\N,4733
2013-09-28 10:00:00,2013-09-28 18:00:00,Vooruit,5962
2013-09-28 10:00:00,2013-09-28 17:00:00,Diverse Zalen,6373
2013-09-28 10:00:00,2013-09-28 18:00:00,Dansstudio,7039
2013-09-28 10:00:00,2013-09-28 18:00:00,Andere locatie,7221
2013-09-28 15:00:00,2013-09-28 17:00:00,Rondleidingen,5943
2013-09-28 20:00:00,2013-09-28 22:00:00,Theaterzaal,4733
2013-09-28 20:00:00,2013-09-28 21:40:00,Op Locatie,5929
2013-09-28 22:30:00,2013-09-29 06:00:00,Concertzaal,7153
2013-09-28 23:00:00,2013-09-29 05:00:00,Balzaal,7155
2013-09-29 07:00:00,2013-09-30 07:00:00,\N,4733
2013-09-29 10:00:00,2013-09-29 18:00:00,Vooruit,5962
2013-09-29 10:00:00,2013-09-29 17:00:00,Diverse Zalen,6373
2013-09-29 10:00:00,2013-09-29 21:00:00,Dansstudio,7039
2013-09-29 10:00:00,2013-09-29 18:00:00,Andere locatie,7221
2013-09-29 11:00:00,2013-09-29 13:00:00,Rondleidingen,5943
2013-09-29 11:00:00,2013-09-29 18:00:00,Op Locatie,6101
2013-09-29 15:00:00,2013-09-29 17:00:00,Rondleidingen,5943
2013-09-29 17:00:00,2013-09-29 19:00:00,Theaterzaal,4733
2013-09-29 20:00:00,2013-09-29 21:40:00,Op Locatie,5929
2013-09-30 09:00:00,2013-09-30 17:00:00,Dansstudio,7039
2013-09-30 10:00:00,2013-09-30 17:00:00,Andere locatie,7221
2013-10-01 10:00:00,2013-10-01 17:00:00,Andere locatie,7221
2013-10-01 20:30:00,2013-10-01 23:00:00,Ticketbalie,7245
2013-10-01 22:00:00,2013-10-02 05:00:00,Concertzaal,7253
2013-10-02 10:00:00,2013-10-02 17:00:00,Vooruit,5962
2013-10-02 10:00:00,2013-10-02 17:00:00,Diverse Zalen,6373
2013-10-02 10:00:00,2013-10-02 17:00:00,Andere locatie,7221
2013-10-02 19:00:00,2013-10-02 23:00:00,Minard,7023
2013-10-02 19:00:00,2013-10-02 22:00:00,Balzaal,7285
2013-10-02 22:00:00,2013-10-03 05:00:00,Concertzaal,7251
2013-10-03 10:00:00,2013-10-03 17:00:00,Vooruit,5962
2013-10-03 10:00:00,2013-10-03 17:00:00,Diverse Zalen,6373
2013-10-03 10:00:00,2013-10-03 17:00:00,Andere locatie,7221
2013-10-03 19:00:00,2013-10-03 23:00:00,Minard,6971
2013-10-03 22:00:00,2013-10-04 06:00:00,Concertzaal,7143
2013-10-04 10:00:00,2013-10-04 17:00:00,Vooruit,5962
2013-10-04 10:00:00,2013-10-04 17:00:00,Diverse Zalen,6373
2013-10-04 10:00:00,2013-10-04 17:00:00,Andere locatie,7221
2013-10-04 11:00:00,2013-10-04 18:00:00,Op Locatie,6101
2013-10-04 21:00:00,2013-10-05 05:00:00,Balzaal,7037
2013-10-05 10:00:00,2013-10-05 18:00:00,Vooruit,5962
2013-10-05 10:00:00,2013-10-05 17:00:00,Diverse Zalen,6373
2013-10-05 10:00:00,2013-10-05 18:00:00,Andere locatie,7221
2013-10-05 15:00:00,2013-10-05 17:00:00,Rondleidingen,5943
2013-10-05 22:00:00,2013-10-06 05:00:00,Balzaal,7151
2013-10-05 23:00:00,2013-10-06 06:00:00,Concertzaal,7113
2013-10-06 10:00:00,2013-10-06 18:00:00,Vooruit,5962
2013-10-06 10:00:00,0000-00-00 00:00:00,Op Locatie,6181
2013-10-06 10:00:00,2013-10-06 17:00:00,Diverse Zalen,6373
2013-10-06 10:00:00,2013-10-06 11:00:00,Op Locatie,6967
2013-10-06 10:00:00,2013-10-06 18:00:00,Andere locatie,7221
2013-10-06 11:00:00,2013-10-06 13:00:00,Rondleidingen,5943
2013-10-06 11:00:00,2013-10-06 18:00:00,Op Locatie,6101
2013-10-06 15:00:00,2013-10-06 17:00:00,Rondleidingen,5943
2013-10-06 16:00:00,2013-10-06 21:00:00,Café,7105
2013-10-06 18:00:00,2013-10-07 00:00:00,Balzaal,7045
2013-10-07 07:00:00,2013-10-08 07:00:00,Theaterzaal,7133
2013-10-07 10:00:00,2013-10-07 17:00:00,Andere locatie,7221
2013-10-08 07:00:00,2013-10-09 07:00:00,Theaterzaal,7133
2013-10-08 10:00:00,2013-10-08 17:00:00,Andere locatie,7221
2013-10-09 10:00:00,2013-10-09 17:00:00,Vooruit,5962
2013-10-09 10:00:00,2013-10-09 17:00:00,Diverse Zalen,6373
2013-10-09 10:00:00,2013-10-09 17:00:00,Andere locatie,7221
2013-10-09 20:00:00,2013-10-09 21:30:00,Minard,6983
2013-10-09 22:00:00,2013-10-10 05:00:00,Concertzaal,7259
2013-10-10 10:00:00,2013-10-10 17:00:00,Vooruit,5962
2013-10-10 10:00:00,2013-10-10 17:00:00,Diverse Zalen,6373
2013-10-10 10:00:00,2013-10-10 22:15:00,Andere locatie,7221
2013-10-10 10:00:00,2013-10-10 17:00:00,Zolder Domzaal,7229
2013-10-10 19:00:00,2013-10-10 20:00:00,Theaterzaal,7109
2013-10-10 20:00:00,2013-10-10 22:30:00,Minard,6983
2013-10-10 20:15:00,2013-10-10 23:00:00,Andere locatie,7221
2013-10-10 21:00:00,2013-10-10 22:15:00,Domzaal,7141
2013-10-10 21:00:00,2013-10-10 22:00:00,Locatie,7177
2013-10-10 22:00:00,2013-10-11 05:00:00,Concertzaal,7261
2013-10-11 10:00:00,2013-10-11 17:00:00,Vooruit,5962
2013-10-11 10:00:00,2013-10-11 17:00:00,Diverse Zalen,6373
2013-10-11 10:00:00,2013-10-11 23:00:00,Andere locatie,7221
2013-10-11 10:00:00,2013-10-11 17:00:00,Zolder Domzaal,7229
2013-10-11 11:00:00,2013-10-11 18:00:00,Op Locatie,6101
2013-10-11 15:30:00,2013-10-11 21:00:00,Theaterzaal,7133
2013-10-11 15:30:00,2013-10-11 17:00:00,Theaterzaal,7133
2013-10-11 16:30:00,2013-10-11 22:00:00,Concertzaal,7273
2013-10-11 18:00:00,2013-10-11 22:00:00,Concertzaal,7273
2013-10-11 18:00:00,2013-10-11 21:00:00,Concertzaal,7291
2013-10-11 19:00:00,2013-10-11 19:30:00,Foyer Theaterzaal ,7175
2013-10-11 19:30:00,2013-10-11 20:00:00,Theaterzaal,7133
2013-10-11 20:00:00,2013-10-11 22:30:00,Minard,6983
2013-10-11 20:00:00,2013-10-11 20:30:00,Theaterzaal,7133
2013-10-11 20:00:00,2013-10-11 21:00:00,Op Locatie,7163
2013-10-11 20:30:00,2013-10-11 21:00:00,Theaterzaal,7133
2013-10-11 22:00:00,2013-10-11 23:15:00,Domzaal,7141
2013-10-11 23:00:00,2013-10-12 05:00:00,Concertzaal,7157
2013-10-12 10:00:00,2013-10-12 18:00:00,Vooruit,5962
2013-10-12 10:00:00,2013-10-12 17:00:00,Diverse Zalen,6373
2013-10-12 10:00:00,2013-10-12 18:00:00,Andere locatie,7221
2013-10-12 10:00:00,2013-10-12 18:00:00,Zolder Domzaal,7229
2013-10-12 14:00:00,2013-10-12 18:00:00,Theaterzaal,7133
2013-10-12 15:00:00,2013-10-12 17:00:00,Rondleidingen,5943
2013-10-12 16:00:00,2013-10-12 18:00:00,Ticketbalie,7219
2013-10-12 18:00:00,2013-10-12 19:00:00,Locatie,7177
2013-10-12 19:30:00,2013-10-13 00:00:00,Balzaal,6057
2013-10-12 20:00:00,2013-10-12 22:30:00,Minard,6983
2013-10-12 20:30:00,2013-10-12 21:30:00,Op Locatie,7163
2013-10-12 23:00:00,2013-10-13 06:00:00,Concertzaal,7145
2013-10-12 23:00:00,2013-10-13 05:00:00,Concertzaal,7223
2013-10-13 10:00:00,2013-10-13 18:00:00,Vooruit,5962
2013-10-13 10:00:00,2013-10-13 17:00:00,Diverse Zalen,6373
2013-10-13 10:00:00,2013-10-13 18:00:00,Diverse Zalen,7203
2013-10-13 10:00:00,2013-10-13 18:00:00,Andere locatie,7221
2013-10-13 10:00:00,2013-10-13 18:00:00,Zolder Domzaal,7229
2013-10-13 11:00:00,2013-10-13 13:00:00,Rondleidingen,5943
2013-10-13 11:00:00,2013-10-13 18:00:00,Op Locatie,6101
2013-10-13 11:00:00,2013-10-13 14:00:00,Balzaal,7267
2013-10-13 13:00:00,2013-10-13 17:00:00,Op Locatie,4715
2013-10-13 14:00:00,2013-10-13 18:00:00,Theaterzaal,7133
2013-10-13 14:00:00,2013-10-13 18:00:00,Café,7363
2013-10-13 14:00:00,2013-10-13 15:00:00,Café,7391
2013-10-13 15:00:00,2013-10-13 17:00:00,Rondleidingen,5943
2013-10-13 15:00:00,2013-10-13 16:00:00,Café,7393
2013-10-13 16:00:00,2013-10-13 17:00:00,Ticketbalie,7389
2013-10-13 17:00:00,2013-10-13 19:00:00,Foyer Theaterzaal ,7395
2013-10-14 09:00:00,2013-10-14 17:00:00,Foyer Theaterzaal ,7397
2013-10-14 10:00:00,2013-10-14 17:00:00,Andere locatie,7221
2013-10-14 10:00:00,2013-10-14 17:00:00,Zolder Domzaal,7229
2013-10-14 10:00:00,2013-10-14 18:00:00,Wintertuin,7369
2013-10-15 07:00:00,2013-10-16 07:00:00,\N,7201
2013-10-15 10:00:00,2013-10-15 17:00:00,Andere locatie,7221
2013-10-15 10:00:00,2013-10-15 17:00:00,Zolder Domzaal,7229
2013-10-15 10:00:00,2013-10-15 18:00:00,Wintertuin,7369
2013-10-15 13:00:00,2013-10-15 18:30:00,Balzaal,7263
2013-10-15 19:00:00,2013-10-15 23:30:00,Concertzaal,7361
2013-10-15 20:00:00,2013-10-15 22:00:00,Balzaal,7165
2013-10-15 23:30:00,2013-10-16 05:00:00,Concertzaal,7287
2013-10-16 10:00:00,2013-10-16 17:00:00,Vooruit,5962
2013-10-16 10:00:00,2013-10-16 17:00:00,Diverse Zalen,6373
2013-10-16 10:00:00,2013-10-16 17:00:00,Andere locatie,7221
2013-10-16 10:00:00,2013-10-16 17:00:00,Zolder Domzaal,7229
2013-10-16 10:00:00,2013-10-16 22:00:00,Brugzaal,7359
2013-10-16 10:00:00,2013-10-16 22:00:00,Wintertuin,7359
2013-10-16 10:00:00,2013-10-16 22:00:00,Balzaal,7359
2013-10-16 18:30:00,2013-10-16 19:30:00,Op Locatie,7205
2013-10-16 20:00:00,2013-10-16 22:00:00,"NTGent, Sint-Baafsplein 17",6997
2013-10-16 20:00:00,2013-10-16 21:00:00,\N,7201
2013-10-16 20:30:00,2013-10-16 21:30:00,Op Locatie,6023
2013-10-16 22:00:00,2013-10-16 22:30:00,Locatie,7231
2013-10-16 22:00:00,2013-10-16 22:30:00,Op Locatie,7231
2013-10-17 07:00:00,2013-10-18 07:00:00,Op Locatie,7181
2013-10-17 10:00:00,2013-10-17 17:00:00,Vooruit,5962
2013-10-17 10:00:00,2013-10-17 17:00:00,Diverse Zalen,6373
2013-10-17 10:00:00,2013-10-17 17:00:00,Andere locatie,7221
2013-10-17 10:00:00,2013-10-17 17:00:00,Zolder Domzaal,7229
2013-10-17 10:00:00,2013-10-17 22:00:00,Balzaal,7359
2013-10-17 10:00:00,2013-10-17 22:00:00,Brugzaal,7359
2013-10-17 10:00:00,2013-10-17 22:00:00,Wintertuin,7359
2013-10-17 20:00:00,2013-10-17 22:00:00,"NTGent, Sint-Baafsplein 17",6997
2013-10-17 20:00:00,2013-10-17 21:00:00,\N,7201
2013-10-17 20:00:00,2013-10-17 22:00:00,Domzaal,7283
2013-10-17 20:30:00,2013-10-17 21:30:00,Op Locatie,6023
2013-10-17 22:00:00,2013-10-18 05:00:00,Concertzaal,7193
2013-10-17 22:00:00,2013-10-17 22:30:00,Locatie,7231
2013-10-17 22:00:00,2013-10-17 22:30:00,Op Locatie,7231
2013-10-18 10:00:00,2013-10-18 17:00:00,Vooruit,5962
2013-10-18 10:00:00,2013-10-18 17:00:00,Diverse Zalen,6373
2013-10-18 10:00:00,2013-10-18 17:00:00,Andere locatie,7221
2013-10-18 10:00:00,2013-10-18 17:00:00,Zolder Domzaal,7229
2013-10-18 10:00:00,2013-10-18 22:00:00,Balzaal,7359
2013-10-18 10:00:00,2013-10-18 22:00:00,Brugzaal,7359
2013-10-18 10:00:00,2013-10-18 22:00:00,Wintertuin,7359
2013-10-18 11:00:00,2013-10-18 18:00:00,Op Locatie,6101
2013-10-18 11:00:00,2013-10-18 15:00:00,Op Locatie,7181
2013-10-18 11:00:00,2013-10-18 15:00:00,Locatie,7207
2013-10-18 14:00:00,2013-10-18 18:30:00,Foyer Theaterzaal ,7213
2013-10-18 19:00:00,2013-10-18 19:30:00,Dansstudio,7175
2013-10-18 20:00:00,2013-10-18 21:30:00,Domzaal,6931
2013-10-18 20:00:00,2013-10-18 21:00:00,Op Locatie,7181
2013-10-18 20:00:00,2013-10-18 21:00:00,\N,7201
2013-10-19 10:00:00,2013-10-19 18:00:00,Vooruit,5962
2013-10-19 10:00:00,2013-10-19 17:00:00,Diverse Zalen,6373
2013-10-19 10:00:00,2013-10-19 18:00:00,Andere locatie,7221
2013-10-19 10:00:00,2013-10-19 18:00:00,Zolder Domzaal,7229
2013-10-19 10:00:00,2013-10-19 22:00:00,Brugzaal,7359
2013-10-19 10:00:00,2013-10-19 22:00:00,Wintertuin,7359
2013-10-19 10:00:00,2013-10-19 22:00:00,Balzaal,7359
2013-10-19 12:30:00,2013-10-19 16:30:00,Op Locatie,7215
2013-10-19 14:00:00,2013-10-19 15:00:00,Op Locatie,7181
2013-10-19 15:00:00,2013-10-19 17:00:00,Rondleidingen,5943
2013-10-19 16:00:00,2013-10-19 17:00:00,Op Locatie,6947
2013-10-19 18:00:00,2013-10-19 19:00:00,Op Locatie,6947
2013-10-19 18:30:00,2013-10-19 19:30:00,Op Locatie,7205
2013-10-19 20:00:00,2013-10-19 21:40:00,Theaterzaal,6947
2013-10-19 22:00:00,2013-10-19 23:30:00,Domzaal,6931
2013-10-19 22:00:00,2013-10-19 23:00:00,\N,7201
2013-10-19 23:00:00,2013-10-20 06:00:00,Concertzaal,7147
2013-10-20 10:00:00,2013-10-20 18:00:00,Vooruit,5962
2013-10-20 10:00:00,2013-10-20 17:00:00,Diverse Zalen,6373
2013-10-20 10:00:00,2013-10-20 18:00:00,Andere locatie,7221
2013-10-20 10:00:00,2013-10-20 18:00:00,Zolder Domzaal,7229
2013-10-20 10:00:00,2013-10-20 22:00:00,Balzaal,7359
2013-10-20 10:00:00,2013-10-20 22:00:00,Brugzaal,7359
2013-10-20 10:00:00,2013-10-20 22:00:00,Wintertuin,7359
2013-10-20 11:00:00,2013-10-20 13:00:00,Rondleidingen,5943
2013-10-20 11:00:00,2013-10-20 18:00:00,Op Locatie,6101
2013-10-20 12:30:00,2013-10-20 16:30:00,Op Locatie,7215
2013-10-20 15:00:00,2013-10-20 17:00:00,Rondleidingen,5943
2013-10-20 15:00:00,2013-10-20 16:30:00,Domzaal,7179
2013-10-20 18:30:00,2013-10-20 19:30:00,Op Locatie,7205
2013-10-21 10:00:00,2013-10-21 17:00:00,Andere locatie,7221
2013-10-21 10:00:00,2013-10-21 17:00:00,Zolder Domzaal,7229
2013-10-21 10:00:00,2013-10-21 22:00:00,Balzaal,7359
2013-10-21 10:00:00,2013-10-21 22:00:00,Brugzaal,7359
2013-10-21 10:00:00,2013-10-21 22:00:00,Wintertuin,7359
2013-10-22 10:00:00,2013-10-22 17:00:00,Andere locatie,7221
2013-10-22 10:00:00,2013-10-22 17:00:00,Zolder Domzaal,7229
2013-10-22 10:00:00,2013-10-22 22:00:00,Balzaal,7359
2013-10-22 10:00:00,2013-10-22 22:00:00,Brugzaal,7359
2013-10-22 10:00:00,2013-10-22 22:00:00,Wintertuin,7359
2013-10-22 22:00:00,2013-10-23 05:00:00,Concertzaal,7289
2013-10-23 10:00:00,2013-10-23 17:00:00,Vooruit,5962
2013-10-23 10:00:00,2013-10-23 17:00:00,Diverse Zalen,6373
2013-10-23 10:00:00,2013-10-23 17:00:00,Andere locatie,7221
2013-10-23 10:00:00,2013-10-23 17:00:00,Zolder Domzaal,7229
2013-10-23 10:00:00,2013-10-24 07:00:00,Wintertuin,7369
2013-10-23 18:30:00,2013-10-23 19:30:00,Op Locatie,7205
2013-10-23 19:00:00,2013-10-23 19:30:00,Dansstudio,7175
2013-10-23 20:00:00,2013-10-23 21:00:00,Domzaal,6857
2013-10-24 10:00:00,2013-10-24 17:00:00,Vooruit,5962
2013-10-24 10:00:00,2013-10-24 17:00:00,Diverse Zalen,6373
2013-10-24 10:00:00,2013-10-24 17:00:00,Andere locatie,7221
2013-10-24 10:00:00,2013-10-24 17:00:00,Zolder Domzaal,7229
2013-10-24 10:00:00,2013-10-24 20:00:00,Balzaal,7359
2013-10-24 10:00:00,2013-10-25 07:00:00,Brugzaal,7359
2013-10-24 10:00:00,2013-10-25 07:00:00,Wintertuin,7359
2013-10-24 20:00:00,2013-10-24 21:20:00,Theaterzaal,6859
2013-10-24 22:00:00,2013-10-25 05:00:00,Concertzaal,7269
2013-10-25 07:00:00,2013-10-26 07:00:00,Brugzaal,7359
2013-10-25 07:00:00,2013-10-26 07:00:00,Wintertuin,7359
2013-10-25 08:00:00,2013-10-25 10:00:00,Café,5937
2013-10-25 10:00:00,2013-10-25 17:00:00,Vooruit,5962
2013-10-25 10:00:00,2013-10-25 17:00:00,Diverse Zalen,6373
2013-10-25 10:00:00,2013-10-25 17:00:00,Andere locatie,7221
2013-10-25 10:00:00,2013-10-25 17:00:00,Zolder Domzaal,7229
2013-10-25 10:00:00,2013-10-25 20:00:00,Balzaal,7359
2013-10-25 11:00:00,2013-10-25 18:00:00,Op Locatie,6101
2013-10-25 20:30:00,2013-10-25 21:50:00,Theaterzaal,6859
2013-10-25 21:00:00,2013-10-26 05:00:00,Concertzaal,6885
2013-10-26 10:00:00,2013-10-26 18:00:00,Vooruit,5962
2013-10-26 10:00:00,2013-10-26 17:00:00,Diverse Zalen,6373
2013-10-26 10:00:00,2013-10-26 18:00:00,Andere locatie,7221
2013-10-26 10:00:00,2013-10-26 18:00:00,Zolder Domzaal,7229
2013-10-26 11:00:00,2013-10-26 19:00:00,Diverse Zalen,7217
2013-10-26 11:00:00,2013-10-26 12:00:00,Theaterzaal,7407
2013-10-26 12:00:00,2013-10-26 17:00:00,Op Locatie,6377
2013-10-26 12:30:00,2013-10-26 17:00:00,Dansstudio,7407
2013-10-26 12:30:00,2013-10-26 14:30:00,Foyer Theaterzaal ,7407
2013-10-26 14:00:00,2013-10-26 19:00:00,Balzaal,7211
2013-10-26 14:00:00,2000-10-26 15:00:00,Op Locatie,7241
2013-10-26 14:00:00,2013-10-26 19:00:00,Balzaal,7359
2013-10-26 15:00:00,2013-10-26 17:00:00,Rondleidingen,5943
2013-10-26 15:00:00,2013-10-26 15:30:00,Dansstudio,7175
2013-10-26 17:00:00,2013-10-26 19:00:00,Brugzaal,7359
2013-10-26 17:00:00,2013-10-26 19:00:00,Wintertuin,7359
2013-10-26 20:00:00,2013-10-26 21:20:00,Theaterzaal,6859
2013-10-26 20:00:00,2013-10-26 22:00:00,"NTGent, Sint-Baafsplein 17",7003
2013-10-26 22:30:00,2013-10-27 05:00:00,Balzaal,7407
2013-10-26 23:00:00,2013-10-27 06:00:00,Concertzaal,7149
2013-10-27 10:00:00,2013-10-27 18:00:00,Vooruit,5962
2013-10-27 10:00:00,2013-10-27 17:00:00,Diverse Zalen,6373
2013-10-27 10:00:00,2013-10-27 17:00:00,Andere locatie,7221
2013-10-27 11:00:00,2013-10-27 13:00:00,Rondleidingen,5943
2013-10-27 11:00:00,2013-10-27 18:00:00,Op Locatie,6101
2013-10-27 15:00:00,2013-10-27 16:00:00,Rondleidingen,5943
2013-10-27 20:00:00,2013-10-27 22:00:00,"NTGent, Sint-Baafsplein 17",7003
2013-10-29 22:00:00,2013-10-30 05:00:00,Concertzaal,7281
2013-10-30 19:30:00,2013-10-31 01:00:00,Concertzaal,7043
2013-11-01 19:30:00,2013-11-01 22:30:00,Balzaal,6629
2013-11-01 19:30:00,2013-11-02 01:00:00,Concertzaal,6663
2013-11-01 23:00:00,2013-11-02 05:00:00,Balzaal,7131
2013-11-02 22:00:00,2013-11-03 06:00:00,Concertzaal,7155
2013-11-02 22:00:00,2013-11-03 05:00:00,Balzaal,7249
2013-11-05 07:00:00,2013-11-06 07:00:00,Minard,6985
2013-11-06 07:00:00,2013-11-07 07:00:00,Minard,6985
2013-11-06 22:00:00,2013-11-07 05:00:00,Concertzaal,7419
2013-11-07 07:00:00,2013-11-08 07:00:00,Minard,6985
2013-11-07 22:00:00,2013-11-08 05:00:00,Concertzaal,7421
2013-11-08 07:00:00,2013-11-09 07:00:00,Minard,6985
2013-11-08 20:00:00,2013-11-08 22:00:00,"NTGent, Sint-Baafsplein 17",6999
2013-11-08 20:00:00,2013-11-08 22:00:00,Domzaal,7035
2013-11-08 20:30:00,2013-11-09 00:30:00,Concertzaal,7083
2013-11-08 22:00:00,2013-11-09 05:00:00,Balzaal,7423
2013-11-09 07:00:00,2013-11-10 07:00:00,Minard,6985
2013-11-09 20:00:00,2013-11-09 22:00:00,"NTGent, Sint-Baafsplein 17",6999
2013-11-09 22:00:00,2013-11-10 06:00:00,Concertzaal,7383
2013-11-10 07:00:00,2013-11-11 07:00:00,Minard,6985
2013-11-10 19:30:00,2013-11-11 01:00:00,Concertzaal,7243
2013-11-11 07:00:00,2013-11-12 07:00:00,Minard,6985
2013-11-12 07:00:00,2013-11-13 07:00:00,Minard,6985
2013-11-13 19:30:00,2013-11-13 22:00:00,Theaterzaal,6635
2013-11-13 20:00:00,2013-11-13 21:20:00,Minard,6985
2013-11-13 21:00:00,2013-11-14 01:00:00,Concertzaal,7107
2013-11-14 19:00:00,2013-11-14 22:30:00,Concertzaal,6883
2013-11-14 20:00:00,2013-11-14 21:20:00,Minard,6985
2013-11-15 19:30:00,2013-11-16 05:00:00,Concertzaal,7041
2013-11-15 19:30:00,2013-11-15 23:00:00,Balzaal,7077
2013-11-15 20:00:00,2013-11-15 21:20:00,Minard,6985
2013-11-15 23:00:00,2013-11-16 05:00:00,Balzaal,7209
2013-11-16 20:00:00,2013-11-16 21:20:00,Minard,6985
2013-11-16 21:00:00,2013-11-17 03:00:00,Balzaal,7431
2013-11-19 20:00:00,2013-11-19 21:20:00,Minard,6985
2013-11-20 20:00:00,2013-11-20 21:20:00,Minard,6985
2013-11-21 20:00:00,2013-11-21 22:00:00,Minard,6985
2013-11-21 22:00:00,2013-11-22 05:00:00,Concertzaal,7445
2013-11-22 19:30:00,2013-11-23 05:00:00,Balzaal,7187
2013-11-23 07:00:00,2013-11-24 07:00:00,Balzaal,7543
2013-11-23 23:00:00,2013-11-24 06:00:00,Concertzaal,7429
2013-11-24 13:30:00,2013-11-24 17:00:00,Balzaal,7543
2013-11-25 15:00:00,2013-11-25 18:00:00,Domzaal,6953
2013-11-26 12:30:00,2013-11-26 18:00:00,Foyer Theaterzaal ,7545
2013-11-26 14:00:00,2013-11-26 17:00:00,Café,7547
2013-11-26 20:00:00,2013-11-26 21:30:00,Domzaal,6953
2013-11-27 14:00:00,2013-11-27 17:00:00,Café,7549
2013-11-27 20:00:00,2013-11-27 21:30:00,Domzaal,6953
2013-11-28 19:30:00,2013-11-28 22:00:00,Theaterzaal,7239
2013-11-28 22:00:00,2013-11-29 05:00:00,Concertzaal,7441
2013-11-28 23:00:00,2013-11-29 04:00:00,Balzaal,7433
2013-11-29 19:30:00,2013-11-30 03:00:00,Balzaal,7403
2013-11-30 10:00:00,2013-11-30 12:00:00,Theaterzaal,7449
2013-11-30 21:00:00,2013-12-01 05:00:00,Balzaal,7437
2013-11-30 22:30:00,2013-12-01 06:00:00,Concertzaal,7435
2013-12-01 15:00:00,2013-12-01 20:00:00,Foyer Theaterzaal ,7553
2013-12-01 15:30:00,2013-12-01 22:00:00,Concertzaal,7551
2013-12-01 19:30:00,2013-12-02 01:00:00,Balzaal,7025
2013-12-02 13:00:00,2013-12-02 15:00:00,Grote Kamer,7517
2013-12-02 19:00:00,2013-12-02 22:00:00,Foyer Theaterzaal ,7483
2013-12-03 09:00:00,2013-12-03 17:00:00,\N,7485
2013-12-03 09:00:00,2013-12-03 17:00:00,Majolica,7485
2013-12-03 09:00:00,2013-12-03 17:00:00,Antiekzolder,7485
2013-12-03 09:00:00,2013-12-03 17:00:00,Grote Kamer,7485
2013-12-03 09:00:00,2013-12-03 17:00:00,Theaterzaal,7485
2013-12-03 09:00:00,2013-12-03 17:00:00,Concertzaal,7485
2013-12-03 09:00:00,2013-12-03 17:00:00,Domzaal,7485
2013-12-03 09:00:00,2013-12-03 17:00:00,Balzaal,7485
2013-12-03 09:00:00,2013-12-03 17:00:00,Dansstudio,7485
2013-12-03 09:00:00,2013-12-03 17:00:00,Brugzaal,7485
2013-12-03 09:00:00,2013-12-03 17:00:00,Foyer Theaterzaal ,7485
2013-12-03 09:00:00,2013-12-03 17:00:00,Mokabon,7485
2013-12-03 09:00:00,2013-12-03 17:00:00,\N,7485
2013-12-03 09:00:00,2013-12-03 17:00:00,Diverse Zalen,7485
2013-12-04 19:00:00,2013-12-04 21:30:00,Balzaal,7563
2013-12-05 12:30:00,2013-12-06 04:00:00,Diverse Zalen,7401
2013-12-05 20:00:00,2013-12-06 04:00:00,Concertzaal,7275
2013-12-06 12:00:00,2013-12-06 04:00:00,Diverse Zalen,7401
2013-12-07 20:00:00,2013-12-08 04:00:00,Concertzaal,7277
2013-12-12 20:00:00,2013-12-12 23:00:00,Theaterzaal,7017
2013-12-13 19:30:00,2013-12-14 01:00:00,Balzaal,7565
2013-12-13 20:00:00,2013-12-13 01:00:00,Diverse Zalen,7581
2013-12-13 20:40:00,2013-12-14 01:00:00,Balzaal & Brugzaal,7645
2013-12-14 19:30:00,2013-12-15 05:00:00,Balzaal,7565
2013-12-14 20:00:00,2013-12-15 00:10:00,Brugzaal,7651
2013-12-14 20:30:00,2013-12-15 01:00:00,Balzaal & Brugzaal,7645
2013-12-18 19:30:00,2013-12-19 01:00:00,Concertzaal,7247
2013-12-18 19:30:00,2013-12-18 23:00:00,Balzaal,7593
2013-12-20 20:00:00,2013-12-20 22:00:00,"NTGent, Sint-Baafsplein 17",6999
2013-12-20 23:00:00,2013-12-21 06:00:00,Concertzaal,7475
2013-12-21 22:00:00,2013-12-22 05:00:00,Balzaal,7555
2013-12-21 23:00:00,2013-12-22 06:00:00,Concertzaal,7487
2013-12-28 23:00:00,2013-12-29 05:00:00,Balzaal,7117
2013-12-31 00:30:00,2013-12-31 07:00:00,Concertzaal,7591
2013-12-31 23:00:00,2014-01-01 07:00:00,Balzaal,7597
2014-01-03 17:00:00,2014-01-04 02:00:00,Balzaal,7625
2014-01-08 19:00:00,2014-01-08 23:00:00,Café,7693
2014-01-08 19:30:00,2014-01-08 23:00:00,Foyer Theaterzaal ,7695
2014-01-11 21:30:00,2014-01-12 06:00:00,Concertzaal,7663
2014-01-13 17:30:00,2014-01-13 19:00:00,Theaterzaal,7711
2014-01-14 07:00:00,2014-01-15 07:00:00,Theaterzaal,6861
2014-01-15 07:00:00,2014-01-16 07:00:00,Theaterzaal,6861
2014-01-16 20:00:00,2014-01-16 21:40:00,Theaterzaal,6861
2014-01-16 20:30:00,2014-01-16 23:30:00,Balzaal,7617
2014-01-16 21:00:00,2014-01-17 02:00:00,Concertzaal,7569
2014-01-17 20:00:00,2014-01-17 21:40:00,Theaterzaal,6861
2014-01-18 19:00:00,2014-01-19 05:00:00,Concertzaal,7379
2014-01-18 20:00:00,2014-01-18 22:00:00,Dansstudio,7575
2014-01-22 07:00:00,2014-01-23 07:00:00,Theaterzaal,6863
2014-01-22 20:00:00,2014-01-22 22:00:00,Balzaal,7643
2014-01-23 20:00:00,2014-01-23 21:00:00,Theaterzaal,6863
2014-01-23 20:00:00,2014-01-23 21:30:00,Minard,6987
2014-01-23 20:00:00,2014-01-23 21:45:00,Domzaal,7481
2014-01-23 22:00:00,2014-01-23 23:00:00,Café,7571
2014-01-24 20:00:00,2014-01-24 21:00:00,Theaterzaal,6863
2014-01-24 20:00:00,2014-01-24 21:30:00,Minard,6987
2014-01-25 15:00:00,2014-01-25 16:45:00,Domzaal,7481
2014-01-25 19:30:00,2014-01-26 01:00:00,Balzaal,7373
2014-01-25 20:00:00,2014-01-25 21:30:00,Minard,6987
2014-01-25 21:30:00,2014-01-26 05:00:00,Concertzaal,7685
2014-01-26 14:00:00,2014-01-26 19:00:00,Café,7777
2014-01-26 15:00:00,2014-01-26 16:45:00,Domzaal,7481
2014-01-28 19:30:00,2014-01-29 01:00:00,Balzaal,7469
2014-01-28 20:00:00,2014-01-28 21:30:00,Theaterzaal,6643
2014-01-30 20:00:00,2014-01-30 21:10:00,Theaterzaal,6929
2014-01-30 20:00:00,2014-01-30 21:25:00,Balzaal,7519
2014-01-31 20:00:00,2014-01-31 21:05:00,Theaterzaal,6929
2014-01-31 20:30:00,2014-02-01 00:00:00,Balzaal,7619
2014-02-01 20:00:00,2014-02-01 21:05:00,Theaterzaal,6929
2014-02-01 21:00:00,2014-02-02 05:00:00,Balzaal,7653
2014-02-01 23:00:00,2014-02-02 05:00:00,Concertzaal,7627
2014-02-02 16:00:00,2014-02-02 19:00:00,Café,7719
2014-02-02 16:00:00,2014-02-02 19:00:00,Café,7773
2014-02-02 20:00:00,2014-02-02 21:05:00,Theaterzaal,6929
2014-02-03 19:00:00,2014-02-03 20:30:00,Theaterzaal,7705
2014-02-04 16:30:00,2014-02-04 21:00:00,Diverse Zalen,7739
2014-02-04 20:00:00,2014-02-04 22:00:00,\N,7707
2014-02-05 19:00:00,2014-02-05 22:30:00,Concertzaal,7573
2014-02-05 19:00:00,2014-02-05 23:00:00,Café,7697
2014-02-05 19:30:00,2014-02-05 23:00:00,Foyer Theaterzaal ,7723
2014-02-05 20:00:00,2014-02-05 21:30:00,Minard,6989
2014-02-05 20:00:00,2014-02-05 22:00:00,Balzaal,7721
2014-02-06 19:30:00,2014-02-06 23:00:00,Foyer Theaterzaal ,7725
2014-02-06 20:00:00,2014-02-06 21:30:00,Minard,6989
2014-02-06 20:00:00,2014-02-07 00:00:00,Balzaal,7621
2014-02-07 19:00:00,2014-02-08 07:00:00,Minard,7655
2014-02-07 20:00:00,2014-02-07 21:30:00,Minard,6989
2014-02-08 07:00:00,2014-02-09 07:00:00,Brug,7679
2014-02-08 20:00:00,2014-02-08 21:30:00,Minard,6989
2014-02-08 21:00:00,2014-02-09 06:00:00,Concertzaal,7675
2014-02-08 21:00:00,2014-02-09 05:00:00,Balzaal,7677
2014-02-08 21:00:00,2014-02-09 05:00:00,Brugzaal,7681
2014-02-08 21:00:00,2014-02-09 05:00:00,Café,7683
2014-02-08 21:00:00,2014-02-09 05:00:00,Diverse Zalen,7691
2014-02-09 16:00:00,2014-02-09 21:00:00,Café,7741
2014-02-09 16:00:00,2014-02-09 21:00:00,Café,7777
2014-02-11 07:00:00,2014-02-12 07:00:00,Domzaal,6915
2014-02-11 19:30:00,2014-02-12 01:00:00,Balzaal,7425
2014-02-11 19:30:00,2014-02-12 01:00:00,Concertzaal,7629
2014-02-12 19:30:00,2014-02-13 01:00:00,Concertzaal,7129
2014-02-12 20:00:00,2014-02-12 21:20:00,Domzaal,6915
2014-02-13 20:00:00,2014-02-13 22:30:00,Theaterzaal,6865
2014-02-13 22:00:00,2014-02-13 23:20:00,Domzaal,6915
2014-02-14 07:00:00,2014-02-15 07:00:00,Domzaal,6917
2014-02-14 16:00:00,2014-02-14 20:00:00,Brugzaal,7601
2014-02-14 20:00:00,2014-02-14 22:00:00,Theaterzaal,7477
2014-02-14 20:00:00,2014-02-15 05:00:00,Diverse Zalen,7477
2014-02-14 20:00:00,2014-02-14 22:00:00,Theaterzaal,7641
2014-02-14 22:00:00,2014-02-15 05:00:00,Concertzaal,7587
2014-02-14 22:00:00,2014-02-15 05:00:00,Concertzaal,7641
2014-02-14 22:00:00,2014-02-15 05:00:00,Concertzaal,7809
2014-02-15 07:00:00,2014-02-16 07:00:00,Domzaal,6917
2014-02-15 07:00:00,2014-02-16 07:00:00,Brugzaal,7605
2014-02-15 07:00:00,2014-02-16 07:00:00,Theaterzaal,7607
2014-02-15 14:00:00,2014-02-15 20:00:00,Dansstudio,7603
2014-02-15 15:00:00,2014-02-15 23:00:00,Balzaal,7479
2014-02-15 23:00:00,2014-02-16 06:00:00,Concertzaal,7451
2014-02-16 07:00:00,2014-02-17 07:00:00,Domzaal,6917
2014-02-16 14:00:00,2014-02-17 14:00:00,Theaterzaal,7607
2014-02-16 14:00:00,2014-02-16 20:00:00,Balzaal,7609
2014-02-16 14:00:00,2014-02-16 20:00:00,Brugzaal,7611
2014-02-16 14:00:00,2014-02-16 20:00:00,Foyer Theaterzaal ,7613
2014-02-16 14:00:00,2014-02-16 20:00:00,Wintertuin,7615
2014-02-16 14:00:00,2014-02-16 20:00:00,Diverse Zalen,7623
2014-02-17 07:00:00,2014-02-18 07:00:00,Domzaal,6917
2014-02-18 07:00:00,2014-02-19 07:00:00,Domzaal,6917
2014-02-19 20:00:00,2014-02-19 21:30:00,Domzaal,6917
2014-02-19 20:00:00,2014-02-19 22:30:00,Theaterzaal,7033
2014-02-20 09:00:00,2014-02-21 00:00:00,Diverse Zalen,7583
2014-02-20 10:00:00,2014-02-20 14:45:00,Theaterzaal,7647
2014-02-20 19:00:00,2014-02-20 23:30:00,Diverse Zalen,7751
2014-02-20 20:00:00,2014-02-20 21:30:00,Domzaal,6917
2014-02-20 20:00:00,2014-02-20 21:30:00,Theaterzaal,7647
2014-02-20 22:00:00,2014-02-21 05:00:00,Concertzaal,7631
2014-02-20 22:00:00,2014-02-20 22:45:00,Brugzaal,7745
2014-02-21 12:00:00,2014-02-22 05:00:00,Concertzaal,7385
2014-02-21 20:00:00,2014-02-21 22:00:00,Theaterzaal,7635
2014-02-21 22:00:00,2014-02-21 22:45:00,Brugzaal,7747
2014-02-22 12:00:00,2014-02-22 22:00:00,Diverse Zalen,7637
2014-02-22 20:00:00,2014-02-22 22:00:00,Theaterzaal,7637
2014-02-22 22:30:00,2014-02-23 06:00:00,Concertzaal,7453
2014-02-23 11:00:00,2014-02-23 13:00:00,Café,7825
2014-02-23 11:00:00,2014-02-23 13:00:00,Café,7825
2014-02-23 18:00:00,2014-02-23 18:00:00,Diverse Zalen,7639
2014-02-24 22:00:00,2014-02-25 05:00:00,Concertzaal,7887
2014-02-25 10:00:00,2014-02-25 22:00:00,Theaterzaal,6911
2014-02-25 20:00:00,2014-02-25 22:00:00,Balzaal,7753
2014-02-26 20:00:00,2014-02-26 21:00:00,Theaterzaal,6911
2014-02-26 20:30:00,2014-02-26 23:00:00,Balzaal,7665
2014-02-26 22:00:00,2014-02-27 05:00:00,Concertzaal,7427
2014-02-27 20:00:00,2014-02-27 21:00:00,Theaterzaal,6911
2014-02-28 19:00:00,2014-03-01 00:00:00,Concertzaal,7265
2014-02-28 20:00:00,2014-03-01 05:00:00,Balzaal,7443
2014-03-01 20:00:00,2014-03-01 22:30:00,Theaterzaal,7237
2014-03-01 21:00:00,2014-03-02 03:00:00,Balzaal,7727
2014-03-01 23:00:00,2014-03-02 06:00:00,Concertzaal,7455
2014-03-02 15:00:00,2014-03-02 16:00:00,Theaterzaal,7471
2014-03-02 19:30:00,2014-03-03 01:00:00,Balzaal,7667
2014-03-04 07:00:00,2014-03-05 07:00:00,Domzaal,6909
2014-03-04 19:00:00,2014-03-05 00:00:00,Concertzaal,7521
2014-03-05 19:00:00,2014-03-05 23:00:00,Café,7699
2014-03-05 19:30:00,2014-03-05 23:00:00,Foyer Theaterzaal ,7813
2014-03-05 20:00:00,2014-03-05 21:30:00,Domzaal,6909
2014-03-06 20:00:00,2014-03-06 21:30:00,Domzaal,6909
2014-03-07 20:00:00,2014-03-07 22:10:00,Theaterzaal,6979
2014-03-08 20:00:00,2014-03-08 22:10:00,Theaterzaal,6979
2014-03-09 19:00:00,2014-03-09 21:00:00,Minard,7447
2014-03-09 20:00:00,2014-03-09 22:00:00,Theaterzaal,7779
2014-03-10 14:30:00,2014-03-10 17:00:00,Theaterzaal,6925
2014-03-11 07:00:00,2014-03-12 07:00:00,Mokabon,6919
2014-03-11 07:00:00,2014-03-12 07:00:00,Theaterzaal,6925
2014-03-11 22:00:00,2014-03-12 05:00:00,Concertzaal,7585
2014-03-12 07:00:00,2014-03-13 07:00:00,Mokabon,6919
2014-03-12 07:00:00,2014-03-13 07:00:00,Domzaal,6935
2014-03-12 20:00:00,2014-03-12 21:20:00,Theaterzaal,6925
2014-03-12 22:00:00,2014-03-13 05:00:00,Concertzaal,7785
2014-03-13 07:00:00,2014-03-14 07:00:00,Mokabon,6919
2014-03-13 20:00:00,2014-03-13 21:20:00,Theaterzaal,6925
2014-03-13 22:00:00,2014-03-13 23:00:00,Domzaal,6935
2014-03-13 22:00:00,2014-03-14 05:00:00,Concertzaal,7787
2014-03-14 07:00:00,2014-03-15 07:00:00,Theaterzaal,6919
2014-03-14 19:30:00,2014-03-15 05:00:00,Concertzaal,7541
2014-03-14 20:00:00,2014-03-14 21:00:00,Domzaal,6935
2014-03-14 20:00:00,2014-03-14 23:00:00,Balzaal,7759
2014-03-14 23:00:00,2014-03-15 05:00:00,Balzaal,7673
2014-03-15 07:00:00,2014-03-16 07:00:00,Theaterzaal,6919
2014-03-15 20:00:00,2014-03-15 22:00:00,\N,7709
2014-03-15 23:00:00,2014-03-16 05:00:00,Balzaal,7557
2014-03-16 07:00:00,2014-03-17 07:00:00,Theaterzaal,6919
2014-03-16 19:30:00,2014-03-17 01:00:00,Concertzaal,7713
2014-03-16 20:00:00,2014-03-16 22:20:00,Balzaal,7795
2014-03-17 07:00:00,2014-03-18 07:00:00,Theaterzaal,6919
2014-03-18 07:00:00,2014-03-19 07:00:00,Theaterzaal,6919
2014-03-18 17:00:00,2014-03-18 19:00:00,Domzaal,7849
2014-03-18 20:00:00,2014-03-18 22:00:00,Balzaal,7793
2014-03-18 20:00:00,2014-03-18 22:00:00,Theaterzaal,7797
2014-03-19 16:00:00,2014-03-19 22:00:00,Wintertuin,7951
2014-03-19 20:00:00,2014-03-19 21:30:00,Theaterzaal,6919
2014-03-19 20:30:00,2014-03-19 21:00:00,Balzaal,7943
2014-03-19 22:00:00,2014-03-19 23:00:00,Café,7891
2014-03-20 10:00:00,2014-03-20 17:00:00,Theaterzaal,7815
2014-03-20 20:00:00,2014-03-20 21:30:00,Theaterzaal,6919
2014-03-20 20:00:00,2014-03-20 22:00:00,\N,7749
2014-03-21 19:30:00,2014-03-22 05:00:00,Concertzaal,7473
2014-03-21 20:00:00,2014-03-21 21:30:00,Theaterzaal,6919
2014-03-21 21:00:00,2014-03-22 05:00:00,Balzaal,7715
2014-03-22 20:00:00,2014-03-22 21:30:00,Theaterzaal,6919
2014-03-22 20:00:00,2014-03-22 22:00:00,"NTGent, Sint-Baafsplein 17",7001
2014-03-22 20:00:00,2014-03-22 22:00:00,\N,7731
2014-03-22 23:00:00,2014-03-23 06:00:00,Concertzaal,7843
2014-03-22 23:00:00,2014-03-23 06:00:00,Balzaal,7843
2014-03-23 12:00:00,2014-03-23 19:00:00,Café,7777
2014-03-23 15:00:00,2014-03-23 18:10:00,Theaterzaal,7703
2014-03-24 07:00:00,2014-03-25 07:00:00,Domzaal,6923
2014-03-25 07:00:00,2014-03-26 07:00:00,Domzaal,6923
2014-03-25 20:00:00,2014-03-26 05:00:00,Concertzaal,7257
2014-03-25 20:00:00,2014-03-25 22:00:00,Balzaal,7789
2014-03-26 07:00:00,2014-03-27 07:00:00,Theaterzaal,6933
2014-03-26 20:00:00,2014-03-26 21:30:00,Domzaal,6923
2014-03-26 22:00:00,2014-03-27 05:00:00,Concertzaal,7377
2014-03-27 20:00:00,2014-03-27 21:20:00,Theaterzaal,6933
2014-03-27 20:00:00,2014-03-27 21:30:00,Minard,6991
2014-03-27 20:00:00,2014-03-27 23:30:00,Balzaal,7757
2014-03-27 21:00:00,2014-03-28 05:00:00,Concertzaal,7633
2014-03-28 20:00:00,2014-03-28 21:20:00,Theaterzaal,6933
2014-03-28 20:00:00,2014-03-28 21:30:00,Minard,6991
2014-03-29 07:00:00,2014-03-30 07:00:00,Balzaal Kassaruimte,7983
2014-03-29 10:00:00,2014-03-29 18:00:00,Diverse Zalen,7801
2014-03-29 10:00:00,2014-03-29 16:15:00,Brug,7995
2014-03-29 10:30:00,2014-03-29 16:15:00,Majolica,7981
2014-03-29 10:30:00,2014-03-29 16:15:00,Foyer Theaterzaal ,7991
2014-03-29 10:30:00,2014-03-29 16:15:00,Antiekzolder,7993
2014-03-29 10:30:00,2014-03-29 12:45:00,Dansstudio,7997
2014-03-29 10:30:00,2014-03-29 12:45:00,\N,7999
2014-03-29 10:30:00,2014-03-29 16:15:00,Grote Kamer,8001
2014-03-29 10:30:00,2014-03-29 16:15:00,Mokabon,8003
2014-03-29 20:00:00,2014-03-29 22:00:00,"NTGent, Sint-Baafsplein 17",7001
2014-03-29 22:00:00,2014-03-30 05:00:00,Balzaal,7405
2014-03-29 23:00:00,2014-03-30 06:00:00,Concertzaal,7457
2014-03-30 11:00:00,2014-03-30 13:00:00,Café,7825
2014-03-30 19:30:00,2014-03-31 01:00:00,Balzaal,7669
2014-04-01 09:00:00,2014-04-01 22:00:00,Domzaal,6913
2014-04-01 20:00:00,2014-04-01 21:40:00,Theaterzaal,7967
2014-04-02 19:00:00,2014-04-02 23:00:00,Café,7701
2014-04-02 20:00:00,2014-04-02 22:30:00,Theaterzaal,6647
2014-04-02 21:00:00,2014-04-02 22:10:00,Domzaal,6913
2014-04-02 22:00:00,2014-04-03 05:00:00,Concertzaal,7387
2014-04-02 22:30:00,2014-04-03 00:10:00,Minard,7901
2014-04-03 20:00:00,2014-04-03 21:10:00,Domzaal,6913
2014-04-03 23:00:00,2014-04-04 03:00:00,Balzaal,7817
2014-04-04 22:00:00,2014-04-05 00:10:00,Minard,7901
2014-04-05 19:30:00,2014-04-06 05:00:00,Balzaal,7945
2014-04-05 22:00:00,2014-04-06 00:10:00,Minard,7901
2014-04-06 19:30:00,2014-04-07 01:00:00,Balzaal,7687
2014-04-06 20:00:00,2014-04-06 22:10:00,Theaterzaal,6379
2014-04-06 20:00:00,2014-04-07 00:10:00,Minard,7901
2014-04-08 19:30:00,2014-04-09 01:00:00,Balzaal,7671
2014-04-09 19:30:00,2014-04-10 01:00:00,Balzaal,7733
2014-04-09 19:30:00,2014-04-09 23:00:00,Foyer Theaterzaal ,7911
2014-04-10 19:30:00,2014-04-11 05:00:00,Concertzaal,7791
2014-04-11 07:00:00,2014-04-12 07:00:00,Brugzaal,7867
2014-04-11 19:30:00,2014-04-12 01:00:00,Concertzaal,7765
2014-04-11 20:30:00,2014-04-12 05:00:00,Balzaal,7783
2014-04-12 07:00:00,2014-04-13 07:00:00,Brugzaal,7873
2014-04-12 14:00:00,2014-04-12 18:00:00,Café,7869
2014-04-12 20:30:00,2014-04-13 05:00:00,Balzaal,7871
2014-04-12 22:00:00,2014-04-13 05:00:00,Concertzaal,7771
2014-04-13 20:30:00,2014-04-13 23:30:00,Balzaal,7827
2014-04-15 19:00:00,2014-04-15 22:00:00,Minard,7763
2014-04-15 20:00:00,2014-04-15 21:00:00,Theaterzaal,6975
2014-04-15 20:00:00,2014-04-15 21:00:00,Theaterzaal,6975
2014-04-16 07:00:00,2014-04-17 07:00:00,Theaterzaal,6975
2014-04-16 19:00:00,2014-04-16 22:00:00,Minard,7657
2014-04-16 19:30:00,2014-04-17 01:00:00,Concertzaal,7829
2014-04-16 20:30:00,2014-04-16 23:30:00,Balzaal,7835
2014-04-17 20:00:00,2014-04-17 21:00:00,Theaterzaal,6975
2014-04-17 20:30:00,2014-04-17 21:30:00,Domzaal,7649
2014-04-17 21:00:00,2014-04-17 22:30:00,Balzaal,7975
2014-04-18 20:00:00,2014-04-18 21:00:00,Theaterzaal,6975
2014-04-19 11:00:00,2014-04-19 20:00:00,Ticketbalie,7879
2014-04-19 11:00:00,2014-04-19 20:00:00,Café,7881
2014-04-19 20:00:00,2014-04-19 21:00:00,Theaterzaal,6975
2014-04-19 23:00:00,2014-04-20 06:00:00,Concertzaal,7459
2014-04-19 23:00:00,2014-04-20 05:00:00,Balzaal,7559
2014-04-22 17:30:00,2014-04-22 20:00:00,Foyer Theaterzaal ,7969
2014-04-22 20:00:00,2014-04-22 22:15:00,Balzaal,7811
2014-04-23 09:00:00,2014-04-23 22:00:00,Theaterzaal,6973
2014-04-23 20:00:00,2014-04-23 21:30:00,Domzaal,6921
2014-04-24 19:00:00,2014-04-24 22:00:00,Minard,7807
2014-04-24 20:00:00,2014-04-24 21:30:00,Domzaal,6921
2014-04-24 20:00:00,2014-04-24 21:50:00,Theaterzaal,6973
2014-04-24 22:00:00,2014-04-25 05:00:00,Concertzaal,7399
2014-04-25 19:30:00,2014-04-26 03:00:00,Balzaal,7577
2014-04-25 20:00:00,2014-04-25 21:50:00,Theaterzaal,6973
2014-04-26 20:30:00,2014-04-26 21:30:00,\N,7877
2014-04-26 22:00:00,2014-04-27 05:00:00,Balzaal,7903
2014-04-27 07:00:00,2014-04-28 07:00:00,Ticketbalie,8109
2014-04-27 08:00:00,2014-04-27 20:00:00,Concertzaal,7885
2014-04-27 10:00:00,2014-04-27 18:00:00,Theaterzaal,7883
2014-04-27 10:00:00,2014-04-27 18:00:00,Theaterzaal,7949
2014-04-27 10:00:00,2014-04-27 18:00:00,Balzaal,7971
2014-04-27 10:00:00,2014-04-27 18:00:00,Diverse Zalen,8029
2014-04-27 11:00:00,2014-04-27 13:00:00,Café,7825
2014-04-28 20:00:00,2014-04-28 22:50:00,Domzaal,7689
2014-04-29 07:00:00,2014-04-30 07:00:00,Balzaal,7961
2014-04-29 13:00:00,2014-04-29 18:00:00,Concertzaal,7959
2014-04-30 18:00:00,2014-04-30 20:00:00,Balzaal,7961
2014-04-30 19:30:00,2014-04-30 21:15:00,Theaterzaal,7963
2014-04-30 20:00:00,2014-04-30 21:30:00,Minard,6993
2014-04-30 20:00:00,2014-05-01 04:00:00,Diverse Zalen,7805
2014-04-30 20:00:00,2014-04-30 22:00:00,Theaterzaal,7805
2014-04-30 20:00:00,2014-05-01 04:00:00,Concertzaal,7959
2014-04-30 20:00:00,2014-05-01 00:00:00,Foyer Theaterzaal ,7965
2014-04-30 20:30:00,2014-05-01 04:00:00,Concertzaal,7805
2014-05-01 20:00:00,2014-05-01 21:30:00,Minard,6993
2014-05-02 20:00:00,2014-05-02 21:30:00,Minard,6993
2014-05-02 20:00:00,2014-05-02 21:30:00,Theaterzaal,7761
2014-05-03 20:00:00,2014-05-03 21:30:00,Minard,6993
2014-05-03 20:00:00,2014-05-03 21:15:00,Theaterzaal,7515
2014-05-03 21:00:00,2014-05-04 03:00:00,Balzaal,7929
2014-05-03 21:15:00,2014-05-03 22:00:00,\N,7737
2014-05-03 23:00:00,2014-05-04 06:00:00,Concertzaal,7461
2014-05-04 15:00:00,2014-05-04 16:00:00,Domzaal,7767
2014-05-06 09:30:00,2014-05-06 15:00:00,Domzaal,8293
2014-05-06 09:30:00,2014-05-06 14:15:00,Dansstudio,8353
2014-05-06 09:30:00,2014-05-06 14:15:00,Foyer Theaterzaal ,8353
2014-05-06 09:30:00,2014-05-06 15:00:00,Mokabon,8353
2014-05-06 13:00:00,2014-05-06 14:15:00,Grote Kamer,8375
2014-05-06 14:25:00,2014-05-06 15:00:00,Wintertuin,8393
2014-05-06 20:00:00,2014-05-06 21:30:00,Minard,6995
2014-05-07 19:30:00,2014-05-07 23:00:00,Foyer Theaterzaal ,7905
2014-05-07 20:00:00,2014-05-07 21:30:00,Minard,6995
2014-05-07 20:00:00,2014-05-07 23:00:00,Domzaal,8005
2014-05-08 20:00:00,2014-05-08 21:10:00,Theaterzaal,6927
2014-05-08 20:00:00,2014-05-08 21:30:00,Minard,6995
2014-05-08 20:15:00,2014-05-08 23:15:00,Balzaal,7953
2014-05-09 20:00:00,2014-05-09 21:10:00,Theaterzaal,6927
2014-05-09 20:00:00,2014-05-09 21:30:00,Minard,6995
2014-05-09 21:00:00,2014-05-10 05:00:00,Concertzaal,7717
2014-05-10 20:00:00,2014-05-10 21:10:00,Theaterzaal,6927
2014-05-10 20:00:00,2014-05-10 21:30:00,Minard,6995
2014-05-10 23:00:00,2014-05-11 05:00:00,Balzaal,7599
2014-05-11 19:30:00,2014-05-12 00:00:00,Balzaal,7893
2014-05-13 14:00:00,2014-05-13 16:30:00,Theaterzaal,7799
2014-05-13 19:00:00,2014-05-14 07:00:00,Minard,7895
2014-05-13 20:00:00,2014-05-13 22:00:00,Balzaal,8007
2014-05-14 13:30:00,2014-05-14 15:30:00,Theaterzaal,8021
2014-05-14 20:00:00,2014-05-14 22:00:00,Theaterzaal,8009
2014-05-14 20:30:00,2014-05-14 22:30:00,Balzaal,7955
2014-05-15 20:00:00,2014-05-15 22:00:00,Op Locatie,8023
2014-05-17 13:00:00,2014-05-17 18:00:00,Op Locatie,8203
2014-05-19 20:00:00,2014-05-19 21:30:00,"NTGent, Sint-Baafsplein 17",7729
2014-05-19 20:00:00,2014-05-19 21:30:00,Theaterzaal,8295
2014-05-20 07:00:00,2014-05-21 07:00:00,Domzaal,6955
2014-05-20 09:30:00,2014-05-20 17:00:00,Diverse Zalen,8119
2014-05-20 09:30:00,2014-05-20 16:55:00,Theaterzaal,8121
2014-05-20 10:20:00,2014-05-20 16:15:00,Foyer Theaterzaal ,8299
2014-05-20 10:20:00,2014-05-20 16:15:00,Dansstudio,8301
2014-05-20 10:20:00,2014-05-20 16:15:00,Brugzaal,8303
2014-05-20 10:20:00,2014-05-20 16:15:00,\N,8305
2014-05-20 10:20:00,2014-05-20 16:15:00,Grote Kamer,8307
2014-05-21 07:00:00,2014-05-22 07:00:00,Dansstudio,6955
2014-05-21 20:00:00,2014-05-21 22:45:00,Balzaal,7803
2014-05-22 07:00:00,2014-05-23 07:00:00,Theaterzaal,6977
2014-05-22 20:00:00,2014-05-22 21:15:00,Dansstudio,6955
2014-05-23 20:00:00,2014-05-23 21:15:00,Dansstudio,6955
2014-05-23 20:00:00,2014-05-23 23:15:00,Theaterzaal,6977
2014-05-24 19:00:00,2014-05-24 22:15:00,Theaterzaal,6977
2014-05-24 20:00:00,2014-05-24 21:15:00,Dansstudio,6955
2014-05-24 21:00:00,2014-05-25 05:00:00,Concertzaal,7925
2014-05-25 11:00:00,2014-05-25 13:00:00,Café,7825
2014-05-25 12:00:00,2014-05-25 21:00:00,Café,8027
2014-05-25 13:00:00,2014-05-26 00:00:00,Café,8355
2014-05-27 20:00:00,2014-05-27 22:30:00,Theaterzaal,8161
2014-05-28 19:00:00,2014-05-29 00:00:00,Café,8297
2014-05-28 20:00:00,2014-05-28 22:00:00,Balzaal,8163
2014-05-28 22:00:00,2014-05-29 05:00:00,Concertzaal,7927
2014-05-29 20:00:00,2014-05-29 21:45:00,Domzaal,7875
2014-05-30 20:00:00,2014-05-30 22:00:00,Balzaal,8153
2014-05-31 19:30:00,2014-06-01 01:00:00,Concertzaal,7947
2014-05-31 20:00:00,2014-06-01 05:00:00,Balzaal,8403
2014-06-01 20:30:00,2014-06-01 22:30:00,Café,8487
2014-06-02 09:00:00,2014-06-02 22:00:00,Domzaal,6907
2014-06-03 09:00:00,2014-06-03 22:00:00,Domzaal,6907
2014-06-04 20:00:00,2014-06-04 21:55:00,Theaterzaal,6907
2014-06-04 20:00:00,2014-06-04 21:50:00,Theaterzaal,6907
2014-06-04 20:00:00,2014-06-04 21:30:00,Balzaal,8453
2014-06-05 19:30:00,2014-06-06 05:00:00,Balzaal,7735
2014-06-05 20:00:00,2014-06-05 21:55:00,Theaterzaal,6907
2014-06-05 20:00:00,2014-06-05 21:50:00,Theaterzaal,6907
2014-06-06 20:00:00,2014-06-06 22:00:00,Theaterzaal,6907
2014-06-06 20:00:00,2014-06-06 21:50:00,Theaterzaal,6907
2014-06-07 10:00:00,2014-06-07 16:00:00,Domzaal,6907
2014-06-07 20:45:00,2014-06-07 22:45:00,Café,8489
2014-06-08 18:30:00,2014-06-09 02:00:00,Concertzaal,7923
2014-06-08 19:30:00,2014-06-09 01:00:00,Balzaal,7897
2014-06-10 07:00:00,2014-06-11 07:00:00,Op Locatie,8201
2014-06-10 19:00:00,2014-06-11 07:00:00,Minard,8389
2014-06-11 07:00:00,2014-06-12 07:00:00,Op Locatie,8201
2014-06-11 19:30:00,2014-06-11 23:00:00,Foyer Theaterzaal ,7907
2014-06-11 20:00:00,2014-06-11 23:00:00,Balzaal,7659
2014-06-12 20:00:00,2014-06-12 21:30:00,Domzaal,8069
2014-06-12 20:00:00,2014-06-12 21:00:00,Op Locatie,8201
2014-06-12 21:00:00,2014-06-12 21:40:00,Café,8197
2014-06-12 22:00:00,2014-06-29 00:00:00,Café,8549
2014-06-13 10:00:00,2014-06-13 21:00:00,Op Locatie,8493
2014-06-13 18:00:00,2014-06-13 02:00:00,Café,8549
2014-06-13 20:00:00,2014-06-13 21:30:00,Domzaal,8069
2014-06-13 20:00:00,2014-06-13 21:00:00,Op Locatie,8201
2014-06-14 13:00:00,2014-06-14 18:00:00,Op Locatie,8555
2014-06-14 18:00:00,2014-06-14 02:00:00,Café,8549
2014-06-14 19:00:00,2014-06-15 05:00:00,Balzaal,7579
2014-06-14 20:00:00,2014-06-14 21:30:00,Domzaal,8069
2014-06-14 20:00:00,2014-06-14 21:00:00,Op Locatie,8201
2014-06-14 21:00:00,2014-06-15 06:00:00,Concertzaal,7931
2014-06-15 18:00:00,2014-06-16 02:00:00,Café,8549
2014-06-15 20:00:00,2014-06-15 21:00:00,Op Locatie,8201
2014-06-16 18:00:00,2014-06-17 02:00:00,Café,8549
2014-06-17 16:00:00,2014-06-18 00:00:00,Concertzaal,8169
2014-06-17 16:00:00,2014-06-18 22:00:00,Concertzaal,8549
2014-06-17 18:00:00,2014-06-18 02:00:00,Café,8549
2014-06-18 10:30:00,2014-06-18 19:30:00,Op Locatie,8493
2014-06-18 18:00:00,2014-06-19 02:00:00,Café,8549
2014-06-18 20:00:00,2014-06-18 21:00:00,Balzaal,8237
2014-06-19 18:00:00,2014-06-20 02:00:00,Café,8549
2014-06-20 18:00:00,2014-06-21 02:00:00,Café,8549
2014-06-20 20:30:00,2014-06-20 22:40:00,Dansstudio,8395
2014-06-21 18:00:00,2014-06-22 02:00:00,Café,8549
2014-06-21 23:00:00,2014-06-22 06:00:00,Concertzaal,7463
2014-06-21 23:00:00,2014-06-22 05:00:00,Balzaal,7463
2014-06-21 23:00:00,2014-06-22 06:00:00,Diverse Zalen,7463
2014-06-22 16:00:00,2014-06-23 00:00:00,Concertzaal,8171
2014-06-22 18:00:00,2014-06-23 02:00:00,Café,8549
2014-06-23 18:00:00,2014-06-24 00:00:00,Café,8549
2014-06-24 18:00:00,2014-06-25 00:00:00,Café,8549
2014-06-25 18:00:00,2014-06-26 00:00:00,Café,8549
2014-06-25 20:00:00,2014-06-25 21:55:00,Café,8571
2014-06-26 18:00:00,2014-06-27 00:00:00,Concertzaal,8549
2014-06-26 20:00:00,2014-06-27 02:00:00,Concertzaal,8173
2014-06-26 22:00:00,2014-06-26 23:59:00,Café,8523
2014-06-26 23:00:00,2014-06-27 05:00:00,Concertzaal,7933
2014-06-27 23:00:00,2014-06-28 06:00:00,Brugzaal,7937
2014-06-27 23:00:00,2014-06-28 06:00:00,Balzaal,7937
2014-06-27 23:00:00,2014-06-28 06:00:00,Concertzaal,7937
2014-06-28 13:30:00,2014-06-28 16:00:00,Café,8569
2014-06-28 18:00:00,2014-06-29 00:00:00,Café,8549
2014-06-28 20:00:00,2014-06-28 21:30:00,Theaterzaal,8165
2014-06-28 22:00:00,2014-06-29 06:00:00,Concertzaal,7467
2014-06-28 23:00:00,2014-06-29 05:00:00,Balzaal,7561
2014-06-29 11:00:00,2014-06-29 13:00:00,Café,8579
2014-06-29 18:00:00,2014-06-30 00:00:00,Café,8549
2014-06-30 18:00:00,2014-07-01 00:00:00,Café,8549
2014-06-30 20:00:00,2014-07-01 02:00:00,Concertzaal,8397
2014-07-01 15:00:00,2014-07-01 21:00:00,Balzaal,8635
2014-07-01 18:00:00,2014-07-02 00:00:00,Café,8549
2014-07-01 20:00:00,2014-07-02 02:00:00,Concertzaal,8399
2014-07-01 20:00:00,2014-07-02 00:00:00,Concertzaal,8633
2014-07-02 19:30:00,2014-07-03 01:00:00,Balzaal,7899
2014-07-02 19:30:00,2014-07-02 23:00:00,Foyer Theaterzaal ,7909
2014-07-04 16:00:00,2014-07-05 02:00:00,Café,8549
2014-07-04 16:00:00,2014-07-04 20:30:00,Concertzaal,8585
2014-07-04 18:00:00,2014-07-05 00:00:00,Café,8549
2014-07-04 21:30:00,2014-07-04 21:55:00,Café,8675
2014-07-04 22:00:00,2014-07-05 02:00:00,Concertzaal,8455
2014-07-05 16:00:00,2014-07-05 20:30:00,Concertzaal,8175
2014-07-05 16:00:00,2014-07-06 02:00:00,Concertzaal,8549
2014-07-05 18:00:00,2014-07-06 00:00:00,Café,8549
2014-07-05 21:30:00,2014-07-05 21:55:00,Café,8675
2014-07-05 22:00:00,2014-07-06 02:00:00,Concertzaal,8407
2014-07-08 20:00:00,2014-07-09 02:00:00,Concertzaal,8179
2014-07-08 20:00:00,2014-07-09 02:00:00,Café,8549
2014-07-08 21:30:00,2014-07-08 21:55:00,Café,8675
2014-07-09 20:00:00,2014-07-10 02:00:00,Concertzaal,8179
2014-07-09 20:00:00,2014-07-10 02:00:00,Café,8549
2014-07-09 20:00:00,2014-07-09 21:40:00,Café,8573
2014-07-09 22:00:00,2014-07-10 00:00:00,Café,8539
2014-07-12 20:00:00,2014-07-13 02:00:00,Concertzaal,8183
2014-07-12 20:00:00,2014-07-13 00:30:00,Concertzaal,8549
2014-07-12 21:30:00,2014-07-12 21:55:00,Café,8675
2014-07-12 22:00:00,2014-07-13 00:30:00,Café,8541
2014-07-13 19:00:00,2014-07-14 02:00:00,Concertzaal,8185
2014-07-13 19:00:00,2014-07-12 00:30:00,Café,8549
2014-07-17 23:00:00,2014-07-18 07:00:00,Concertzaal,8229
2014-07-18 23:00:00,2014-07-19 08:00:00,Concertzaal,8229
2014-07-19 14:00:00,2014-07-19 15:45:00,Rondleidingen,8479
2014-07-19 16:00:00,2014-07-19 17:45:00,Rondleidingen,8479
2014-07-19 20:15:00,2014-07-19 21:50:00,Balzaal,8315
2014-07-19 23:00:00,2014-07-20 08:00:00,Concertzaal,8229
2014-07-20 14:00:00,2014-07-20 15:45:00,Rondleidingen,8479
2014-07-20 16:00:00,2014-07-20 17:45:00,Rondleidingen,8479
2014-07-20 20:15:00,2014-07-20 21:45:00,Balzaal,8323
2014-07-20 23:00:00,2014-07-21 07:00:00,Concertzaal,8229
2014-07-21 14:00:00,2014-07-21 15:45:00,Rondleidingen,8479
2014-07-21 16:00:00,2014-07-21 17:45:00,Rondleidingen,8479
2014-07-21 20:00:00,2014-07-21 21:30:00,Theaterzaal,8313
2014-07-21 20:15:00,2014-07-21 21:50:00,Balzaal,8315
2014-07-21 23:00:00,2014-07-22 07:00:00,Concertzaal,8229
2014-07-22 07:00:00,2014-07-23 07:00:00,Concertzaal,8219
2014-07-22 14:00:00,2014-07-22 15:45:00,Rondleidingen,8479
2014-07-22 16:00:00,2014-07-22 17:45:00,Rondleidingen,8479
2014-07-22 20:00:00,2014-07-22 21:30:00,Theaterzaal,8313
2014-07-22 20:15:00,2014-07-22 21:45:00,Balzaal,8323
2014-07-23 14:00:00,2014-07-23 15:45:00,Rondleidingen,8479
2014-07-23 16:00:00,2014-07-23 17:45:00,Rondleidingen,8479
2014-07-23 20:00:00,2014-07-23 21:30:00,Theaterzaal,8313
2014-07-23 20:15:00,2014-07-23 21:50:00,Balzaal,8315
2014-07-23 23:00:00,2014-07-24 07:00:00,Concertzaal,8229
2014-07-24 14:00:00,2014-07-24 15:45:00,Rondleidingen,8479
2014-07-24 16:00:00,2014-07-24 17:45:00,Rondleidingen,8479
2014-07-24 19:00:00,2014-07-24 20:15:00,Theaterzaal,8309
2014-07-24 23:00:00,2014-07-25 07:00:00,Concertzaal,8229
2014-07-25 14:00:00,2014-07-25 15:45:00,Rondleidingen,8479
2014-07-25 16:00:00,2014-07-25 17:45:00,Rondleidingen,8479
2014-07-25 20:00:00,2014-07-25 21:40:00,Theaterzaal,8315
2014-07-25 20:15:00,2014-07-25 21:15:00,Balzaal,8317
2014-07-25 23:00:00,2014-07-26 08:00:00,Concertzaal,8229
2014-07-26 13:00:00,2014-07-26 18:00:00,Op Locatie,8203
2014-07-26 14:00:00,2014-07-26 15:45:00,Rondleidingen,8479
2014-07-26 16:00:00,2014-07-26 17:45:00,Rondleidingen,8479
2014-07-26 20:00:00,2014-07-26 21:40:00,Theaterzaal,8315
2014-07-26 20:15:00,2014-07-26 21:15:00,Balzaal,8317
2014-07-26 23:00:00,2014-07-27 08:00:00,Concertzaal,8229
2014-07-27 14:00:00,2014-07-27 15:45:00,Rondleidingen,8479
2014-07-27 16:00:00,2014-07-27 17:45:00,Rondleidingen,8479
2014-07-27 20:00:00,2014-07-27 21:40:00,Theaterzaal,8315
2014-07-27 23:00:00,2014-07-28 18:00:00,Concertzaal,8229
2014-08-22 13:00:00,2014-08-22 18:00:00,Op Locatie,8203
2014-08-28 20:00:00,2014-08-28 21:00:00,Balzaal,8755
2014-08-29 17:00:00,2014-08-30 05:00:00,Balzaal,8729
2014-08-30 07:00:00,2014-08-31 07:00:00,Brugzaal,8731
2014-08-30 22:00:00,2014-08-31 05:00:00,Concertzaal,8031
2014-08-30 23:00:00,2014-08-31 05:00:00,Balzaal,8025
2014-08-31 18:30:00,2014-08-31 21:00:00,Balzaal,8917
2014-09-06 23:00:00,2014-09-07 06:00:00,Concertzaal,8033
2014-09-09 20:00:00,2014-09-09 21:00:00,Blauwe Kamer,8899
2014-09-10 19:45:00,2014-09-10 23:00:00,Theaterzaal,8751
2014-09-10 20:00:00,2014-09-10 21:40:00,Theaterzaal,8733
2014-09-10 21:40:00,2014-09-10 23:00:00,Balzaal,8763
2014-09-13 14:00:00,2014-09-13 18:15:00,Theaterzaal,8589
2014-09-13 22:30:00,2014-09-14 06:00:00,Concertzaal,8035
2014-09-14 10:00:00,2014-09-14 18:00:00,Rondleidingen,8901
2014-09-14 10:00:00,2014-09-14 18:00:00,Rondleidingen,8901
2014-09-16 17:00:00,2014-09-16 21:00:00,Foyer Theaterzaal ,8933
2014-09-16 17:00:00,2014-09-16 21:00:00,Mokabon,8955
2014-09-16 20:00:00,2014-09-16 21:15:00,Balzaal,8725
2014-09-16 20:00:00,2014-09-16 21:00:00,Blauwe Kamer,8899
2014-09-18 23:30:00,2014-09-19 03:00:00,Café,8945
2014-09-19 20:00:00,2014-09-19 22:45:00,Balzaal,8767
2014-09-19 23:00:00,2014-09-20 05:00:00,Concertzaal,8233
2014-09-20 15:00:00,2014-09-20 20:00:00,Op Locatie,8961
2014-09-20 21:00:00,2014-09-21 23:00:00,Scène Theaterzaal,8481
2014-09-20 21:00:00,2014-09-20 22:30:00,Theaterzaal,8977
2014-09-20 22:30:00,2014-09-21 03:00:00,Balzaal,8481
2014-09-20 23:00:00,2014-09-21 06:00:00,Concertzaal,8037
2014-09-21 14:00:00,2014-09-21 19:00:00,Café,8925
2014-09-22 20:30:00,2014-09-22 22:30:00,Op Locatie,9081
2014-09-23 19:00:00,2014-09-24 01:00:00,Concertzaal,7841
2014-09-23 20:00:00,2014-09-23 21:15:00,Domzaal,8133
2014-09-23 20:00:00,2014-09-23 21:00:00,Blauwe Kamer,8899
2014-09-24 10:30:00,2014-09-24 12:00:00,Foyer Theaterzaal ,8819
2014-09-24 20:00:00,2014-09-24 21:15:00,Domzaal,8133
2014-09-25 18:00:00,2014-09-25 23:30:00,Concertzaal,8735
2014-09-25 19:00:00,2014-09-25 20:00:00,Theaterzaal,8071
2014-09-25 20:30:00,2014-09-25 21:45:00,Domzaal,8133
2014-09-25 21:30:00,2014-09-25 22:30:00,Café,8769
2014-09-26 19:00:00,2014-09-26 20:15:00,Domzaal,8133
2014-09-26 21:00:00,2014-09-26 22:00:00,Theaterzaal,8071
2014-09-27 07:00:00,2014-09-28 07:00:00,Brugzaal,8737
2014-09-27 19:30:00,2014-09-27 22:30:00,Concertzaal,8947
2014-09-27 20:00:00,2014-09-27 21:15:00,Domzaal,8133
2014-09-27 23:00:00,2014-09-28 05:00:00,Balzaal,8073
2014-09-30 19:00:00,2014-10-01 07:00:00,Minard,8451
2014-09-30 20:00:00,2014-09-30 22:50:00,Balzaal,8391
2014-09-30 20:00:00,2014-09-30 21:40:00,Theaterzaal,8561
2014-09-30 20:00:00,2014-09-30 21:00:00,Blauwe Kamer,8899
2014-10-01 19:30:00,2014-10-02 01:00:00,Balzaal,8717
2014-10-01 20:00:00,2014-10-01 23:00:00,Foyer Theaterzaal ,8907
2014-10-01 22:00:00,2014-10-02 05:00:00,Concertzaal,8123
2014-10-02 07:00:00,2014-10-03 07:00:00,Brugzaal,8739
2014-10-02 20:00:00,2014-10-02 21:00:00,Blauwe Kamer,8899
2014-10-02 22:30:00,2014-10-03 06:00:00,Concertzaal,8039
2014-10-02 22:30:00,2014-10-03 05:00:00,Balzaal,8041
2014-10-03 07:00:00,2014-10-04 07:00:00,Op Locatie,8591
2014-10-03 07:00:00,2014-10-04 07:00:00,Brugzaal,8741
2014-10-03 10:00:00,2014-10-03 19:00:00,Op Locatie,8471
2014-10-03 20:00:00,2014-10-03 21:30:00,NTGent (Minnemeers),8459
2014-10-03 22:00:00,2014-10-04 05:00:00,Concertzaal,8043
2014-10-03 22:00:00,2014-10-04 05:00:00,Balzaal,8567
2014-10-04 07:00:00,2014-10-05 07:00:00,Op Locatie,8591
2014-10-04 07:00:00,2014-10-05 07:00:00,Brugzaal,8743
2014-10-04 10:00:00,2014-10-04 18:00:00,Op Locatie,8471
2014-10-04 20:30:00,2014-10-04 22:30:00,Dansstudio,8771
2014-10-04 22:00:00,2014-10-05 05:00:00,Balzaal,8357
2014-10-04 23:00:00,2014-10-05 06:00:00,Concertzaal,8045
2014-10-05 10:00:00,2014-10-05 18:00:00,Op Locatie,8471
2014-10-05 19:00:00,2014-10-06 07:00:00,Minard,8553
2014-10-06 20:00:00,2014-10-06 21:05:00,Minard,8127
2014-10-07 10:00:00,2014-10-07 17:00:00,Diverse Zalen,8581
2014-10-07 10:00:00,2014-10-07 16:45:00,Theaterzaal,8593
2014-10-07 12:15:00,2014-10-07 18:00:00,Balzaal,8929
2014-10-07 19:00:00,2014-10-07 20:00:00,Dansstudio,8773
2014-10-07 20:00:00,2014-10-07 21:05:00,Minard,8127
2014-10-07 20:00:00,2014-10-07 22:00:00,Theaterzaal,8807
2014-10-07 20:00:00,2014-10-07 21:00:00,Blauwe Kamer,8899
2014-10-08 20:00:00,2014-10-08 21:05:00,Minard,8127
2014-10-08 20:00:00,2014-10-08 21:15:00,Domzaal,8325
2014-10-08 22:00:00,2014-10-09 05:00:00,Concertzaal,8381
2014-10-09 20:00:00,2014-10-09 21:05:00,Minard,8127
2014-10-09 21:30:00,2014-10-09 22:30:00,Café,8775
2014-10-09 22:00:00,2014-10-10 05:00:00,Concertzaal,8327
2014-10-10 20:00:00,2014-10-10 20:55:00,Domzaal,8075
2014-10-10 21:30:00,2014-10-11 03:00:00,Balzaal,8639
2014-10-11 20:00:00,2014-10-11 21:30:00,Domzaal,8075
2014-10-11 20:00:00,2014-10-11 21:30:00,"NTGent, Sint-Baafsplein 17",8461
2014-10-11 21:00:00,2014-10-12 01:00:00,Balzaal,8565
2014-10-11 23:00:00,2014-10-12 06:00:00,Concertzaal,8047
2014-10-12 14:00:00,2014-10-12 15:30:00,Rondleidingen,8685
2014-10-12 14:00:00,2014-10-12 15:30:00,Rondleidingen,8723
2014-10-12 18:30:00,2014-10-13 01:00:00,Balzaal,8997
2014-10-12 19:30:00,2014-10-13 01:00:00,Concertzaal,8583
2014-10-14 14:00:00,2014-10-14 15:30:00,Rondleidingen,8723
2014-10-14 20:00:00,2014-10-14 21:00:00,Minard,8129
2014-10-14 20:00:00,2014-10-14 21:00:00,Blauwe Kamer,8899
2014-10-14 20:40:00,2014-10-14 22:55:00,Theaterzaal,8809
2014-10-14 22:00:00,2014-10-15 05:00:00,Concertzaal,8359
2014-10-15 20:00:00,2014-10-15 21:00:00,Minard,8129
2014-10-15 20:00:00,2014-10-15 22:00:00,Theaterzaal,8975
2014-10-15 22:00:00,2014-10-16 05:00:00,Concertzaal,8383
2014-10-16 20:00:00,2014-10-16 22:30:00,Theaterzaal,8987
2014-10-16 20:00:00,2014-10-16 21:30:00,Balzaal,8999
2014-10-16 22:00:00,2014-10-17 05:00:00,Concertzaal,8385
2014-10-17 20:00:00,2014-10-17 21:30:00,Theaterzaal,8989
2014-10-17 23:00:00,2014-10-18 06:00:00,Concertzaal,9111
2014-10-18 11:00:00,2014-10-18 21:10:00,Balzaal,8077
2014-10-18 19:30:00,2014-10-18 21:30:00,Theaterzaal,8777
2014-10-18 22:30:00,2014-10-19 06:00:00,Concertzaal,8049
2014-10-19 11:00:00,2014-10-19 21:10:00,Balzaal,8077
2014-10-19 20:00:00,2014-10-19 23:00:00,Theaterzaal,8991
2014-10-20 20:00:00,2014-10-20 21:30:00,Theaterzaal,9085
2014-10-20 22:00:00,2014-10-20 23:40:00,Theaterzaal,8993
2014-10-21 20:00:00,2014-10-21 22:15:00,Balzaal,8329
2014-10-21 20:00:00,2014-10-21 21:00:00,Blauwe Kamer,8899
2014-10-21 20:00:00,2014-10-21 21:45:00,Theaterzaal,8995
2014-10-21 22:00:00,2014-10-22 05:00:00,Concertzaal,8779
2014-10-22 12:30:00,2014-10-22 22:30:00,Café,8687
2014-10-22 19:00:00,2014-10-23 07:00:00,Minard,8485
2014-10-22 20:30:00,2014-10-22 21:45:00,Theaterzaal,8551
2014-10-22 20:30:00,2014-10-22 21:45:00,Theaterzaal,9083
2014-10-23 12:30:00,2014-10-23 22:30:00,Café,8687
2014-10-23 20:00:00,2014-10-23 21:15:00,Domzaal,8079
2014-10-23 20:00:00,2014-10-23 22:50:00,Theaterzaal,9099
2014-10-23 20:30:00,2014-10-23 22:00:00,Balzaal,8911
2014-10-23 22:00:00,2014-10-24 05:00:00,Concertzaal,8387
2014-10-24 12:30:00,2014-10-24 22:30:00,Café,8687
2014-10-24 20:00:00,2014-10-24 21:15:00,Domzaal,8079
2014-10-24 20:15:00,2014-10-24 21:40:00,Theaterzaal,8781
2014-10-24 21:45:00,2014-10-25 04:00:00,Balzaal,8783
2014-10-25 12:30:00,2014-10-25 20:00:00,Café,8687
2014-10-25 20:00:00,2014-10-25 21:10:00,Balzaal,8081
2014-10-25 21:30:00,2014-10-26 04:00:00,Balzaal,8959
2014-10-25 23:00:00,2014-10-26 06:00:00,Concertzaal,8051
2014-10-26 14:00:00,2014-10-26 15:30:00,Rondleidingen,8723
2014-10-26 16:00:00,2014-10-26 22:00:00,Café,8759
2014-10-28 19:00:00,2014-10-29 00:00:00,Concertzaal,8557
2014-10-29 14:00:00,2014-10-29 14:50:00,Theaterzaal,8155
2014-10-29 19:30:00,2014-10-30 01:00:00,Balzaal,8823
2014-10-30 14:00:00,2014-10-30 14:50:00,Theaterzaal,8155
2014-10-30 19:00:00,2014-10-31 07:00:00,Minard,8563
2014-10-30 19:30:00,2014-10-31 01:00:00,Concertzaal,8545
2014-10-30 20:00:00,2014-10-30 21:00:00,Domzaal,8131
2014-10-31 14:00:00,2014-10-31 14:50:00,Theaterzaal,8155
2014-10-31 19:30:00,2014-11-01 03:00:00,Concertzaal,8401
2014-10-31 20:00:00,2014-10-31 21:00:00,Domzaal,8131
2014-11-01 19:30:00,2014-11-01 23:00:00,Concertzaal,7973
2014-11-01 19:30:00,2014-11-02 01:00:00,Concertzaal,7973
2014-11-01 21:00:00,2014-11-02 05:00:00,Balzaal,8951
2014-11-01 23:00:00,2014-11-02 06:00:00,Concertzaal,9001
2014-11-02 20:30:00,2014-11-02 22:45:00,Balzaal,8637
2014-11-04 20:00:00,2014-11-04 21:00:00,Blauwe Kamer,8899
2014-11-04 20:00:00,2014-11-04 21:30:00,Op Locatie,9371
2014-11-05 19:30:00,2014-11-06 01:00:00,Concertzaal,8575
2014-11-05 20:00:00,2014-11-05 23:00:00,Foyer Theaterzaal ,8909
2014-11-05 21:30:00,2014-11-05 22:30:00,Café,8821
2014-11-06 20:00:00,2014-11-06 21:10:00,Theaterzaal,8135
2014-11-07 07:00:00,2014-11-08 07:00:00,Brugzaal,8595
2014-11-07 20:00:00,2014-11-07 21:10:00,Theaterzaal,8135
2014-11-08 07:00:00,2014-11-09 07:00:00,Antiekzolder,8605
2014-11-08 07:00:00,2014-11-09 07:00:00,Foyer Concertzaal,8613
2014-11-08 12:30:00,2014-11-08 18:30:00,Concertzaal,8597
2014-11-08 12:30:00,2014-11-08 18:30:00,Theaterzaal,8599
2014-11-08 12:30:00,2014-11-08 18:00:00,Café,8611
2014-11-08 12:30:00,2014-11-08 19:00:00,Diverse Zalen,8813
2014-11-08 13:00:00,2014-11-08 18:30:00,Dansstudio,8603
2014-11-08 13:00:00,2014-11-08 19:00:00,Mokabon,8607
2014-11-08 13:00:00,2014-11-08 19:00:00,Foyer Theaterzaal ,8609
2014-11-08 13:30:00,2014-11-08 19:00:00,Balzaal,8601
2014-11-08 13:30:00,2014-11-08 18:00:00,Ticketbalie,9321
2014-11-08 22:00:00,2014-11-09 06:00:00,Concertzaal,8931
2014-11-09 07:00:00,2014-11-10 07:00:00,Foyer Theaterzaal ,8615
2014-11-09 07:00:00,2014-11-10 07:00:00,Dansstudio,8617
2014-11-09 07:00:00,2014-11-10 07:00:00,Mokabon,8619
2014-11-09 07:00:00,2014-11-10 07:00:00,Antiekzolder,8621
2014-11-09 07:00:00,2014-11-10 07:00:00,Brugzaal,8623
2014-11-09 14:00:00,2014-11-09 15:30:00,Rondleidingen,8723
2014-11-10 07:00:00,2014-11-11 07:00:00,Foyer Theaterzaal ,8625
2014-11-10 07:00:00,2014-11-11 07:00:00,Mokabon,8627
2014-11-10 07:00:00,2014-11-11 07:00:00,Antiekzolder,8629
2014-11-12 20:00:00,2014-11-12 21:30:00,"NTGent, Sint-Baafsplein 17",8465
2014-11-13 17:00:00,2014-11-13 22:00:00,Café,9393
2014-11-13 20:00:00,2014-11-13 21:10:00,Theaterzaal,8083
2014-11-13 22:00:00,2014-11-14 05:00:00,Concertzaal,8785
2014-11-14 07:00:00,2014-11-15 07:00:00,Brugzaal,8749
2014-11-14 20:00:00,2014-11-14 21:00:00,Domzaal,8085
2014-11-14 21:00:00,2014-11-14 22:10:00,Theaterzaal,8083
2014-11-14 23:00:00,2014-11-15 05:00:00,Balzaal,8053
2014-11-15 16:00:00,2014-11-16 00:00:00,Balzaal & Domzaal,8935
2014-11-15 16:00:00,2014-11-15 19:10:00,Domzaal,8939
2014-11-15 20:00:00,2014-11-16 00:00:00,Balzaal,8935
2014-11-15 20:30:00,2014-11-16 00:00:00,Balzaal,8943
2014-11-15 22:00:00,2014-11-16 06:00:00,Concertzaal,8787
2014-11-16 10:00:00,2014-11-16 17:00:00,Balzaal,9317
2014-11-16 10:00:00,2014-11-16 17:00:00,Diverse Zalen,9335
2014-11-16 10:30:00,2014-11-16 16:30:00,Dansstudio,9315
2014-11-16 14:00:00,2014-11-16 17:00:00,Op Locatie,8473
2014-11-17 19:30:00,2014-11-17 23:00:00,Concertzaal,8815
2014-11-18 20:00:00,2014-11-18 22:15:00,Balzaal,8331
2014-11-18 20:00:00,2014-11-18 21:00:00,Blauwe Kamer,8899
2014-11-19 20:00:00,2014-11-19 21:45:00,Theaterzaal,8377
2014-11-19 20:00:00,2014-11-19 21:45:00,Domzaal,8631
2014-11-20 20:00:00,2014-11-20 21:45:00,Theaterzaal,8377
2014-11-20 22:00:00,2014-11-21 05:00:00,Concertzaal,8789
2014-11-21 19:30:00,2014-11-22 03:00:00,Concertzaal,8475
2014-11-22 07:00:00,2014-11-23 07:00:00,Brugzaal,8745
2014-11-22 16:00:00,2014-11-22 18:00:00,Café,9399
2014-11-22 21:00:00,2014-11-23 03:00:00,Balzaal,8125
2014-11-22 23:00:00,2014-11-23 06:00:00,Concertzaal,8055
2014-11-23 10:00:00,2014-11-23 17:00:00,Diverse Zalen,9465
2014-11-24 20:00:00,2014-11-24 22:00:00,Foyer Theaterzaal ,9267
2014-11-25 09:30:00,2014-11-25 17:30:00,Diverse Zalen,9337
2014-11-25 20:00:00,2014-11-25 22:00:00,Minard,8137
2014-11-25 20:00:00,2014-11-25 21:00:00,Blauwe Kamer,8899
2014-11-25 20:30:00,2014-11-25 22:30:00,Theaterzaal,8239
2014-11-26 20:00:00,2014-11-26 21:00:00,Theaterzaal,8087
2014-11-26 20:00:00,2014-11-26 22:00:00,Minard,8137
2014-11-27 14:00:00,2014-11-27 18:00:00,Foyer Theaterzaal ,9347
2014-11-27 20:00:00,2014-11-27 21:00:00,Theaterzaal,8087
2014-11-27 20:00:00,2014-11-27 22:00:00,Minard,8137
2014-11-27 20:00:00,2014-11-28 01:00:00,Concertzaal,8757
2014-11-28 07:00:00,2014-11-29 07:00:00,Brugzaal,8753
2014-11-28 19:30:00,2014-11-29 02:30:00,Concertzaal,9339
2014-11-28 20:00:00,2014-11-28 22:00:00,Minard,8137
2014-11-28 20:00:00,2014-11-28 21:30:00,"NTGent, Sint-Baafsplein 17",8465
2014-11-28 23:00:00,2014-11-29 05:00:00,Balzaal,8281
2014-11-29 20:00:00,2014-11-29 21:00:00,Theaterzaal,8087
2014-11-29 20:00:00,2014-11-29 22:00:00,Minard,8137
2014-11-29 21:00:00,2014-11-30 05:00:00,Balzaal,8953
2014-11-29 22:30:00,2014-11-30 06:00:00,Concertzaal,8057
2014-11-30 14:00:00,2014-11-30 15:30:00,Rondleidingen,8723
2014-12-02 20:00:00,2014-12-02 21:00:00,Blauwe Kamer,8899
2014-12-02 20:00:00,2014-12-02 23:00:00,Balzaal,9107
2014-12-03 20:00:00,2014-12-03 21:15:00,Domzaal,8089
2014-12-03 20:00:00,2014-12-03 23:00:00,Foyer Theaterzaal ,9323
2014-12-03 20:00:00,2014-12-03 22:00:00,Balzaal,9373
2014-12-04 22:00:00,2014-12-04 23:00:00,Café,9319
2014-12-04 22:00:00,2014-12-05 03:00:00,Café,9379
2014-12-04 22:00:00,2014-12-05 05:00:00,Concertzaal,9405
2014-12-05 09:00:00,2014-12-05 22:00:00,Mokabon,9473
2014-12-05 20:00:00,2014-12-06 05:00:00,Balzaal,8985
2014-12-05 23:30:00,2014-12-06 00:00:00,Balzaal,9327
2014-12-06 20:00:00,2014-12-06 21:30:00,Theaterzaal,8091
2014-12-06 20:30:00,2014-12-07 05:00:00,Balzaal,9113
2014-12-07 12:00:00,2014-12-07 19:00:00,Balzaal,8445
2014-12-07 14:00:00,2014-12-07 15:30:00,Rondleidingen,8723
2014-12-09 14:00:00,2014-12-09 16:00:00,Theaterzaal,9369
2014-12-09 20:00:00,2014-12-09 21:00:00,Blauwe Kamer,8899
2014-12-09 20:00:00,2014-12-10 01:00:00,Concertzaal,9407
2014-12-10 17:00:00,2014-12-10 20:30:00,Balzaal,9349
2014-12-10 20:00:00,2014-12-10 21:30:00,"NTGent, Sint-Baafsplein 17",8463
2014-12-10 21:00:00,2014-12-10 23:00:00,Balzaal,8979
2014-12-10 21:00:00,2014-12-10 23:30:00,Balzaal,8983
2014-12-10 21:30:00,2014-12-10 23:00:00,Balzaal,8979
2014-12-11 13:00:00,2014-12-11 22:00:00,Diverse Zalen,8983
2014-12-11 20:00:00,2014-12-11 21:30:00,Op Locatie,8093
2014-12-11 20:00:00,2014-12-11 22:00:00,Theaterzaal,9375
2014-12-12 13:00:00,2014-12-12 22:30:00,Diverse Zalen,8983
2014-12-12 20:00:00,2014-12-12 21:30:00,Op Locatie,8093
2014-12-13 20:00:00,2014-12-13 22:00:00,Theaterzaal,8379
2014-12-13 21:00:00,2014-12-14 04:00:00,Concertzaal,9325
2014-12-13 22:00:00,2014-12-14 04:00:00,Concertzaal,8983
2014-12-14 15:00:00,2014-12-14 23:00:00,Op Locatie,9501
2014-12-15 10:00:00,2014-12-15 22:00:00,Café,9497
2014-12-16 20:00:00,2014-12-16 22:15:00,Balzaal,8333
2014-12-16 20:00:00,2014-12-16 21:00:00,Blauwe Kamer,8899
2014-12-16 20:00:00,2014-12-16 21:10:00,Theaterzaal,9437
2014-12-17 19:30:00,2014-12-17 05:00:00,Balzaal,8761
2014-12-17 19:30:00,2014-12-17 23:00:00,Balzaal,9331
2014-12-18 09:00:00,2014-12-18 22:00:00,Theaterzaal,8139
2014-12-18 20:30:00,2014-12-19 02:00:00,Concertzaal,9439
2014-12-19 20:00:00,2014-12-19 21:15:00,Theaterzaal,8139
2014-12-19 21:00:00,2014-12-20 03:00:00,Balzaal,9381
2014-12-19 23:00:00,2014-12-20 06:00:00,Concertzaal,8059
2014-12-20 20:00:00,2014-12-20 21:15:00,Theaterzaal,8139
2014-12-20 20:30:00,2014-12-21 03:00:00,Balzaal,9469
2014-12-20 21:30:00,2014-12-21 02:00:00,Balzaal,9477
2014-12-20 23:00:00,2014-12-21 06:00:00,Concertzaal,8061
2014-12-21 14:00:00,2014-12-21 15:30:00,Rondleidingen,8723
2014-12-21 14:00:00,2014-12-21 19:00:00,Café,8927
2014-12-21 14:00:00,2014-12-21 19:00:00,Café,8927
2014-12-23 20:00:00,2014-12-23 21:00:00,Blauwe Kamer,8899
2014-12-27 07:00:00,2014-12-28 07:00:00,Brugzaal,8791
2014-12-27 23:00:00,2014-12-28 05:00:00,Balzaal,8793
2014-12-28 11:00:00,2014-12-28 13:00:00,Café,9355
2014-12-31 00:30:00,2014-12-31 06:59:00,Concertzaal,8063
2014-12-31 23:00:00,2015-01-01 05:00:00,Balzaal,8065
2014-12-31 23:00:00,2015-01-01 05:00:00,Café,8067
2015-01-05 07:00:00,2015-01-06 07:00:00,Brugzaal,8747
2015-01-08 20:00:00,2015-01-08 22:30:00,Theaterzaal,9341
2015-01-10 20:30:00,2015-01-11 06:00:00,Concertzaal,8577
2015-01-11 14:00:00,2015-01-11 15:30:00,Rondleidingen,8723
2015-01-13 20:00:00,2015-01-13 21:00:00,Blauwe Kamer,8899
2015-01-14 16:00:00,2015-01-14 16:50:00,Domzaal,8095
2015-01-14 20:00:00,2015-01-14 22:00:00,Theaterzaal,8097
2015-01-15 15:30:00,2015-01-15 16:00:00,Dansstudio,8483
2015-01-15 17:00:00,2015-01-15 17:30:00,Dansstudio,8483
2015-01-15 17:00:00,2015-01-15 17:30:00,Dansstudio,8483
2015-01-15 20:00:00,2015-01-15 20:30:00,Theaterzaal,8101
2015-01-15 20:00:00,2015-01-15 21:15:00,Minard,8141
2015-01-15 21:00:00,2015-01-15 22:00:00,Domzaal,8099
2015-01-16 20:00:00,2015-01-16 21:00:00,Dansstudio,8103
2015-01-16 20:00:00,2015-01-16 21:15:00,Minard,8141
2015-01-16 21:00:00,2015-01-16 22:00:00,Domzaal,8099
2015-01-17 16:00:00,2015-01-17 17:10:00,Domzaal,8107
2015-01-17 20:00:00,2015-01-17 20:50:00,Theaterzaal,8105
2015-01-17 20:00:00,2015-01-17 21:15:00,Minard,8141
2015-01-17 21:00:00,2015-01-18 05:00:00,Concertzaal,8949
2015-01-17 23:00:00,2015-01-18 05:00:00,Balzaal,9533
2015-01-18 10:00:00,2015-01-18 15:00:00,Op Locatie,8765
2015-01-18 16:00:00,2015-01-18 16:50:00,Theaterzaal,8105
2015-01-20 20:00:00,2015-01-20 22:15:00,Balzaal,8335
2015-01-20 20:00:00,2015-01-20 21:00:00,Blauwe Kamer,8899
2015-01-22 18:00:00,2015-01-23 00:00:00,Foyer Theaterzaal ,9551
2015-01-22 20:00:00,2015-01-22 21:35:00,Domzaal,8111
2015-01-23 20:00:00,2015-01-23 21:35:00,Domzaal,8111
2015-01-25 11:00:00,2015-01-25 13:00:00,Café,9357
2015-01-25 14:00:00,2015-01-25 15:30:00,Rondleidingen,8723
2015-01-27 20:00:00,2015-01-27 21:00:00,Blauwe Kamer,8899
2015-01-28 20:00:00,2015-01-28 22:45:00,Theaterzaal,9543
2015-01-29 18:00:00,2015-01-30 05:00:00,Concertzaal,9611
2015-01-29 18:00:00,2015-01-30 02:00:00,Balzaal,9632
2015-01-30 18:00:00,2015-01-31 05:00:00,Concertzaal,9611
2015-01-30 18:00:00,2015-01-31 02:00:00,Balzaal,9632
2015-01-30 20:00:00,2015-01-30 21:20:00,Theaterzaal,8143
2015-01-31 15:00:00,2015-01-31 16:00:00,Domzaal,8447
2015-01-31 16:00:00,2015-01-31 18:00:00,Diverse Zalen,9495
2015-01-31 18:00:00,2015-02-01 05:00:00,Concertzaal,9611
2015-01-31 18:00:00,2015-02-01 02:00:00,Balzaal,9632
2015-01-31 20:00:00,2015-01-31 21:00:00,Domzaal,8447
2015-01-31 20:00:00,2015-01-31 22:00:00,Theaterzaal,9495
2015-02-01 18:00:00,2015-02-02 05:00:00,Concertzaal,9611
2015-02-01 18:00:00,2015-02-02 01:00:00,Balzaal,9632
2015-02-03 19:30:00,2015-02-04 00:00:00,Concertzaal,9666
2015-02-03 20:00:00,2015-02-03 22:00:00,Minard,8145
2015-02-03 20:00:00,2015-02-03 21:00:00,Blauwe Kamer,8899
2015-02-04 17:45:00,2015-02-04 19:30:00,Brugzaal,9664
2015-02-04 18:00:00,2015-02-04 19:00:00,Brugzaal,9395
2015-02-04 19:30:00,2015-02-04 23:00:00,Balzaal,9395
2015-02-04 20:00:00,2015-02-04 22:00:00,Minard,8145
2015-02-04 20:00:00,2015-02-04 23:00:00,Foyer Theaterzaal ,9603
2015-02-05 20:00:00,2015-02-05 21:50:00,Theaterzaal,8113
2015-02-05 20:00:00,2015-02-05 22:00:00,Minard,8145
2015-02-05 20:30:00,2015-02-05 22:30:00,Balzaal,9491
2015-02-06 20:00:00,2015-02-06 21:50:00,Theaterzaal,8113
2015-02-06 20:00:00,2015-02-06 22:00:00,Minard,8145
2015-02-06 23:00:00,2015-02-07 05:00:00,Balzaal,8965
2015-02-07 20:00:00,2015-02-07 21:50:00,Theaterzaal,8113
2015-02-07 20:00:00,2015-02-07 22:00:00,Minard,8145
2015-02-07 20:00:00,2015-02-07 21:00:00,Op Locatie,8147
2015-02-07 20:30:00,2015-02-08 05:00:00,Balzaal,9269
2015-02-07 22:30:00,2015-02-08 06:00:00,Concertzaal,9279
2015-02-08 14:00:00,2015-02-08 15:00:00,Op Locatie,8147
2015-02-08 14:00:00,2015-02-08 15:30:00,Rondleidingen,8723
2015-02-08 17:00:00,2015-02-08 18:00:00,Op Locatie,8147
2015-02-09 19:00:00,2015-02-09 21:00:00,Foyer Theaterzaal ,9553
2015-02-10 19:00:00,2015-02-10 22:00:00,Minard,9387
2015-02-10 20:00:00,2015-02-10 21:00:00,Theaterzaal,8115
2015-02-10 20:00:00,2015-02-10 21:00:00,Blauwe Kamer,8899
2015-02-11 15:00:00,2015-02-11 16:00:00,Op Locatie,8147
2015-02-11 19:30:00,2015-02-12 01:00:00,Balzaal,9377
2015-02-11 20:00:00,2015-02-11 21:00:00,Theaterzaal,8115
2015-02-11 20:00:00,2015-02-11 21:00:00,Op Locatie,8147
2015-02-12 07:00:00,2015-02-13 07:00:00,Concertzaal,8795
2015-02-12 10:00:00,2015-02-12 11:00:00,Op Locatie,8147
2015-02-12 10:00:00,2015-02-12 11:00:00,Op Locatie,9313
2015-02-12 14:00:00,2015-02-12 15:00:00,Op Locatie,8147
2015-02-12 14:00:00,2015-02-12 15:00:00,Op Locatie,9313
2015-02-12 20:00:00,2015-02-12 22:40:00,Theaterzaal,8337
2015-02-13 10:00:00,2015-02-13 11:00:00,Op Locatie,8147
2015-02-13 10:00:00,2015-02-13 11:00:00,Op Locatie,9313
2015-02-13 14:00:00,2015-02-13 15:00:00,Op Locatie,8147
2015-02-13 14:00:00,2015-02-13 15:00:00,Op Locatie,9313
2015-02-13 20:30:00,2015-02-14 00:10:00,Balzaal,9545
2015-02-13 22:00:00,2015-02-14 05:00:00,Concertzaal,9383
2015-02-14 20:00:00,2015-02-14 22:30:00,Theaterzaal,8159
2015-02-14 20:00:00,2015-02-14 22:00:00,Minard,9619
2015-02-14 23:00:00,2015-02-15 05:00:00,Balzaal,8967
2015-02-14 23:00:00,2015-02-15 06:00:00,Concertzaal,9281
2015-02-20 20:30:00,2015-02-20 22:30:00,Dansstudio,9559
2015-02-21 19:00:00,2015-02-22 05:00:00,Balzaal,9109
2015-02-21 23:00:00,2015-02-22 06:00:00,Concertzaal,9283
2015-02-22 11:00:00,2015-02-22 13:00:00,Café,9359
2015-02-22 14:00:00,2015-02-22 15:30:00,Rondleidingen,8723
2015-02-22 14:00:00,2015-02-22 20:00:00,Café,9343
2015-02-22 14:30:00,2015-02-22 17:30:00,Theaterzaal,8157
2015-02-22 18:30:00,2015-02-23 01:00:00,Concertzaal,9397
2015-02-24 10:00:00,2015-02-24 18:00:00,Snoepwinkel,9742
2015-02-24 20:00:00,2015-02-24 22:15:00,Balzaal,8339
2015-02-24 20:00:00,2015-02-24 21:00:00,Blauwe Kamer,8899
2015-02-25 10:00:00,2015-02-25 18:00:00,Snoepwinkel,9742
2015-02-25 20:00:00,2015-02-25 20:50:00,Domzaal,8117
2015-02-25 20:00:00,2015-02-25 22:00:00,Balzaal,9561
2015-02-26 10:00:00,2015-02-26 17:30:00,Balzaal,9622
2015-02-26 10:00:00,2015-02-26 18:00:00,Snoepwinkel,9742
2015-02-26 20:00:00,2015-02-26 21:50:00,Theaterzaal,8149
2015-02-27 10:00:00,2015-02-27 12:30:00,Foyer Theaterzaal ,9660
2015-02-27 10:00:00,2015-02-27 18:00:00,Snoepwinkel,9742
2015-02-27 20:00:00,2015-02-27 21:30:00,"NTGent, Sint-Baafsplein 17",8467
2015-02-28 10:00:00,2015-02-28 18:00:00,Snoepwinkel,9742
2015-02-28 20:00:00,2015-02-28 21:30:00,"NTGent, Sint-Baafsplein 17",8467
2015-02-28 21:00:00,2015-03-01 03:00:00,Balzaal,9571
2015-02-28 23:00:00,2015-03-01 06:00:00,Concertzaal,9299
2015-03-01 10:00:00,2015-03-01 18:00:00,Snoepwinkel,9742
2015-03-02 10:00:00,2015-03-02 18:00:00,Snoepwinkel,9742
2015-03-03 10:00:00,2015-03-03 18:00:00,Snoepwinkel,9742
2015-03-03 20:00:00,2015-03-03 21:00:00,Blauwe Kamer,8899
2015-03-03 20:00:00,2015-03-03 21:30:00,Balzaal,9617
2015-03-04 10:00:00,2015-03-04 18:00:00,Snoepwinkel,9742
2015-03-04 20:00:00,2015-03-04 21:30:00,Minard,8151
2015-03-04 20:00:00,2015-03-04 22:00:00,Balzaal,9563
2015-03-04 20:00:00,2015-03-04 23:00:00,Foyer Theaterzaal ,9605
2015-03-05 10:00:00,2015-03-05 18:00:00,Snoepwinkel,9742
2015-03-05 13:30:00,2015-03-05 22:00:00,"deSingel, Antwerpen",9549
2015-03-05 19:30:00,2015-03-05 23:00:00,Balzaal,9658
2015-03-05 20:00:00,2015-03-05 21:30:00,Minard,8151
2015-03-06 10:00:00,2015-03-06 18:00:00,Snoepwinkel,9742
2015-03-06 13:30:00,2015-03-06 22:00:00,"deSingel, Antwerpen",9549
2015-03-06 20:00:00,2015-03-06 21:30:00,Minard,8151
2015-03-07 10:00:00,2015-03-07 18:00:00,Snoepwinkel,9742
2015-03-07 13:30:00,2015-03-07 22:00:00,"deSingel, Antwerpen",9549
2015-03-07 20:00:00,2015-03-07 21:30:00,Minard,8151
2015-03-07 22:00:00,2015-03-08 05:00:00,Balzaal,9756
2015-03-07 23:00:00,2015-03-08 06:00:00,Concertzaal,9555
2015-03-08 10:00:00,2015-03-08 18:00:00,Snoepwinkel,9742
2015-03-08 13:30:00,2015-03-08 22:00:00,"deSingel, Antwerpen",9549
2015-03-09 10:00:00,2015-03-09 18:00:00,Snoepwinkel,9742
2015-03-09 20:00:00,2015-03-09 22:00:00,Foyer Theaterzaal ,9694
2015-03-10 10:00:00,2015-03-10 18:00:00,Snoepwinkel,9742
2015-03-10 20:00:00,2015-03-10 21:00:00,Blauwe Kamer,8899
2015-03-11 10:00:00,2015-03-11 20:00:00,Op Locatie,9740
2015-03-11 10:00:00,2015-03-11 18:00:00,Snoepwinkel,9742
2015-03-12 10:00:00,2015-03-12 20:00:00,Op Locatie,9740
2015-03-12 10:00:00,2015-03-12 18:00:00,Snoepwinkel,9742
2015-03-12 17:00:00,2015-03-12 19:00:00,Op Locatie,9662
2015-03-12 17:00:00,2015-03-12 19:00:00,Op Locatie,9744
2015-03-12 20:00:00,2015-03-12 21:15:00,Domzaal,8319
2015-03-12 20:00:00,2015-03-12 21:30:00,Op Locatie,9754
2015-03-12 20:30:00,2015-03-12 22:00:00,Op Locatie,9519
2015-03-12 21:30:00,2015-03-12 22:30:00,Café,9613
2015-03-12 22:00:00,2015-03-13 05:00:00,Concertzaal,8797
2015-03-12 22:00:00,2015-03-13 04:00:00,Op Locatie,9752
2015-03-13 17:00:00,2015-03-13 19:00:00,Op Locatie,9662
2015-03-13 17:00:00,2015-03-13 19:00:00,Op Locatie,9744
2015-03-13 19:00:00,2015-03-13 22:00:00,Op Locatie,9529
2015-03-13 19:00:00,2015-03-13 22:00:00,Op Locatie,9740
2015-03-13 19:00:00,2015-03-13 22:00:00,Snoepwinkel,9742
2015-03-13 20:00:00,2015-03-13 21:15:00,Domzaal,8319
2015-03-13 20:30:00,2015-03-13 22:00:00,Op Locatie,9521
2015-03-13 22:00:00,2015-03-13 23:30:00,Op Locatie,9519
2015-03-13 22:00:00,2015-03-14 04:00:00,Op Locatie,9752
2015-03-13 22:00:00,2015-03-14 05:00:00,Balzaal,9790
2015-03-14 11:00:00,2015-03-14 17:30:00,Op Locatie,9696
2015-03-14 14:00:00,2015-03-14 20:00:00,Op Locatie,9529
2015-03-14 14:00:00,2015-03-14 20:00:00,Op Locatie,9740
2015-03-14 14:00:00,2015-03-14 20:00:00,Snoepwinkel,9742
2015-03-14 17:00:00,2015-03-14 18:30:00,Op Locatie,9523
2015-03-14 17:00:00,2015-03-14 19:00:00,Op Locatie,9662
2015-03-14 17:00:00,2015-03-14 19:00:00,Op Locatie,9744
2015-03-14 18:00:00,2015-03-14 19:00:00,Theaterzaal,9770
2015-03-14 19:00:00,2015-03-14 21:00:00,Domzaal,9535
2015-03-14 20:30:00,2015-03-14 22:00:00,Op Locatie,9521
2015-03-14 21:00:00,2015-03-14 23:00:00,Balzaal,9385
2015-03-14 22:00:00,2015-03-15 04:00:00,Op Locatie,9752
2015-03-15 11:00:00,2015-03-15 17:00:00,Op Locatie,9529
2015-03-15 11:00:00,2015-03-15 13:30:00,Balzaal,9642
2015-03-15 11:00:00,2015-03-15 17:30:00,Op Locatie,9696
2015-03-15 11:00:00,2015-03-15 17:00:00,Op Locatie,9740
2015-03-15 11:00:00,2015-03-15 20:30:00,Snoepwinkel,9742
2015-03-15 14:00:00,2015-03-15 15:30:00,Rondleidingen,8723
2015-03-15 14:00:00,2015-03-15 20:00:00,Café,9509
2015-03-16 10:00:00,2015-03-16 18:00:00,Snoepwinkel,9742
2015-03-16 20:00:00,2015-03-16 21:45:00,Theaterzaal,9668
2015-03-17 10:00:00,2015-03-17 18:00:00,Snoepwinkel,9742
2015-03-17 17:00:00,2015-03-17 19:00:00,Op Locatie,9662
2015-03-17 17:00:00,2015-03-17 19:00:00,Op Locatie,9744
2015-03-17 20:00:00,2015-03-17 21:00:00,Blauwe Kamer,8899
2015-03-17 20:00:00,2015-03-17 22:00:00,Theaterzaal,9541
2015-03-17 20:30:00,2015-03-17 22:00:00,Op Locatie,9521
2015-03-18 14:00:00,2015-03-18 15:00:00,Dansstudio,9644
2015-03-18 14:00:00,2015-03-18 17:30:00,Op Locatie,9696
2015-03-18 14:30:00,2015-03-18 16:30:00,Theaterzaal,9630
2015-03-18 15:00:00,2015-03-18 20:00:00,Op Locatie,9529
2015-03-18 15:00:00,2015-03-18 20:00:00,Op Locatie,9740
2015-03-18 15:00:00,2015-03-18 20:00:00,Snoepwinkel,9742
2015-03-18 17:00:00,2015-03-18 19:00:00,Op Locatie,9662
2015-03-18 17:30:00,2015-03-18 19:30:00,Op Locatie,9744
2015-03-18 18:00:00,2015-03-18 19:00:00,Theaterzaal,9770
2015-03-18 20:00:00,2015-03-18 21:15:00,Domzaal,9511
2015-03-18 20:00:00,2015-03-18 22:00:00,Theaterzaal,9565
2015-03-19 10:00:00,2015-03-19 18:00:00,Snoepwinkel,9742
2015-03-19 20:00:00,2015-03-19 21:15:00,Theaterzaal,9537
2015-03-19 20:30:00,2015-03-19 22:00:00,Op Locatie,9525
2015-03-19 20:30:00,2015-03-20 00:00:00,Balzaal,9621
2015-03-19 21:30:00,2015-03-20 05:00:00,Concertzaal,8981
2015-03-19 22:00:00,2015-03-19 00:00:00,Op Locatie,9662
2015-03-19 22:00:00,2015-03-20 00:00:00,Op Locatie,9744
2015-03-19 22:00:00,2015-03-20 04:00:00,Op Locatie,9752
2015-03-20 14:00:00,2015-03-20 22:00:00,Snoepwinkel,9742
2015-03-20 19:00:00,2015-03-20 22:00:00,Op Locatie,9529
2015-03-20 19:00:00,2015-03-20 22:00:00,Op Locatie,9740
2015-03-20 20:00:00,2015-03-20 21:15:00,Theaterzaal,9537
2015-03-20 20:30:00,2015-03-20 22:00:00,Op Locatie,9525
2015-03-20 21:30:00,2015-03-20 22:45:00,Domzaal,9513
2015-03-20 22:00:00,2015-03-20 00:00:00,Op Locatie,9662
2015-03-20 22:00:00,2015-03-21 00:00:00,Op Locatie,9744
2015-03-20 22:00:00,2015-03-21 04:00:00,Op Locatie,9752
2015-03-21 11:00:00,2015-03-21 17:30:00,Op Locatie,9696
2015-03-21 14:00:00,2015-03-21 20:00:00,Op Locatie,9529
2015-03-21 14:00:00,2015-03-21 20:00:00,Op Locatie,9740
2015-03-21 14:00:00,2015-03-21 20:00:00,Snoepwinkel,9742
2015-03-21 16:00:00,2015-03-21 18:00:00,Op Locatie,9662
2015-03-21 17:00:00,2015-03-21 19:00:00,Op Locatie,9744
2015-03-21 19:00:00,2015-03-21 20:30:00,Op Locatie,9527
2015-03-21 21:00:00,2015-03-21 22:45:00,Theaterzaal,9505
2015-03-21 22:00:00,2015-03-22 04:00:00,Balzaal,9752
2015-03-21 22:30:00,2015-03-22 06:00:00,Concertzaal,9557
2015-03-23 09:00:00,2015-03-23 17:00:00,Op Locatie,9740
2015-03-24 20:00:00,2015-03-24 21:00:00,Blauwe Kamer,8899
2015-03-25 22:00:00,2015-03-26 05:00:00,Concertzaal,8969
2015-03-26 20:00:00,2015-03-26 21:30:00,Theaterzaal,8341
2015-03-26 22:30:00,2015-03-27 07:00:00,Concertzaal,8799
2015-03-27 23:00:00,2015-03-28 05:00:00,Balzaal,8971
2015-03-28 14:00:00,2015-03-28 19:30:00,Diverse Zalen,9692
2015-03-28 23:00:00,2015-03-29 06:00:00,Concertzaal,9287
2015-03-29 09:00:00,2015-03-29 12:00:00,Concertzaal,9836
2015-03-29 11:00:00,2015-03-29 13:00:00,Café,9361
2015-03-29 13:00:00,2015-03-29 16:00:00,Op Locatie,9846
2015-03-29 14:00:00,2015-03-29 15:30:00,Rondleidingen,8723
2015-03-29 14:00:00,2015-03-29 20:00:00,Café,9345
2015-03-29 19:30:00,2015-03-29 22:15:00,Balzaal,9467
2015-03-31 20:00:00,2015-03-31 21:55:00,Balzaal,8343
2015-03-31 20:00:00,2015-03-31 21:00:00,Blauwe Kamer,8899
2015-04-01 07:00:00,2015-04-02 07:00:00,Brugzaal,8207
2015-04-01 20:00:00,2015-04-01 21:30:00,Theaterzaal,8207
2015-04-01 20:00:00,2015-04-01 22:00:00,Balzaal,9567
2015-04-01 20:30:00,2015-04-01 22:00:00,Domzaal,9750
2015-04-01 22:00:00,2015-04-02 05:00:00,Concertzaal,8803
2015-04-01 22:30:00,2015-04-02 07:00:00,Minard,9760
2015-04-02 07:00:00,2015-04-03 07:00:00,Brugzaal,8207
2015-04-02 13:30:00,2015-04-02 15:00:00,Op Locatie,9876
2015-04-02 19:30:00,2015-04-02 22:15:00,Balzaal,9539
2015-04-02 20:00:00,2015-04-02 21:30:00,Theaterzaal,8207
2015-04-02 20:00:00,2015-04-02 23:00:00,Minard,9762
2015-04-02 22:00:00,2015-04-03 05:00:00,Concertzaal,9818
2015-04-03 07:00:00,2015-04-04 07:00:00,Brugzaal,8207
2015-04-03 19:30:00,2015-04-03 23:00:00,Balzaal,9746
2015-04-03 20:00:00,2015-04-03 21:30:00,Theaterzaal,8207
2015-04-04 07:00:00,2015-04-05 07:00:00,Theaterzaal,8207
2015-04-04 21:00:00,2015-04-05 04:00:00,Concertzaal,9401
2015-04-04 22:00:00,2015-04-05 07:00:00,Minard,9764
2015-04-04 23:00:00,2015-04-05 05:00:00,Balzaal,8973
2015-04-07 18:30:00,2015-04-07 21:00:00,Café,9870
2015-04-08 19:30:00,2015-04-08 23:00:00,Balzaal,9706
2015-04-08 20:00:00,2015-04-08 23:00:00,Foyer Theaterzaal ,9607
2015-04-09 20:30:00,2015-04-10 03:00:00,Balzaal,9820
2015-04-09 21:30:00,2015-04-09 22:30:00,Café,9704
2015-04-10 19:30:00,2015-04-10 23:00:00,Concertzaal,9636
2015-04-10 20:00:00,2015-04-11 05:00:00,Balzaal,9303
2015-04-11 14:00:00,2015-04-11 18:00:00,Café,9303
2015-04-11 14:00:00,2015-04-11 18:00:00,Café,9573
2015-04-11 18:00:00,2015-04-12 05:00:00,Balzaal,9303
2015-04-11 20:00:00,2015-04-11 21:10:00,Theaterzaal,8193
2015-04-11 20:00:00,2015-04-12 05:00:00,Balzaal,9305
2015-04-12 14:00:00,2015-04-12 15:30:00,Rondleidingen,8723
2015-04-17 21:00:00,2015-04-18 05:00:00,Concertzaal,9832
2015-04-18 12:00:00,2015-04-18 18:50:00,Café,9734
2015-04-18 20:00:00,2015-04-18 21:50:00,Theaterzaal,8283
2015-04-18 20:00:00,2015-04-19 05:00:00,Balzaal,9822
2015-04-18 22:30:00,2015-04-19 06:00:00,Concertzaal,9289
2015-04-19 20:30:00,2015-04-19 23:30:00,Balzaal,9638
2015-04-21 20:00:00,2015-04-21 21:00:00,Blauwe Kamer,8899
2015-04-21 20:00:00,2015-04-21 22:00:00,Foyer Theaterzaal ,9830
2015-04-22 14:00:00,2015-04-22 17:00:00,Theaterzaal,9794
2015-04-22 14:00:00,2015-04-22 17:00:00,Theaterzaal,9810
2015-04-22 20:00:00,2015-04-22 21:00:00,Domzaal,8285
2015-04-23 20:00:00,2015-04-23 22:00:00,Theaterzaal,9794
2015-04-24 19:30:00,2015-04-24 19:45:00,Dansstudio,9872
2015-04-24 20:00:00,2015-04-24 20:50:00,Domzaal,8321
2015-04-24 20:00:00,2015-04-24 23:00:00,Balzaal,9672
2015-04-24 23:00:00,2015-04-25 05:00:00,Balzaal,9670
2015-04-25 19:30:00,2015-04-25 19:45:00,Dansstudio,9872
2015-04-25 20:00:00,2015-04-25 20:50:00,Domzaal,8321
2015-04-25 20:30:00,2015-04-25 22:00:00,Theaterzaal,9547
2015-04-25 22:00:00,2015-04-26 05:00:00,Balzaal,9307
2015-04-25 23:00:00,2015-04-26 06:00:00,Concertzaal,9291
2015-04-26 10:00:00,2015-04-26 18:00:00,Ticketbalie,9471
2015-04-26 11:00:00,2015-04-26 13:00:00,Café,9363
2015-04-28 13:00:00,2015-04-28 19:00:00,Wintertuin,9882
2015-04-28 13:30:00,2015-04-28 16:00:00,Domzaal,9828
2015-04-28 13:45:00,2015-04-28 16:00:00,Majolica,9882
2015-04-28 20:00:00,2015-04-28 22:15:00,Balzaal,8345
2015-04-28 20:00:00,2015-04-28 21:00:00,Blauwe Kamer,8899
2015-04-29 20:30:00,2015-04-29 22:30:00,Theaterzaal,9531
2015-04-30 15:00:00,2015-04-30 20:00:00,Mokabon & Antiekzolder,9730
2015-04-30 15:30:00,2015-04-30 20:15:00,Theaterzaal,9824
2015-04-30 19:00:00,2015-05-01 04:00:00,Concertzaal,9738
2015-04-30 19:30:00,2015-05-01 02:00:00,Concertzaal,9730
2015-05-02 11:00:00,2015-05-02 18:30:00,Ticketbalie,9918
2015-05-02 21:00:00,2015-05-03 03:00:00,Balzaal,9575
2015-05-02 23:00:00,2015-05-03 06:00:00,Concertzaal,9293
2015-05-03 07:00:00,2015-05-04 07:00:00,Theaterzaal,8817
2015-05-03 14:30:00,2015-05-03 15:30:00,Theaterzaal,8817
2015-05-03 14:30:00,2015-05-03 15:20:00,Theaterzaal,8941
2015-05-03 16:30:00,2015-05-03 17:30:00,Theaterzaal,8817
2015-05-03 20:30:00,2015-05-03 23:30:00,Balzaal,9772
2015-05-05 07:00:00,2015-05-06 07:00:00,Theaterzaal,8363
2015-05-05 20:00:00,2015-05-05 21:10:00,Minard,8361
2015-05-05 20:00:00,2015-05-05 21:00:00,Blauwe Kamer,8899
2015-05-06 07:00:00,2015-05-07 07:00:00,Theaterzaal,8363
2015-05-06 10:00:00,2015-05-06 11:30:00,Foyer Theaterzaal ,9916
2015-05-06 19:30:00,2015-05-07 01:00:00,Balzaal,9878
2015-05-06 20:00:00,2015-05-06 21:10:00,Minard,8361
2015-05-07 20:00:00,2015-05-07 21:45:00,Theaterzaal,8363
2015-05-07 20:00:00,2015-05-07 22:00:00,Balzaal,9796
2015-05-08 20:00:00,2015-05-08 21:45:00,Theaterzaal,8363
2015-05-08 21:00:00,2015-05-09 05:00:00,Balzaal,9736
2015-05-09 17:00:00,2015-05-09 20:00:00,Foyer Theaterzaal ,9894
2015-05-09 23:00:00,2015-05-10 05:00:00,Balzaal,9577
2015-05-10 12:45:00,2015-05-10 16:00:00,Domzaal,9898
2015-05-10 13:00:00,2015-05-10 16:00:00,Diverse Zalen,9914
2015-05-10 14:30:00,2015-05-10 16:00:00,Dansstudio,9900
2015-05-12 20:00:00,2015-05-12 21:00:00,Blauwe Kamer,8899
2015-05-13 19:30:00,2015-05-13 21:00:00,Foyer Theaterzaal ,9874
2015-05-13 20:00:00,2015-05-13 21:35:00,Balzaal,9798
2015-05-13 21:00:00,2015-05-13 22:15:00,Theaterzaal,8365
2015-05-14 19:00:00,2015-05-15 07:00:00,Minard,9788
2015-05-14 22:00:00,2015-05-15 05:00:00,Concertzaal,9808
2015-05-15 19:30:00,2015-05-16 01:00:00,Concertzaal,9708
2015-05-16 19:30:00,2015-05-16 23:15:00,Balzaal,9732
2015-05-16 19:30:00,2015-05-16 23:15:00,Balzaal,9886
2015-05-17 14:00:00,2015-05-17 15:30:00,Rondleidingen,8723
2015-05-17 14:00:00,2015-05-17 20:00:00,Café,9515
2015-05-17 20:15:00,2015-05-17 23:35:00,Balzaal,9896
2015-05-19 20:00:00,2015-05-19 21:30:00,"NTGent, Sint-Baafsplein 17",8469
2015-05-19 20:00:00,2015-05-19 21:00:00,Blauwe Kamer,8899
2015-05-20 20:00:00,2015-05-20 21:30:00,"NTGent, Sint-Baafsplein 17",8469
2015-05-20 20:00:00,2015-05-20 22:00:00,Balzaal,9800
2015-05-20 20:00:00,2015-05-20 22:00:00,Theaterzaal,9802
2015-05-21 19:00:00,2015-05-21 20:30:00,Theaterzaal,10039
2015-05-21 20:30:00,2015-05-21 22:30:00,Balzaal,10039
2015-05-21 21:00:00,2015-05-22 00:00:00,Concertzaal,10037
2015-05-21 21:00:00,2015-05-22 00:00:00,Concertzaal,10039
2015-05-22 19:30:00,2015-05-23 01:00:00,Balzaal,9786
2015-05-23 20:00:00,2015-05-23 22:00:00,Theaterzaal,8367
2015-05-24 14:00:00,2015-05-24 15:30:00,Rondleidingen,8723
2015-05-24 15:00:00,2015-05-24 18:00:00,Theaterzaal,8367
2015-05-26 20:00:00,2015-05-26 22:00:00,Theaterzaal,8369
2015-05-26 20:00:00,2015-05-26 21:00:00,Blauwe Kamer,8899
2015-05-27 07:00:00,2015-05-28 07:00:00,Brugzaal,8727
2015-05-27 20:00:00,2015-05-27 21:30:00,Theaterzaal,8207
2015-05-27 20:00:00,2015-05-27 21:30:00,Theaterzaal,8727
2015-05-28 07:00:00,2015-05-29 07:00:00,Brugzaal,8727
2015-05-28 20:00:00,2015-05-28 21:30:00,Theaterzaal,8207
2015-05-28 20:00:00,2015-05-28 22:30:00,Theaterzaal,8371
2015-05-29 07:00:00,2015-05-30 07:00:00,Brugzaal,8727
2015-05-29 20:00:00,2015-05-29 21:30:00,Theaterzaal,8207
2015-05-29 20:00:00,2015-05-29 22:30:00,Theaterzaal,8371
2015-05-29 20:30:00,2015-05-29 22:00:00,Dansstudio,9792
2015-05-30 07:00:00,2015-05-31 07:00:00,Brugzaal,8727
2015-05-30 20:00:00,2015-05-30 21:30:00,Theaterzaal,8207
2015-05-30 20:00:00,2015-05-30 22:30:00,Theaterzaal,8371
2015-05-30 21:15:00,2015-05-31 03:00:00,Balzaal,9956
2015-05-31 11:00:00,2015-05-31 13:00:00,Café,9365
2015-05-31 20:30:00,2015-05-31 22:45:00,Balzaal,9640
2015-06-02 09:00:00,2015-06-02 18:00:00,Domzaal,9646
2015-06-02 20:00:00,2015-06-02 22:00:00,Minard,8373
2015-06-02 20:00:00,2015-06-02 21:00:00,Blauwe Kamer,8899
2015-06-02 20:00:00,2015-06-02 21:45:00,Theaterzaal,9812
2015-06-03 20:00:00,2015-06-03 22:00:00,Minard,8373
2015-06-03 20:00:00,2015-06-03 22:00:00,Domzaal,9646
2015-06-03 20:00:00,2015-06-03 21:40:00,Domzaal,9646
2015-06-04 20:00:00,2015-06-04 22:00:00,Minard,8373
2015-06-04 20:00:00,2015-06-04 21:40:00,Domzaal,9646
2015-06-05 20:00:00,2015-06-05 22:00:00,Minard,8373
2015-06-06 14:00:00,2015-06-06 18:00:00,Op Locatie,10140
2015-06-06 20:00:00,2015-06-06 22:00:00,Minard,8373
2015-06-07 14:00:00,2015-06-07 15:30:00,Rondleidingen,8723
2015-06-09 20:00:00,2015-06-09 21:00:00,Blauwe Kamer,8899
2015-06-10 21:30:00,2015-06-10 22:30:00,Café,9748
2015-06-12 19:00:00,2015-06-12 21:00:00,Op Locatie,9880
2015-06-12 20:30:00,2015-06-13 03:00:00,Balzaal,9888
2015-06-14 14:00:00,2015-06-14 15:30:00,Rondleidingen,8723
2015-06-15 19:00:00,2015-06-15 22:30:00,Balzaal,10035
2015-06-16 20:00:00,2015-06-16 21:00:00,Blauwe Kamer,8899
2015-06-20 23:00:00,2015-06-21 06:00:00,Concertzaal,9295
2015-06-23 18:00:00,2015-06-23 20:15:00,Theaterzaal,9902
2015-06-23 18:00:00,2015-06-23 20:15:00,Foyer Theaterzaal ,10249
2015-06-23 20:00:00,2015-06-23 21:00:00,Blauwe Kamer,8899
2015-06-25 22:00:00,2015-06-26 05:00:00,Concertzaal,9989
2015-06-26 21:30:00,2015-06-26 22:30:00,Café,10041
2015-06-26 23:00:00,2015-06-27 06:00:00,Concertzaal,9583
2015-06-27 22:00:00,2015-06-28 06:00:00,Concertzaal,9585
2015-06-27 23:00:00,2015-06-28 05:00:00,Balzaal,9587
2015-06-28 11:00:00,2015-06-28 13:00:00,Café,9367
2015-06-30 20:00:00,2015-06-30 21:00:00,Blauwe Kamer,8899
2015-07-03 19:30:00,2015-07-03 23:00:00,Balzaal,9890
2015-07-04 14:00:00,2015-07-04 18:00:00,Op Locatie,10140
2015-07-17 14:00:00,2015-07-17 19:00:00,Op Locatie,10261
2015-07-17 20:00:00,2015-07-17 22:00:00,Theaterzaal,10049
2015-07-17 20:15:00,2015-07-17 21:45:00,Domzaal,10051
2015-07-17 23:00:00,2015-07-18 07:00:00,Concertzaal,10199
2015-07-18 10:00:00,2015-07-18 18:00:00,Op Locatie,10241
2015-07-18 10:00:00,2015-07-18 18:00:00,Op Locatie,10255
2015-07-18 14:00:00,2015-07-18 15:45:00,Vooruit,10029
2015-07-18 14:00:00,2015-07-18 19:00:00,Op Locatie,10261
2015-07-18 16:00:00,2015-07-18 17:45:00,Vooruit,10029
2015-07-18 20:00:00,2015-07-18 23:00:00,Foyer Theaterzaal ,10237
2015-07-18 20:00:00,2015-07-18 23:00:00,Foyer Theaterzaal ,10237
2015-07-18 20:15:00,2015-07-20 21:45:00,Domzaal,10051
2015-07-18 20:15:00,2015-07-18 21:45:00,Balzaal,10053
2015-07-18 23:00:00,2015-07-19 08:00:00,Concertzaal,10201
2015-07-19 10:00:00,2015-07-19 18:00:00,Op Locatie,10241
2015-07-19 10:00:00,2015-07-19 18:00:00,Op Locatie,10255
2015-07-19 14:00:00,2015-07-19 15:45:00,Vooruit,10029
2015-07-19 14:00:00,2015-07-19 19:00:00,Op Locatie,10261
2015-07-19 14:30:00,2015-07-19 16:30:00,Snoepwinkel,10313
2015-07-19 16:00:00,2015-07-19 17:45:00,Vooruit,10029
2015-07-19 20:00:00,2015-07-19 21:30:00,Theaterzaal,10055
2015-07-19 20:15:00,2015-07-19 21:45:00,Domzaal,10051
2015-07-19 23:00:00,2015-07-20 07:00:00,Concertzaal,10203
2015-07-20 10:00:00,2015-07-20 18:00:00,Op Locatie,10241
2015-07-20 10:00:00,2015-07-20 18:00:00,Op Locatie,10255
2015-07-20 14:00:00,2015-07-20 15:45:00,Vooruit,10029
2015-07-20 14:00:00,2015-07-20 19:00:00,Op Locatie,10261
2015-07-20 14:30:00,2015-07-20 16:30:00,Snoepwinkel,10315
2015-07-20 16:00:00,2015-07-20 17:45:00,Vooruit,10029
2015-07-20 20:00:00,2015-07-20 23:00:00,Foyer Theaterzaal ,10237
2015-07-20 20:00:00,2015-07-20 23:00:00,Foyer Theaterzaal ,10237
2015-07-20 20:15:00,2015-07-20 21:45:00,Domzaal,10051
2015-07-20 20:15:00,2015-07-20 21:15:00,Balzaal,10073
2015-07-20 20:15:00,2015-07-20 21:15:00,Balzaal,10073
2015-07-20 23:00:00,2015-07-21 08:00:00,Concertzaal,10205
2015-07-21 10:00:00,2015-07-21 18:00:00,Op Locatie,10241
2015-07-21 10:00:00,2015-07-21 18:00:00,Op Locatie,10255
2015-07-21 14:00:00,2015-07-21 15:45:00,Vooruit,10029
2015-07-21 14:00:00,2015-07-21 19:00:00,Op Locatie,10261
2015-07-21 14:30:00,2015-07-21 16:30:00,Snoepwinkel,10317
2015-07-21 16:00:00,2015-07-21 17:45:00,Vooruit,10029
2015-07-21 20:00:00,2015-07-21 21:30:00,Theaterzaal,10057
2015-07-21 20:15:00,2015-07-21 22:00:00,Domzaal,10059
2015-07-21 20:15:00,2015-07-21 21:15:00,Balzaal,10073
2015-07-21 20:15:00,2015-07-21 21:15:00,Balzaal,10073
2015-07-21 20:15:00,2015-07-21 21:15:00,Balzaal,10073
2015-07-22 14:00:00,2015-07-22 15:45:00,Vooruit,10029
2015-07-22 14:00:00,2015-07-22 19:00:00,Op Locatie,10261
2015-07-22 14:30:00,2015-07-22 16:30:00,Snoepwinkel,10319
2015-07-22 16:00:00,2015-07-22 17:45:00,Vooruit,10029
2015-07-22 20:00:00,2015-07-22 22:00:00,Theaterzaal,10061
2015-07-22 23:00:00,2015-07-23 07:00:00,Concertzaal,10209
2015-07-23 14:00:00,2015-07-23 15:45:00,Vooruit,10029
2015-07-23 14:00:00,2015-07-23 19:00:00,Op Locatie,10261
2015-07-23 14:30:00,2015-07-23 16:30:00,Snoepwinkel,10321
2015-07-23 16:00:00,2015-07-23 17:45:00,Vooruit,10029
2015-07-23 20:00:00,2015-07-23 23:00:00,Foyer Theaterzaal ,10237
2015-07-23 20:00:00,2015-07-23 23:00:00,Foyer Theaterzaal ,10237
2015-07-23 20:15:00,2015-07-23 21:50:00,Domzaal,10063
2015-07-23 20:15:00,2015-07-23 21:45:00,Balzaal,10065
2015-07-23 23:00:00,2015-07-24 07:00:00,Concertzaal,10211
2015-07-24 14:00:00,2015-07-24 15:45:00,Vooruit,10029
2015-07-24 14:00:00,2015-07-24 22:00:00,Op Locatie,10261
2015-07-24 14:30:00,2015-07-24 16:30:00,Snoepwinkel,10323
2015-07-24 16:00:00,2015-07-24 17:45:00,Vooruit,10029
2015-07-24 20:00:00,2015-07-24 22:00:00,Theaterzaal,10069
2015-07-24 20:15:00,2015-07-24 21:30:00,Balzaal,10067
2015-07-24 20:15:00,2015-07-24 21:15:00,Domzaal,10071
2015-07-24 23:00:00,2015-07-25 07:00:00,Concertzaal,10213
2015-07-25 14:00:00,2015-07-25 15:45:00,Vooruit,10029
2015-07-25 14:00:00,2015-07-25 19:00:00,Op Locatie,10261
2015-07-25 14:30:00,2015-07-25 16:30:00,Snoepwinkel,10325
2015-07-25 16:00:00,2015-07-25 17:45:00,Vooruit,10029
2015-07-25 20:15:00,2015-07-25 21:15:00,Balzaal,10073
2015-07-25 20:30:00,2015-07-25 21:30:00,Domzaal,10071
2015-07-25 23:00:00,2015-07-26 07:00:00,Concertzaal,10215
2015-07-26 14:00:00,2015-07-26 15:45:00,Vooruit,10029
2015-07-26 14:00:00,2015-07-26 19:00:00,Op Locatie,10261
2015-07-26 14:30:00,2015-07-26 16:30:00,Snoepwinkel,10327
2015-07-26 16:00:00,2015-07-26 17:45:00,Vooruit,10029
2015-07-26 20:00:00,2015-07-26 23:00:00,Foyer Theaterzaal ,10237
2015-07-26 20:00:00,2015-07-26 23:00:00,Foyer Theaterzaal ,10237
2015-07-26 20:15:00,2015-07-26 21:45:00,Domzaal,10075
2015-07-26 20:15:00,2015-07-26 22:00:00,Balzaal,10077
2015-07-26 23:00:00,2015-07-27 14:00:00,Concertzaal,10217
2015-08-22 14:00:00,2015-08-22 18:00:00,Op Locatie,10140
2015-08-28 12:00:00,2015-08-28 22:00:00,Café,10347
2015-08-29 12:00:00,2015-08-29 22:00:00,Café,10347
2015-08-29 23:00:00,2015-08-30 05:00:00,Balzaal,9774
2015-08-30 12:00:00,2015-08-30 22:00:00,Café,10347
2015-09-01 20:00:00,2015-09-01 21:20:00,Theaterzaal,10373
2015-09-05 21:00:00,2015-09-06 03:00:00,Balzaal,9906
2015-09-05 22:30:00,2015-09-06 06:00:00,Concertzaal,9838
2015-09-08 20:00:00,2015-09-08 21:30:00,Theaterzaal,10099
2015-09-12 14:00:00,2015-09-12 18:15:00,Theaterzaal,10355
2015-09-12 23:00:00,2015-09-13 06:00:00,Concertzaal,9840
2015-09-13 10:00:00,2015-09-13 18:00:00,Theaterzaal,10383
2015-09-13 14:00:00,2015-09-13 18:00:00,Op Locatie,10140
2015-09-14 20:00:00,2015-09-14 21:00:00,Blauwe Kamer,10403
2015-09-16 20:00:00,2015-09-16 22:00:00,Balzaal,10101
2015-09-17 20:30:00,2015-09-17 22:00:00,Op Locatie,10157
2015-09-19 20:30:00,2015-09-20 00:00:00,Balzaal,10195
2015-09-19 23:00:00,2015-09-20 06:00:00,Concertzaal,9842
2015-09-20 07:00:00,2015-09-21 07:00:00,Theaterzaal,10144
2015-09-20 14:00:00,2015-09-20 20:00:00,Café,10437
2015-09-22 19:00:00,2015-09-22 22:00:00,Domzaal,10385
2015-09-22 20:00:00,2015-09-22 21:10:00,Theaterzaal,9936
2015-09-23 13:00:00,2015-09-23 17:00:00,Andere locatie,9940
2015-09-24 18:00:00,2015-09-24 23:00:00,Andere locatie,9940
2015-09-24 19:00:00,2015-09-24 20:30:00,Op Locatie,10337
2015-09-24 20:00:00,2015-09-24 21:10:00,Theaterzaal,9936
2015-09-24 22:00:00,2015-09-24 23:00:00,Café,10329
2015-09-24 22:00:00,2015-09-24 23:00:00,Café,10331
2015-09-25 18:00:00,2015-09-25 23:00:00,Andere locatie,9940
2015-09-25 20:00:00,2015-09-25 21:00:00,Theaterzaal,9936
2015-09-25 20:00:00,2015-09-25 23:00:00,Domzaal,9942
2015-09-25 20:00:00,2015-09-25 21:00:00,Minard,10047
2015-09-26 14:00:00,2015-09-26 19:00:00,Andere locatie,9940
2015-09-26 14:00:00,2015-09-26 15:00:00,Minard,10047
2015-09-26 17:00:00,2015-09-26 18:00:00,Minard,10047
2015-09-26 20:00:00,2015-09-26 21:10:00,Theaterzaal,9936
2015-09-26 20:00:00,2015-09-26 23:00:00,Domzaal,9942
2015-09-26 22:00:00,2015-09-27 06:00:00,Concertzaal,9844
2015-09-26 23:00:00,2015-09-27 05:00:00,Balzaal,9776
2015-09-27 14:00:00,2015-09-27 15:00:00,Minard,10047
2015-09-27 17:00:00,2015-09-27 18:00:00,Minard,10047
2015-09-28 20:00:00,2015-09-28 21:00:00,Blauwe Kamer,10403
2015-09-29 20:00:00,2015-09-29 22:00:00,Theaterzaal,10365
2015-09-29 22:00:00,2015-09-30 05:00:00,Concertzaal,9961
2015-09-30 10:00:00,2015-09-30 11:00:00,Minard,10047
2015-09-30 10:00:00,2015-09-30 11:00:00,Minard,10193
2015-09-30 15:00:00,2015-09-30 16:00:00,Minard,10047
2015-09-30 20:00:00,2015-09-30 22:00:00,Dansstudio,10409
2015-09-30 20:30:00,2015-09-30 22:30:00,Foyer Theaterzaal ,10187
2015-09-30 22:00:00,2015-10-01 05:00:00,Concertzaal,10132
2015-10-01 10:00:00,2015-10-01 11:00:00,Minard,10047
2015-10-01 10:00:00,2015-10-01 11:00:00,Minard,10193
2015-10-01 19:00:00,2015-10-01 22:00:00,Foyer Theaterzaal ,10357
2015-10-01 19:30:00,2015-10-02 01:00:00,Balzaal,10146
2015-10-01 22:30:00,2015-10-02 05:00:00,Concertzaal,9850
2015-10-02 10:00:00,2015-10-02 17:00:00,Foyer Theaterzaal ,10357
2015-10-02 14:00:00,2015-10-02 15:00:00,Minard,10047
2015-10-02 14:00:00,2015-10-02 15:00:00,Minard,10193
2015-10-02 20:00:00,2015-10-02 21:00:00,Minard,10047
2015-10-02 20:30:00,2015-10-03 04:00:00,Balzaal,10221
2015-10-02 22:00:00,2015-10-03 06:00:00,Concertzaal,10027
2015-10-03 10:00:00,2015-10-03 17:00:00,Foyer Theaterzaal ,10357
2015-10-03 14:00:00,2015-10-03 15:00:00,Minard,10047
2015-10-03 17:00:00,2015-10-03 18:00:00,Minard,10047
2015-10-03 22:00:00,2015-10-04 05:00:00,Balzaal,9908
2015-10-03 23:00:00,2015-10-04 06:00:00,Concertzaal,9852
2015-10-04 14:00:00,2015-10-04 15:30:00,Rondleidingen,10505
2015-10-04 15:30:00,2015-10-04 17:45:00,Theaterzaal,10225
2015-10-04 18:00:00,2015-10-05 01:00:00,Balzaal,10391
2015-10-04 20:00:00,2015-10-05 03:00:00,Concertzaal,10435
2015-10-06 19:30:00,2015-10-07 01:00:00,Balzaal,10097
2015-10-06 20:00:00,2015-10-06 22:00:00,Theaterzaal,10103
2015-10-06 22:00:00,2015-10-07 05:00:00,Concertzaal,10134
2015-10-07 20:00:00,2015-10-07 21:30:00,Domzaal,10079
2015-10-07 21:30:00,2015-10-07 22:30:00,Café,10349
2015-10-08 19:00:00,2015-10-08 19:45:00,Foyer Theaterzaal ,10449
2015-10-08 20:00:00,2015-10-08 21:30:00,Domzaal,10079
2015-10-08 20:00:00,2015-10-08 21:30:00,"NTGent, Sint-Baafsplein 17",10161
2015-10-08 20:00:00,2015-10-08 22:15:00,Theaterzaal,10353
2015-10-08 21:00:00,2015-10-09 01:00:00,Balzaal,10239
2015-10-08 22:00:00,2015-10-09 05:00:00,Concertzaal,10136
2015-10-09 19:30:00,2015-10-09 23:00:00,Concertzaal,10043
2015-10-09 20:00:00,2015-10-09 21:30:00,Domzaal,10079
2015-10-10 14:00:00,2015-10-10 18:00:00,Snoepwinkel,10140
2015-10-10 19:00:00,2015-10-10 22:15:00,Theaterzaal,10333
2015-10-10 20:00:00,2015-10-10 21:30:00,Domzaal,10079
2015-10-10 23:00:00,2015-10-11 06:00:00,Concertzaal,9854
2015-10-10 23:00:00,2015-10-11 05:00:00,Balzaal,9910
2015-10-11 10:00:00,2015-10-11 16:00:00,Op Locatie,10463
2015-10-11 15:00:00,2015-10-11 16:00:00,Theaterzaal,10251
2015-10-12 20:00:00,2015-10-12 21:00:00,Blauwe Kamer,10403
2015-10-13 07:00:00,2015-10-14 07:00:00,Op Locatie,10417
2015-10-13 21:00:00,2015-10-13 22:48:00,Theaterzaal,10375
2015-10-13 22:45:00,2015-10-14 03:30:00,Balzaal,10439
2015-10-14 17:30:00,2015-10-14 19:30:00,Domzaal,9948
2015-10-14 20:00:00,2015-10-14 22:30:00,Balzaal,10307
2015-10-14 20:00:00,2015-10-14 22:00:00,Op Locatie,10417
2015-10-14 20:00:00,2015-10-14 22:15:00,Theaterzaal,10451
2015-10-14 22:00:00,2015-10-15 05:00:00,Concertzaal,10138
2015-10-15 19:30:00,2015-10-15 22:45:00,Theaterzaal,10453
2015-10-15 20:00:00,2015-10-15 22:00:00,Domzaal,9948
2015-10-15 20:00:00,2015-10-15 22:15:00,Op Locatie,10417
2015-10-15 22:00:00,2015-10-16 05:00:00,Concertzaal,9920
2015-10-16 19:00:00,2015-10-16 19:30:00,Theaterzaal,10411
2015-10-16 20:00:00,2015-10-16 22:00:00,Op Locatie,10417
2015-10-16 20:30:00,2015-10-16 23:00:00,Theaterzaal,10455
2015-10-17 07:00:00,2015-10-18 07:00:00,Op Locatie,10417
2015-10-17 20:00:00,2015-10-17 22:15:00,Theaterzaal,10309
2015-10-17 22:30:00,2015-10-18 06:00:00,Concertzaal,9856
2015-10-18 07:00:00,2015-10-19 07:00:00,Op Locatie,10417
2015-10-18 14:00:00,2015-10-18 15:30:00,Rondleidingen,10505
2015-10-18 20:00:00,2015-10-18 21:35:00,Theaterzaal,10457
2015-10-19 07:00:00,2015-10-20 07:00:00,Op Locatie,10417
2015-10-19 20:00:00,2015-10-19 22:30:00,Theaterzaal,10459
2015-10-20 07:00:00,2015-10-21 07:00:00,Op Locatie,10417
2015-10-20 20:00:00,2015-10-20 22:00:00,Theaterzaal,10155
2015-10-21 07:00:00,2015-10-22 07:00:00,Op Locatie,10417
2015-10-21 20:00:00,2015-10-21 22:00:00,Theaterzaal,10461
2015-10-21 20:30:00,2015-10-21 22:30:00,Balzaal,10311
2015-10-21 22:00:00,2015-10-22 05:00:00,Concertzaal,9904
2015-10-22 07:00:00,2015-10-23 07:00:00,Op Locatie,10417
2015-10-22 19:00:00,2015-10-22 22:30:00,Theaterzaal,10367
2015-10-22 20:00:00,2015-10-22 22:15:00,Balzaal,10169
2015-10-22 22:00:00,2015-10-23 05:00:00,Concertzaal,10253
2015-10-23 07:00:00,2015-10-24 07:00:00,Op Locatie,10417
2015-10-23 18:00:00,2015-10-23 23:30:00,Domzaal,9950
2015-10-23 18:00:00,2015-10-23 18:30:00,Dansstudio,9950
2015-10-23 18:30:00,2015-10-23 19:00:00,Dansstudio,9950
2015-10-23 19:00:00,2015-10-23 19:30:00,Dansstudio,9950
2015-10-23 19:30:00,2015-10-23 23:10:00,Theaterzaal,10441
2015-10-23 19:30:00,2015-10-24 01:00:00,Balzaal,10485
2015-10-23 20:30:00,2015-10-23 21:00:00,Dansstudio,9950
2015-10-23 21:00:00,2015-10-23 21:30:00,Dansstudio,9950
2015-10-23 22:00:00,2015-10-23 22:30:00,Dansstudio,9950
2015-10-23 22:30:00,2015-10-23 23:00:00,Dansstudio,9950
2015-10-23 23:00:00,2015-10-23 23:30:00,Dansstudio,9950
2015-10-24 07:00:00,2015-10-25 07:00:00,Op Locatie,10417
2015-10-24 15:00:00,2015-10-24 20:30:00,Domzaal,9950
2015-10-24 15:00:00,2015-10-24 15:30:00,Dansstudio,9950
2015-10-24 15:00:00,2015-10-24 16:00:00,Theaterzaal,9952
2015-10-24 15:30:00,2015-10-24 16:00:00,Dansstudio,9950
2015-10-24 16:00:00,2015-10-24 16:30:00,Dansstudio,9950
2015-10-24 17:30:00,2015-10-24 18:00:00,Dansstudio,9950
2015-10-24 18:00:00,2015-10-24 18:30:00,Dansstudio,9950
2015-10-24 19:00:00,2015-10-24 19:30:00,Dansstudio,9950
2015-10-24 19:30:00,2015-10-24 20:00:00,Dansstudio,9950
2015-10-24 20:00:00,2015-10-24 20:30:00,Dansstudio,9950
2015-10-24 20:30:00,2015-10-24 22:30:00,Theaterzaal,10445
2015-10-24 22:30:00,2015-10-25 04:00:00,Balzaal,10443
2015-10-24 23:00:00,2015-10-25 06:00:00,Concertzaal,9858
2015-10-25 15:00:00,2015-10-25 16:00:00,Theaterzaal,9952
2015-10-25 19:30:00,2015-10-26 01:00:00,Balzaal,9922
2015-10-26 20:00:00,2015-10-26 21:00:00,Blauwe Kamer,10403
2015-10-27 20:00:00,2015-10-27 23:00:00,Foyer Theaterzaal ,10547
2015-10-28 19:30:00,2015-10-29 01:00:00,Balzaal,10109
2015-10-28 20:30:00,2015-10-28 22:30:00,Foyer Theaterzaal ,10369
2015-10-29 09:00:00,2015-10-29 17:00:00,Diverse Zalen,10263
2015-10-29 20:00:00,2015-10-29 21:50:00,Theaterzaal,9944
2015-10-29 20:15:00,2015-10-29 23:00:00,Balzaal,10359
2015-10-30 19:30:00,2015-10-30 23:00:00,Balzaal,9946
2015-10-30 20:00:00,2015-10-30 21:50:00,Theaterzaal,9944
2015-10-30 21:00:00,2015-10-31 04:00:00,Concertzaal,9884
2015-10-31 20:00:00,2015-10-31 21:50:00,Theaterzaal,9944
2015-10-31 21:00:00,2015-11-01 05:00:00,Balzaal,9924
2015-10-31 23:00:00,2015-11-01 06:00:00,Concertzaal,9860
2015-11-01 14:00:00,2015-11-01 15:30:00,Rondleidingen,10505
2015-11-01 20:00:00,2015-11-01 23:30:00,"deSingel, Antwerpen",10567
2015-11-02 19:00:00,2015-11-02 22:00:00,Minard,10257
2015-11-03 16:30:00,2015-11-03 18:00:00,Op Locatie,10569
2015-11-03 20:00:00,2015-11-03 21:20:00,Domzaal,10107
2015-11-04 20:00:00,2015-11-04 22:40:00,Balzaal,10171
2015-11-04 20:30:00,2015-11-04 22:30:00,Theaterzaal,10343
2015-11-05 19:30:00,2015-11-06 01:00:00,Concertzaal,10377
2015-11-05 20:00:00,2015-11-05 22:00:00,Balzaal,10499
2015-11-06 20:30:00,2015-11-06 22:45:00,Balzaal,10351
2015-11-07 19:00:00,2015-11-08 05:00:00,Balzaal,10487
2015-11-07 19:00:00,2000-11-08 04:00:00,Balzaal,10489
2015-11-07 19:00:00,2015-11-08 05:00:00,Theaterzaal & Balzaal,10493
2015-11-07 19:30:00,2015-11-07 23:00:00,Theaterzaal,10489
2015-11-07 22:00:00,2015-11-08 06:00:00,Concertzaal,9862
2015-11-08 10:00:00,2015-11-08 19:00:00,Domzaal,10511
2015-11-09 19:00:00,2015-11-09 23:30:00,Minard,10379
2015-11-09 20:00:00,2015-11-09 21:00:00,Blauwe Kamer,10403
2015-11-10 20:00:00,2015-11-10 22:15:00,Balzaal,10481
2015-11-10 20:00:00,2015-11-11 00:00:00,Concertzaal,10559
2015-11-11 19:00:00,2015-11-11 22:00:00,Minard,9778
2015-11-11 20:00:00,2015-11-11 21:10:00,Domzaal,9954
2015-11-12 20:00:00,2015-11-12 21:10:00,Domzaal,9954
2015-11-12 20:00:00,2015-11-12 21:20:00,Minard,10081
2015-11-12 22:00:00,2015-11-13 05:00:00,Concertzaal,9926
2015-11-13 20:00:00,2015-11-13 21:20:00,Minard,10081
2015-11-13 21:00:00,2015-11-14 05:00:00,Balzaal,10501
2015-11-13 22:00:00,2015-11-14 05:00:00,Concertzaal,10335
2015-11-14 22:00:00,2015-11-15 06:00:00,Concertzaal,9780
2015-11-14 22:00:00,2015-11-15 05:00:00,Balzaal,10227
2015-11-15 14:00:00,2015-11-15 20:00:00,Café,10437
2015-11-15 14:00:00,2015-11-15 15:30:00,Rondleidingen,10505
2015-11-16 19:00:00,2015-11-16 23:00:00,Foyer Theaterzaal ,10573
2015-11-17 09:00:00,2015-11-17 15:55:00,Concertzaal,10553
2015-11-17 09:30:00,2015-11-17 23:30:00,Diverse Zalen,10491
2015-11-17 09:30:00,2015-11-17 16:55:00,Theaterzaal,10551
2015-11-17 10:45:00,2015-11-17 15:55:00,Balzaal,10557
2015-11-17 11:15:00,2015-11-17 15:25:00,Domzaal,10555
2015-11-18 09:00:00,2015-11-18 15:55:00,Concertzaal,10553
2015-11-18 09:30:00,2015-11-18 23:30:00,Diverse Zalen,10491
2015-11-18 09:30:00,2015-11-18 16:55:00,Theaterzaal,10551
2015-11-18 10:45:00,2015-11-18 15:55:00,Balzaal,10557
2015-11-18 11:15:00,2015-11-18 15:25:00,Domzaal,10555
2015-11-19 21:30:00,2015-11-19 22:30:00,Café,10483
2015-11-19 22:00:00,2015-11-20 05:00:00,Concertzaal,10223
2015-11-20 19:30:00,2015-11-20 22:45:00,Concertzaal,10299
2015-11-20 23:00:00,2015-11-21 05:00:00,Balzaal,9928
2015-11-21 21:00:00,2015-11-22 03:00:00,Balzaal,9912
2015-11-21 22:00:00,2015-11-22 06:00:00,Concertzaal,9864
2015-11-22 14:00:00,2015-11-22 15:00:00,Theaterzaal,10083
2015-11-22 15:30:00,2015-11-22 23:00:00,Concertzaal,9930
2015-11-22 19:30:00,2015-11-23 01:00:00,Balzaal,10153
2015-11-23 20:00:00,2015-11-23 21:00:00,Blauwe Kamer,10403
2015-11-24 20:00:00,2015-11-24 22:00:00,Balzaal,10173
2015-11-24 20:00:00,2015-11-24 23:00:00,Foyer Theaterzaal ,10561
2015-11-25 20:00:00,2015-11-25 20:55:00,Domzaal,9963
2015-11-25 20:00:00,2015-11-25 21:45:00,Minard,10085
2015-11-25 20:30:00,2015-11-25 22:30:00,Foyer Theaterzaal ,10467
2015-11-26 20:00:00,2015-11-26 21:45:00,Minard,10085
2015-11-26 22:00:00,2015-11-27 05:00:00,Concertzaal,10589
2015-11-28 14:00:00,2015-11-28 18:15:00,Domzaal,10301
2015-11-28 14:00:00,2015-11-29 03:00:00,Balzaal & Domzaal,10305
2015-11-28 20:00:00,2015-11-29 03:00:00,Balzaal,10303
2015-11-28 20:00:00,2015-11-29 03:00:00,Balzaal,10305
2015-11-28 22:30:00,2015-11-29 06:00:00,Concertzaal,9932
2015-11-29 14:00:00,2015-11-29 15:30:00,Rondleidingen,10505
2015-11-29 18:00:00,2015-11-30 03:00:00,Café,10395
2015-11-29 18:45:00,2015-11-29 23:30:00,Foyer Theaterzaal ,10393
2015-11-29 18:45:00,2015-11-29 23:15:00,Theaterzaal,10401
2015-11-29 19:30:00,2015-11-30 00:30:00,Balzaal,10399
2015-11-29 20:30:00,2015-11-29 23:00:00,Domzaal,10397
2015-12-01 19:30:00,2015-12-01 21:00:00,Foyer Theaterzaal ,10611
2015-12-04 20:00:00,2015-12-04 21:05:00,Theaterzaal,10111
2015-12-04 20:30:00,2015-12-05 01:00:00,Concertzaal,10339
2015-12-05 21:00:00,2015-12-06 05:00:00,Balzaal,9934
2015-12-05 23:00:00,2015-12-06 06:00:00,Concertzaal,10563
2015-12-06 19:30:00,2015-12-07 01:00:00,Concertzaal,10293
2015-12-06 20:30:00,2015-12-06 22:30:00,Balzaal,10497
2015-12-07 20:00:00,2015-12-07 21:00:00,Blauwe Kamer,10403
2015-12-08 19:00:00,2015-12-08 20:30:00,Theaterzaal,10545
2015-12-08 20:00:00,2015-12-08 23:30:00,Mokabon,9744
2015-12-08 20:00:00,2015-12-08 21:15:00,Domzaal,9965
2015-12-09 00:00:00,2015-12-09 00:00:00,Diverse Zalen,10433
2015-12-09 19:00:00,2015-12-09 20:30:00,Balzaal,10621
2015-12-09 20:00:00,2015-12-09 23:30:00,Mokabon,9744
2015-12-09 20:00:00,2015-12-09 21:15:00,Domzaal,9965
2015-12-09 22:00:00,2015-12-09 23:30:00,Balzaal,10429
2015-12-10 00:00:00,2015-12-10 00:00:00,Diverse Zalen,10433
2015-12-10 13:00:00,2015-12-10 22:00:00,Brugzaal,10613
2015-12-10 13:00:00,2015-12-10 22:15:00,Domzaal,10615
2015-12-10 13:00:00,2015-12-10 22:00:00,Balzaal,10625
2015-12-10 14:30:00,2015-12-10 19:00:00,Dansstudio,10623
2015-12-10 20:00:00,2015-12-10 23:30:00,Mokabon,9744
2015-12-10 20:30:00,2015-12-10 22:00:00,Theaterzaal,10431
2015-12-11 00:00:00,2015-12-11 00:00:00,Diverse Zalen,10433
2015-12-11 13:00:00,2015-12-11 22:30:00,Domzaal,10615
2015-12-11 13:00:00,2015-12-11 22:00:00,Balzaal,10625
2015-12-11 14:30:00,2015-12-11 22:00:00,Dansstudio,10623
2015-12-12 10:00:00,2015-12-12 17:00:00,Theaterzaal,10629
2015-12-12 10:40:00,2015-12-12 12:30:00,Foyer Theaterzaal ,10627
2015-12-12 10:40:00,2015-12-12 12:30:00,Dansstudio,10631
2015-12-12 10:40:00,2015-12-12 12:30:00,Domzaal,10633
2015-12-12 10:40:00,2015-12-12 12:30:00,Mokabon,10637
2015-12-13 14:00:00,2015-12-13 20:00:00,Café,10437
2015-12-13 14:00:00,2015-12-13 15:30:00,Rondleidingen,10505
2015-12-14 20:00:00,2015-12-14 23:00:00,Foyer Theaterzaal ,10643
2015-12-15 20:00:00,2015-12-15 22:15:00,Balzaal,10175
2015-12-16 19:30:00,2015-12-17 01:00:00,Balzaal,10341
2015-12-16 20:00:00,2015-12-16 22:00:00,Op Locatie,9967
2015-12-16 20:30:00,2015-12-16 22:30:00,Foyer Theaterzaal ,10469
2015-12-17 19:15:00,2015-12-17 19:45:00,Foyer Theaterzaal ,9969
2015-12-17 20:00:00,2015-12-17 22:00:00,Op Locatie,9967
2015-12-17 20:00:00,2015-12-17 22:30:00,Theaterzaal,9969
2015-12-18 19:15:00,2015-12-18 19:45:00,Foyer Theaterzaal ,9969
2015-12-18 20:00:00,2015-12-18 22:00:00,Op Locatie,9967
2015-12-18 20:00:00,2015-12-18 22:30:00,Theaterzaal,9969
2015-12-18 23:00:00,2015-12-19 06:00:00,Concertzaal,9866
2015-12-19 11:00:00,2015-12-19 17:00:00,Café,10495
2015-12-19 19:15:00,2015-12-19 19:45:00,Foyer Theaterzaal ,9969
2015-12-19 20:00:00,2015-12-19 22:00:00,Op Locatie,9967
2015-12-19 20:00:00,2015-12-19 22:30:00,Theaterzaal,9969
2015-12-19 23:00:00,2015-12-20 06:00:00,Concertzaal,9868
2015-12-20 18:00:00,2015-12-21 01:00:00,Balzaal,10597
2015-12-23 15:00:00,2015-12-23 16:00:00,Theaterzaal,10407
2015-12-26 23:00:00,2015-12-27 05:00:00,Balzaal,9782
2015-12-31 00:15:00,2015-12-31 06:00:00,Concertzaal,10591
2015-12-31 22:30:00,2016-01-01 06:00:00,Café,10593
2015-12-31 22:30:00,2016-01-01 06:00:00,Balzaal,10595
2016-01-04 20:00:00,2016-01-04 21:00:00,Blauwe Kamer,10403
2016-01-09 14:00:00,2016-01-09 17:00:00,Balzaal,10189
2016-01-09 20:00:00,2016-01-10 06:00:00,Concertzaal,10647
2016-01-10 14:00:00,2016-01-10 17:00:00,Balzaal,10189
2016-01-10 14:00:00,2016-01-10 15:30:00,Rondleidingen,10505
2016-01-12 10:00:00,2016-01-12 18:00:00,Theaterzaal,10116
2016-01-13 14:30:00,2016-01-13 15:50:00,Theaterzaal,10116
2016-01-13 14:30:00,2016-01-13 15:50:00,Theaterzaal,10565
2016-01-13 16:00:00,2016-01-13 22:00:00,Op Locatie,10189
2016-01-13 20:00:00,2016-01-13 22:00:00,Minard,10087
2016-01-13 20:00:00,2016-01-13 21:20:00,Theaterzaal,10116
2016-01-14 14:00:00,2016-01-14 15:00:00,Op Locatie,10118
2016-01-14 14:00:00,2016-01-14 15:00:00,Op Locatie,10381
2016-01-14 17:00:00,2016-01-14 22:30:00,Café,10189
2016-01-14 20:00:00,2016-01-14 22:00:00,Minard,10087
2016-01-14 20:00:00,2016-01-14 21:00:00,Op Locatie,10118
2016-01-14 21:30:00,2016-01-14 22:30:00,Domzaal,10120
2016-01-15 09:00:00,2016-01-15 22:00:00,Mokabon,10122
2016-01-15 17:00:00,2016-01-15 22:30:00,Café,10189
2016-01-15 19:30:00,2016-01-16 01:00:00,Balzaal,10465
2016-01-15 20:00:00,2016-01-15 22:00:00,Minard,10087
2016-01-15 20:00:00,2016-01-15 21:10:00,Theaterzaal,10122
2016-01-16 13:00:00,2016-01-16 18:00:00,Op Locatie,10189
2016-01-16 14:00:00,2016-01-16 17:00:00,Op Locatie,10405
2016-01-16 19:30:00,2016-01-16 21:30:00,Foyer Theaterzaal ,10189
2016-01-16 20:00:00,2016-01-16 22:00:00,Minard,10087
2016-01-16 20:00:00,2016-01-16 21:00:00,Op Locatie,10124
2016-01-16 20:00:00,2016-01-16 21:20:00,Op Locatie,10126
2016-01-16 23:00:00,2016-01-17 05:00:00,Balzaal,10363
2016-01-17 14:00:00,2016-01-17 15:20:00,Op Locatie,10126
2016-01-17 16:00:00,2016-01-17 18:00:00,Theaterzaal,10128
2016-01-18 19:00:00,2016-01-19 05:00:00,Balzaal,10649
2016-01-18 20:00:00,2016-01-18 21:00:00,Blauwe Kamer,10403
2016-01-20 20:00:00,2016-01-20 21:30:00,Theaterzaal,10089
2016-01-23 19:30:00,2016-01-24 05:00:00,Concertzaal,9892
2016-01-24 14:00:00,2016-01-24 20:00:00,Café,10437
2016-01-24 14:00:00,2016-01-24 15:30:00,Rondleidingen,10505
2016-01-25 10:00:00,2016-01-25 18:00:00,Minard,10130
2016-01-26 19:00:00,2016-01-26 20:15:00,Minard,10130
2016-01-26 20:00:00,2016-01-26 21:30:00,"NTGent, Sint-Baafsplein 17",10159
2016-01-26 20:00:00,2016-01-26 22:15:00,Balzaal,10177
2016-01-26 21:00:00,2016-01-26 22:15:00,Minard,10130
2016-01-27 19:00:00,2016-01-27 20:15:00,Minard,10130
2016-01-27 20:30:00,2016-01-27 22:30:00,Dansstudio,10471
2016-01-27 20:30:00,2016-01-27 22:30:00,Theaterzaal,10571
2016-01-27 21:00:00,2016-01-27 22:15:00,Minard,10130
2016-01-28 18:00:00,2016-01-28 20:00:00,Dansstudio,10769
2016-01-28 20:30:00,2016-01-28 23:30:00,Balzaal,10581
2016-01-30 19:00:00,2016-01-31 04:00:00,Balzaal,10687
2016-01-30 22:30:00,2016-01-31 06:00:00,Concertzaal,10651
2016-01-31 19:00:00,2016-02-01 00:00:00,Concertzaal,10619
2016-02-01 09:00:00,2016-02-01 17:00:00,Theaterzaal,10699
2016-02-01 09:00:00,2016-02-01 17:00:00,Domzaal,10701
2016-02-01 09:00:00,2016-02-01 17:00:00,Dansstudio,10703
2016-02-01 09:00:00,2016-02-01 17:00:00,Balzaal,10705
2016-02-01 09:00:00,2016-02-01 17:00:00,Mokabon,10707
2016-02-01 09:00:00,2016-02-01 17:00:00,Antiekzolder,10709
2016-02-01 16:00:00,2016-02-01 18:00:00,Ticketbalie,10697
2016-02-01 20:00:00,2016-02-01 21:00:00,Blauwe Kamer,10403
2016-02-02 08:30:00,2016-02-02 09:30:00,Café,10711
2016-02-02 08:30:00,2016-02-02 10:00:00,Ticketbalie,10717
2016-02-02 08:30:00,2016-02-02 17:00:00,Majolica,10719
2016-02-02 09:30:00,2016-02-02 16:30:00,Diverse Zalen,10695
2016-02-02 09:30:00,2016-02-02 16:20:00,Theaterzaal,10721
2016-02-02 10:45:00,2016-02-02 15:30:00,Foyer Domzaal,10713
2016-02-02 10:45:00,2016-02-02 15:30:00,Gele Kamer,10715
2016-02-02 10:45:00,2016-02-02 15:30:00,Domzaal,10723
2016-02-02 10:45:00,2016-02-02 15:30:00,Balzaal,10727
2016-02-02 10:45:00,2016-02-02 15:30:00,Brugzaal,10729
2016-02-02 10:45:00,2016-02-02 15:30:00,Dansstudio,10731
2016-02-02 10:45:00,2016-02-02 12:15:00,Foyer Theaterzaal ,10733
2016-02-02 10:45:00,2016-02-02 15:30:00,Mokabon,10735
2016-02-02 10:45:00,2016-02-02 15:30:00,Antiekzolder,10737
2016-02-02 12:15:00,2016-02-02 17:30:00,Concertzaal,10725
2016-02-04 19:30:00,2016-02-04 23:00:00,Balzaal,10413
2016-02-05 22:00:00,2016-02-06 05:00:00,Balzaal,10785
2016-02-06 08:00:00,2016-02-06 16:00:00,Balzaal,10875
2016-02-06 10:30:00,2016-02-06 12:30:00,Domzaal,10873
2016-02-06 10:30:00,2016-02-06 12:30:00,Dansstudio,10877
2016-02-06 21:00:00,2016-02-07 05:00:00,Balzaal,10655
2016-02-06 22:30:00,2016-02-07 06:00:00,Concertzaal,10653
2016-02-07 14:00:00,2016-02-07 15:30:00,Rondleidingen,10505
2016-02-07 19:30:00,2016-02-07 23:00:00,Balzaal,10579
2016-02-09 20:00:00,2016-02-09 21:10:00,Minard,10091
2016-02-10 20:00:00,2016-02-10 21:10:00,Minard,10091
2016-02-12 19:30:00,2016-02-12 20:15:00,Dansstudio,10787
2016-02-12 20:30:00,2016-02-12 23:00:00,Domzaal,10583
2016-02-13 20:00:00,2016-02-13 22:00:00,Minard,10755
2016-02-13 23:00:00,2016-02-14 05:00:00,Balzaal,10265
2016-02-13 23:00:00,2016-02-14 06:00:00,Concertzaal,10657
2016-02-14 20:30:00,2016-02-14 22:45:00,Theaterzaal,10549
2016-02-15 20:00:00,2016-02-15 21:00:00,Blauwe Kamer,10403
2016-02-15 20:00:00,2016-02-15 22:00:00,Minard,10757
2016-02-17 20:00:00,2016-02-17 21:30:00,Theaterzaal,9971
2016-02-18 20:00:00,2016-02-18 21:30:00,Theaterzaal,9971
2016-02-18 20:00:00,2016-02-18 21:30:00,Op Locatie,9973
2016-02-19 19:30:00,2016-02-19 23:00:00,Balzaal,10447
2016-02-19 20:00:00,2016-02-19 21:30:00,Op Locatie,9973
2016-02-19 20:00:00,2016-02-19 22:20:00,Theaterzaal,10105
2016-02-20 20:00:00,2016-02-20 21:30:00,Op Locatie,9973
2016-02-20 21:00:00,2016-02-21 06:00:00,Concertzaal,10659
2016-02-21 14:00:00,2016-02-21 20:00:00,Balzaal,10741
2016-02-21 14:00:00,2016-02-21 20:00:00,Theaterzaal,10743
2016-02-23 20:00:00,2016-02-23 22:00:00,Minard,10093
2016-02-23 20:00:00,2016-02-23 22:15:00,Balzaal,10179
2016-02-23 22:00:00,2016-02-24 05:00:00,Concertzaal,10661
2016-02-24 19:30:00,2016-02-24 23:00:00,Balzaal,10685
2016-02-24 20:00:00,2016-02-24 22:10:00,Theaterzaal,9975
2016-02-24 20:00:00,2016-02-24 22:00:00,Minard,10093
2016-02-24 20:30:00,2016-02-24 22:30:00,Foyer Theaterzaal ,10473
2016-02-24 22:00:00,2016-02-25 05:00:00,Concertzaal,10783
2016-02-25 20:00:00,2016-02-25 22:10:00,Theaterzaal,9975
2016-02-25 20:00:00,2016-02-25 22:00:00,Minard,10093
2016-02-25 20:00:00,2016-02-25 22:30:00,Balzaal,10617
2016-02-26 19:30:00,2016-02-27 04:30:00,Concertzaal,10663
2016-02-26 20:00:00,2016-02-26 22:00:00,Minard,10093
2016-02-26 20:30:00,2016-02-27 03:00:00,Balzaal,10577
2016-02-27 16:00:00,2016-02-28 16:00:00,Balzaal,10667
2016-02-27 20:00:00,2016-02-27 22:00:00,Minard,10093
2016-02-27 23:00:00,2016-02-28 06:00:00,Concertzaal,10669
2016-02-28 15:30:00,2016-02-28 21:00:00,Concertzaal,10259
2016-02-29 13:00:00,2016-02-29 17:00:00,Theaterzaal,9977
2016-02-29 20:00:00,2016-02-29 21:00:00,Blauwe Kamer,10403
2016-03-02 19:30:00,2016-03-02 23:40:00,Concertzaal,10635
2016-03-02 20:00:00,2016-03-02 21:15:00,Theaterzaal,9977
2016-03-03 20:00:00,2016-03-03 22:00:00,Op Locatie,10841
2016-03-03 21:00:00,2016-03-04 05:00:00,Concertzaal,10889
2016-03-04 19:30:00,2016-03-04 22:40:00,Concertzaal,9958
2016-03-04 20:00:00,2016-03-04 21:30:00,Op Locatie,10841
2016-03-04 20:30:00,2016-03-05 01:00:00,Balzaal,10641
2016-03-05 10:30:00,2016-03-05 18:00:00,Foyer Theaterzaal ,10931
2016-03-05 19:00:00,2016-03-06 05:00:00,Balzaal,10671
2016-03-05 20:00:00,2016-03-05 21:40:00,Theaterzaal,10045
2016-03-05 20:00:00,2016-03-05 21:30:00,Op Locatie,10841
2016-03-05 23:00:00,2016-03-06 06:00:00,Concertzaal,10665
2016-03-06 14:00:00,2016-03-06 15:30:00,Rondleidingen,10505
2016-03-06 14:00:00,2016-03-06 20:00:00,Café,10745
2016-03-06 15:00:00,2016-03-06 22:00:00,Concertzaal,10601
2016-03-06 15:00:00,2016-03-06 16:30:00,Op Locatie,10841
2016-03-06 19:30:00,2016-03-06 23:00:00,Balzaal,10575
2016-03-08 10:00:00,2016-03-08 22:00:00,Brugzaal,10919
2016-03-08 12:00:00,2016-03-08 18:00:00,Ticketbalie,10891
2016-03-08 12:00:00,2016-03-08 18:00:00,Ticketbalie,10905
2016-03-08 19:30:00,2016-03-08 23:30:00,Diverse Zalen,10777
2016-03-08 20:00:00,2016-03-08 22:00:00,Theaterzaal,10773
2016-03-09 10:00:00,2016-03-09 23:30:00,Diverse Zalen,10795
2016-03-09 10:00:00,2016-03-09 22:00:00,Brugzaal,10919
2016-03-09 11:30:00,2016-03-09 18:30:00,Op Locatie,10681
2016-03-09 12:00:00,2016-03-09 18:00:00,Ticketbalie,10891
2016-03-09 12:00:00,2016-03-09 18:00:00,Ticketbalie,10907
2016-03-09 15:00:00,2016-03-09 16:30:00,Op Locatie,10841
2016-03-09 20:00:00,2016-03-09 00:00:00,Vooruit,10167
2016-03-09 20:00:00,2016-03-09 22:00:00,Theaterzaal,10789
2016-03-10 09:30:00,2016-03-10 23:30:00,Diverse Zalen,10797
2016-03-10 10:00:00,2016-03-10 22:00:00,Brugzaal,10919
2016-03-10 11:30:00,2016-03-10 18:30:00,Op Locatie,10681
2016-03-10 12:00:00,2016-03-10 18:00:00,Ticketbalie,10891
2016-03-10 12:00:00,2016-03-10 18:00:00,Ticketbalie,10909
2016-03-10 18:00:00,2016-03-10 20:00:00,Snoepwinkel,10955
2016-03-10 20:00:00,2016-03-10 22:00:00,Balzaal,10791
2016-03-10 20:00:00,2016-03-10 22:00:00,Theaterzaal,10793
2016-03-11 09:30:00,2016-03-11 23:30:00,Diverse Zalen,10799
2016-03-11 10:00:00,2016-03-11 22:00:00,Brugzaal,10919
2016-03-11 10:30:00,2016-03-11 16:30:00,Op Locatie,10681
2016-03-11 12:00:00,2016-03-11 18:00:00,Ticketbalie,10891
2016-03-11 12:00:00,2016-03-11 18:00:00,Ticketbalie,10911
2016-03-11 20:00:00,2016-03-11 21:30:00,Op Locatie,10841
2016-03-12 10:00:00,2016-03-12 22:00:00,Brugzaal,10919
2016-03-12 10:30:00,2016-03-12 16:30:00,Op Locatie,10681
2016-03-12 12:00:00,2016-03-12 23:30:00,Diverse Zalen,10801
2016-03-12 12:00:00,2016-03-12 18:00:00,Ticketbalie,10913
2016-03-12 13:30:00,2016-03-12 14:30:00,Balzaal,10933
2016-03-12 16:00:00,2016-03-12 17:30:00,Foyer Theaterzaal ,10921
2016-03-12 19:00:00,2016-03-12 22:00:00,Minard,10247
2016-03-12 20:00:00,2016-03-12 21:30:00,Op Locatie,10841
2016-03-12 23:00:00,2016-03-13 06:00:00,Concertzaal,10847
2016-03-13 10:00:00,2016-03-13 22:00:00,Brugzaal,10919
2016-03-13 11:00:00,2016-03-13 20:00:00,Diverse Zalen,10803
2016-03-13 11:00:00,2016-03-13 12:30:00,Balzaal,10923
2016-03-13 12:00:00,2016-03-13 18:00:00,Ticketbalie,10915
2016-03-13 15:00:00,2016-03-13 16:30:00,Op Locatie,10841
2016-03-14 20:00:00,2016-03-14 21:00:00,Blauwe Kamer,10403
2016-03-15 07:00:00,2016-03-16 23:00:00,Op Locatie,10819
2016-03-15 19:30:00,2016-03-15 23:00:00,Concertzaal,10607
2016-03-16 07:00:00,2016-03-17 07:00:00,Op Locatie,10819
2016-03-16 19:30:00,2016-03-17 01:00:00,Balzaal,10599
2016-03-16 20:00:00,2016-03-16 22:30:00,Foyer Theaterzaal ,10881
2016-03-16 22:00:00,2016-03-17 05:00:00,Concertzaal,9960
2016-03-17 07:00:00,2016-03-18 07:00:00,Op Locatie,10819
2016-03-17 20:00:00,2016-03-17 21:40:00,Theaterzaal,10095
2016-03-17 20:30:00,2016-03-17 23:30:00,Balzaal,10645
2016-03-17 22:00:00,2016-03-18 05:00:00,Concertzaal,10809
2016-03-18 07:00:00,2016-03-19 07:00:00,Op Locatie,10819
2016-03-18 20:00:00,2016-03-18 21:40:00,Theaterzaal,10095
2016-03-18 21:00:00,2016-03-19 05:00:00,Balzaal,10609
2016-03-19 07:00:00,2016-03-20 07:00:00,Op Locatie,10819
2016-03-19 20:00:00,2016-03-19 21:40:00,Theaterzaal,10095
2016-03-19 23:00:00,2016-03-20 06:00:00,Concertzaal,10673
2016-03-20 07:00:00,2016-03-21 07:00:00,Op Locatie,10819
2016-03-20 09:00:00,2016-03-20 11:00:00,Concertzaal,10917
2016-03-20 14:00:00,2016-03-20 20:00:00,Café,10437
2016-03-20 14:00:00,2016-03-20 15:30:00,Rondleidingen,10505
2016-03-20 20:00:00,2016-03-20 21:40:00,Theaterzaal,10095
2016-03-20 20:00:00,2016-03-20 00:00:00,Vooruit,10167
2016-03-20 20:30:00,2016-03-20 22:30:00,Balzaal,10767
2016-03-21 07:00:00,2016-03-22 07:00:00,Op Locatie,10819
2016-03-22 07:00:00,2016-03-23 07:00:00,Op Locatie,10819
2016-03-22 19:00:00,2016-03-22 20:45:00,Op Locatie,10821
2016-03-22 19:30:00,2016-03-23 01:00:00,Concertzaal,10843
2016-03-22 20:00:00,2016-03-22 22:15:00,Balzaal,10181
2016-03-22 21:35:00,2016-03-22 22:30:00,Dansstudio,10825
2016-03-23 07:00:00,2016-03-24 07:00:00,Op Locatie,10819
2016-03-23 19:00:00,2016-03-23 19:40:00,Dansstudio,10827
2016-03-23 20:00:00,2016-03-23 20:30:00,Domzaal,10829
2016-03-23 20:00:00,2016-03-23 22:00:00,Theaterzaal,10849
2016-03-23 20:30:00,2016-03-23 22:30:00,Foyer Theaterzaal ,10475
2016-03-23 21:00:00,2016-03-23 22:00:00,Domzaal,10831
2016-03-23 22:00:00,2016-03-24 05:00:00,Concertzaal,10675
2016-03-24 07:00:00,2016-03-25 07:00:00,Op Locatie,10819
2016-03-24 11:00:00,2016-03-24 13:00:00,Dansstudio,10833
2016-03-24 19:00:00,2016-03-24 19:40:00,Dansstudio,10827
2016-03-24 20:00:00,2016-03-24 22:00:00,Op Locatie,10821
2016-03-24 20:30:00,2016-03-24 22:30:00,Minard,10811
2016-03-25 07:00:00,2016-03-26 07:00:00,Op Locatie,10819
2016-03-25 12:30:00,2016-03-25 14:00:00,Foyer Theaterzaal ,10939
2016-03-25 18:00:00,2016-03-25 18:35:00,Dansstudio,10823
2016-03-25 19:00:00,2016-03-25 19:40:00,Dansstudio,10827
2016-03-25 20:00:00,2016-03-25 22:00:00,Domzaal,10113
2016-03-25 20:15:00,2016-03-25 21:30:00,Dansstudio,10837
2016-03-25 22:00:00,2016-03-25 23:00:00,Dansstudio,10835
2016-03-26 07:00:00,2016-03-27 07:00:00,Op Locatie,10819
2016-03-26 19:00:00,2016-03-26 19:45:00,Theaterzaal,10839
2016-03-26 20:00:00,2016-03-26 22:00:00,Op Locatie,10821
2016-03-26 22:00:00,2016-03-26 23:10:00,Minard,10813
2016-03-26 22:00:00,2016-03-27 05:00:00,Balzaal,10815
2016-03-27 07:00:00,2016-03-28 07:00:00,Op Locatie,10819
2016-03-28 07:00:00,2016-03-29 07:00:00,Op Locatie,10819
2016-03-29 07:00:00,2016-03-30 07:00:00,Op Locatie,10819
2016-03-29 19:00:00,2016-03-29 00:00:00,Minard,10779
2016-03-30 19:00:00,2016-03-30 22:30:00,Theaterzaal,10115
2016-03-30 19:30:00,2016-03-30 23:00:00,Balzaal,10761
2016-03-31 19:00:00,2016-03-31 22:30:00,Theaterzaal,10115
2016-03-31 19:30:00,2016-03-31 23:00:00,Balzaal,10751
2016-04-01 07:00:00,2016-04-02 07:00:00,Brugzaal,10941
2016-04-01 20:00:00,2016-04-02 05:00:00,Balzaal,10943
2016-04-02 07:00:00,2016-04-03 07:00:00,Brugzaal,10945
2016-04-02 20:00:00,2016-04-03 05:00:00,Balzaal,10947
2016-04-03 07:00:00,2016-04-04 07:00:00,Brugzaal,10951
2016-04-03 13:00:00,2016-04-03 18:00:00,Balzaal,10949
2016-04-03 14:00:00,2016-04-03 15:30:00,Rondleidingen,10505
2016-04-06 19:30:00,2016-04-06 23:00:00,Concertzaal,10739
2016-04-09 21:00:00,2016-04-10 06:00:00,Concertzaal,10851
2016-04-09 23:00:00,2016-04-10 05:00:00,Balzaal,10267
2016-04-10 11:00:00,2016-04-10 12:30:00,Theaterzaal,10971
2016-04-10 19:00:00,2016-04-10 21:20:00,Theaterzaal,10963
2016-04-11 20:00:00,2016-04-11 21:00:00,Blauwe Kamer,10403
2016-04-12 14:00:00,2016-04-12 16:30:00,Theaterzaal,10805
2016-04-12 20:00:00,2016-04-12 21:45:00,Theaterzaal,10693
2016-04-13 19:30:00,2016-04-13 23:00:00,Balzaal,10883
2016-04-13 20:00:00,2016-04-13 22:00:00,Theaterzaal,10807
2016-04-14 13:00:00,2016-04-14 22:00:00,Theaterzaal,10765
2016-04-14 19:30:00,2016-04-14 23:00:00,Balzaal,10689
2016-04-15 14:00:00,2016-04-15 15:00:00,Theaterzaal,10765
2016-04-15 20:00:00,2016-04-15 21:30:00,Theaterzaal,10765
2016-04-15 20:30:00,2016-04-15 22:30:00,Balzaal,10781
2016-04-16 12:30:00,2016-04-16 21:00:00,Café,10937
2016-04-16 21:00:00,2016-04-16 22:00:00,Balzaal,11019
2016-04-16 22:00:00,2016-04-17 05:00:00,Balzaal,10935
2016-04-16 22:30:00,2016-04-17 06:00:00,Concertzaal,10683
2016-04-17 14:00:00,2016-04-17 15:30:00,Rondleidingen,10505
2016-04-19 20:00:00,2016-04-19 22:15:00,Balzaal,10183
2016-04-20 17:30:00,2016-04-20 21:00:00,Domzaal,9979
2016-04-20 19:30:00,2016-04-20 23:00:00,Balzaal,10879
2016-04-20 20:00:00,2016-04-20 22:00:00,Foyer Theaterzaal ,10995
2016-04-21 19:00:00,2016-04-21 22:30:00,Domzaal,9979
2016-04-21 20:00:00,2016-04-21 22:00:00,Balzaal,10759
2016-04-22 21:00:00,2016-04-23 05:00:00,Balzaal,10925
2016-04-23 15:00:00,2016-04-24 04:00:00,Diverse Zalen,10191
2016-04-23 22:00:00,2016-04-23 22:45:00,Domzaal,9981
2016-04-23 23:00:00,2016-04-24 04:00:00,Balzaal,10753
2016-04-23 23:00:00,2016-04-24 04:00:00,Balzaal,10753
2016-04-23 23:00:00,2016-04-24 06:00:00,Concertzaal,10973
2016-04-24 07:00:00,2016-04-25 07:00:00,Andere locatie,10987
2016-04-25 20:00:00,2016-04-25 21:00:00,Blauwe Kamer,10403
2016-04-27 20:30:00,2016-04-27 22:30:00,Foyer Theaterzaal ,10477
2016-04-27 22:00:00,2016-04-28 05:00:00,Concertzaal,10679
2016-04-28 20:00:00,2016-04-28 22:30:00,Foyer Theaterzaal ,11013
2016-04-28 20:30:00,2016-04-28 22:30:00,Dansstudio,10747
2016-04-29 12:30:00,2016-04-29 14:00:00,Foyer Theaterzaal ,11011
2016-04-29 21:00:00,2016-04-30 00:00:00,Balzaal,10763
2016-04-30 19:30:00,2016-05-01 04:30:00,Concertzaal,10771
2016-05-01 14:00:00,2016-05-01 15:30:00,Rondleidingen,10505
2016-05-04 17:30:00,2016-05-04 21:00:00,Domzaal,9979
2016-05-04 17:30:00,2016-05-04 21:00:00,Domzaal,10603
2016-05-04 19:00:00,2016-05-04 23:30:00,Minard,10895
2016-05-04 20:00:00,2016-05-04 21:10:00,Theaterzaal,9985
2016-05-05 19:00:00,2016-05-05 22:30:00,Domzaal,9979
2016-05-05 19:00:00,2016-05-05 20:00:00,Op Locatie,9987
2016-05-05 19:00:00,2016-05-05 22:30:00,Domzaal,10605
2016-05-05 20:00:00,2016-05-05 21:10:00,Theaterzaal,9985
2016-05-05 22:00:00,2016-05-05 23:00:00,Op Locatie,9987
2016-05-06 20:00:00,2016-05-06 21:10:00,Theaterzaal,9985
2016-05-06 20:00:00,2016-05-06 21:00:00,Op Locatie,9987
2016-05-06 20:30:00,2016-05-06 23:00:00,Balzaal,10775
2016-05-07 19:00:00,2016-05-07 20:00:00,Op Locatie,9987
2016-05-07 20:00:00,2016-05-07 21:10:00,Theaterzaal,9985
2016-05-07 21:00:00,2016-05-08 03:00:00,Balzaal,10817
2016-05-07 22:00:00,2016-05-07 23:00:00,Op Locatie,9987
2016-05-07 23:00:00,2016-05-08 06:00:00,Concertzaal,10853
2016-05-08 19:30:00,2016-05-08 23:15:00,Concertzaal,10929
2016-05-09 20:00:00,2016-05-09 21:00:00,Foyer Theaterzaal ,10403
2016-05-10 13:00:00,2016-05-10 22:00:00,Domzaal,10969
2016-05-10 19:15:00,2016-05-10 20:15:00,Dansstudio,10977
2016-05-10 20:30:00,2016-05-10 21:30:00,Balzaal,10977
2016-05-11 13:00:00,2016-05-11 18:00:00,Domzaal,10969
2016-05-11 20:00:00,2016-05-11 23:00:00,Theaterzaal,10867
2016-05-11 20:00:00,2016-05-11 22:00:00,Balzaal,10979
2016-05-12 13:00:00,2016-05-12 22:00:00,Domzaal,10969
2016-05-12 20:00:00,2016-05-12 23:00:00,Theaterzaal,10887
2016-05-12 20:00:00,2016-05-12 22:10:00,Balzaal,10975
2016-05-12 20:15:00,2016-05-12 22:45:00,Theaterzaal,10867
2016-05-13 19:00:00,2016-05-13 20:30:00,Domzaal,10749
2016-05-13 20:00:00,2016-05-14 05:00:00,Balzaal,10983
2016-05-14 20:00:00,2016-05-14 21:30:00,Domzaal,10749
2016-05-14 22:00:00,2016-05-15 05:00:00,Balzaal,10845
2016-05-15 14:00:00,2016-05-15 15:30:00,Rondleidingen,10505
2016-05-15 15:00:00,2016-05-15 16:30:00,Domzaal,10749
2016-05-17 20:00:00,2016-05-17 22:15:00,Theaterzaal,10185
2016-05-18 20:00:00,2016-05-18 21:00:00,Domzaal,10031
2016-05-18 20:00:00,2016-05-18 21:30:00,"NTGent, Sint-Baafsplein 17",10163
2016-05-19 20:00:00,2016-05-19 21:00:00,Domzaal,10031
2016-05-21 20:30:00,2016-05-22 00:00:00,Domzaal,10897
2016-05-23 20:00:00,2016-05-23 21:00:00,Blauwe Kamer,10403
2016-05-25 19:30:00,2016-05-25 22:00:00,Theaterzaal,11023
2016-05-25 20:30:00,2016-05-25 22:30:00,Foyer Theaterzaal ,10479
2016-05-26 14:00:00,2016-05-26 19:00:00,Wintertuin,11167
2016-05-26 21:30:00,2016-05-26 22:30:00,Café,10901
2016-05-27 12:30:00,2016-05-27 14:00:00,Foyer Theaterzaal ,11153
2016-05-27 13:00:00,2016-05-27 17:00:00,Theaterzaal,10985
2016-05-27 21:00:00,2016-05-28 02:00:00,Balzaal,10899
2016-05-28 17:00:00,2016-05-28 18:00:00,Theaterzaal,10985
2016-05-28 21:00:00,2016-05-29 06:00:00,Concertzaal,10903
2016-05-28 23:00:00,2016-05-29 05:00:00,Balzaal,10269
2016-05-29 14:00:00,2016-05-29 15:30:00,Rondleidingen,10505
2016-05-31 19:30:00,2016-05-31 22:00:00,"De Cirk, Zebrastraat 34",11025
2016-06-02 19:00:00,2016-06-02 23:30:00,Minard,10981
2016-06-02 20:00:00,2016-06-02 21:45:00,Theaterzaal,10033
2016-06-03 20:00:00,2016-06-03 21:45:00,Theaterzaal,10033
2016-06-04 20:00:00,2016-06-04 21:45:00,Theaterzaal,10033
2016-06-04 22:00:00,2016-06-05 06:00:00,Concertzaal,10855
2016-06-06 20:00:00,2016-06-06 21:00:00,Op Locatie,10148
2016-06-06 20:00:00,2016-06-06 21:30:00,Brugzaal,10150
2016-06-06 20:00:00,2016-06-06 21:00:00,Blauwe Kamer,10403
2016-06-07 20:00:00,2016-06-07 21:00:00,Op Locatie,10148
2016-06-07 20:00:00,2016-06-07 21:30:00,Brugzaal,10150
2016-06-08 20:00:00,2016-06-08 21:00:00,Op Locatie,10148
2016-06-08 20:00:00,2016-06-08 21:30:00,Brugzaal,10150
2016-06-08 20:00:00,2016-06-08 00:00:00,Op Locatie,11003
2016-06-09 20:00:00,2016-06-09 21:00:00,Op Locatie,10148
2016-06-09 20:00:00,2016-06-09 23:30:00,Op Locatie,11001
2016-06-09 20:00:00,2016-06-09 00:00:00,Op Locatie,11005
2016-06-10 18:30:00,2016-06-10 23:30:00,Concertzaal,11233
2016-06-10 19:30:00,2016-06-10 21:00:00,Theaterzaal,11231
2016-06-10 20:00:00,2016-06-11 00:00:00,Balzaal,11007
2016-06-10 20:00:00,2016-06-11 00:00:00,Brugzaal,11373
2016-06-10 20:30:00,2016-06-10 23:40:00,Balzaal,10991
2016-06-11 13:30:00,2016-06-11 23:59:00,Theaterzaal & Balzaal,11009
2016-06-11 13:30:00,2016-06-11 15:00:00,Theaterzaal,11171
2016-06-11 20:00:00,2016-06-11 22:00:00,Theaterzaal,10989
2016-06-11 20:00:00,2016-06-12 00:00:00,Brugzaal,11373
2016-06-11 20:15:00,2016-06-12 00:00:00,Balzaal,10993
2016-06-11 22:30:00,2016-06-12 06:00:00,Concertzaal,10999
2016-06-13 19:00:00,2016-06-14 01:00:00,Concertzaal,11235
2016-06-13 19:00:00,2016-06-13 23:00:00,Concertzaal,11359
2016-06-15 20:00:00,2016-06-16 00:00:00,Concertzaal,10893
2016-06-16 20:00:00,2016-06-16 22:00:00,Domzaal,10863
2016-06-17 20:00:00,2016-06-17 22:00:00,Domzaal,10863
2016-06-17 20:00:00,2016-06-17 22:00:00,Domzaal,10865
2016-06-18 13:00:00,2016-06-18 18:00:00,Concertzaal,11235
2016-06-18 13:00:00,2016-06-18 18:00:00,Concertzaal,11361
2016-06-18 23:00:00,2016-06-19 06:00:00,Concertzaal,10857
2016-06-20 20:00:00,2016-06-20 21:00:00,Blauwe Kamer,10403
2016-06-21 20:00:00,2016-06-21 22:00:00,Theaterzaal,11015
2016-06-21 20:30:00,2016-06-21 22:30:00,Foyer Theaterzaal ,11045
2016-06-22 19:00:00,2016-06-22 23:00:00,Concertzaal,11235
2016-06-22 19:00:00,2016-06-22 00:00:00,Concertzaal,11363
2016-06-22 23:00:00,2016-06-23 05:00:00,Concertzaal,11173
2016-06-23 22:00:00,2016-06-24 05:00:00,Concertzaal,11175
2016-06-24 20:00:00,2016-06-25 05:00:00,Balzaal,11193
2016-06-24 23:00:00,2016-06-25 06:00:00,Concertzaal,10859
2016-06-25 15:00:00,2016-06-25 18:00:00,Op Locatie,11367
2016-06-25 22:30:00,2016-06-26 06:00:00,Concertzaal,10861
2016-06-25 23:00:00,2016-06-26 05:00:00,Balzaal,10271
2016-06-26 15:00:00,2016-06-26 18:00:00,Op Locatie,11367
2016-06-26 15:00:00,2016-06-26 18:00:00,Op Locatie,11369
2016-06-26 19:00:00,2016-06-27 01:00:00,Concertzaal,11235
2016-06-26 19:00:00,2016-06-26 23:00:00,Concertzaal,11409
2016-07-01 19:00:00,2016-07-02 01:00:00,Concertzaal,11235
2016-07-01 19:00:00,2016-07-01 23:00:00,Concertzaal,11443
2016-07-06 14:00:00,2016-09-07 17:00:00,Op Locatie,11483
2016-07-15 20:00:00,2016-07-15 22:00:00,Theaterzaal,11047
2016-07-15 20:00:00,2016-07-15 22:10:00,Theaterzaal,11047
2016-07-15 20:30:00,2016-07-15 22:00:00,Domzaal,11261
2016-07-15 23:00:00,2016-07-16 07:00:00,Concertzaal,11387
2016-07-16 14:00:00,2016-07-16 15:45:00,Rondleidingen,11155
2016-07-16 16:00:00,2016-07-16 17:45:00,Rondleidingen,11155
2016-07-16 20:00:00,2016-07-16 21:50:00,Theaterzaal,11029
2016-07-16 20:15:00,2016-07-16 21:45:00,Balzaal,11031
2016-07-16 20:30:00,2016-07-16 22:00:00,Domzaal,11261
2016-07-16 22:30:00,2016-07-17 00:00:00,Balzaal,11049
2016-07-16 23:00:00,2016-07-17 07:00:00,Concertzaal,11389
2016-07-17 14:00:00,2016-07-17 15:45:00,Rondleidingen,11155
2016-07-17 16:00:00,2016-07-17 17:45:00,Rondleidingen,11155
2016-07-17 16:00:00,2016-07-17 17:30:00,Domzaal,11261
2016-07-17 20:15:00,2016-07-17 21:35:00,Balzaal,11263
2016-07-17 20:30:00,2016-07-17 22:00:00,Domzaal,11261
2016-07-18 14:00:00,2016-07-18 15:45:00,Rondleidingen,11155
2016-07-18 16:00:00,2016-07-18 17:45:00,Rondleidingen,11155
2016-07-18 18:00:00,2016-07-18 20:00:00,Op Locatie,11021
2016-07-18 18:00:00,2016-07-18 19:15:00,Op Locatie,11423
2016-07-18 20:15:00,2016-07-18 22:00:00,Balzaal,11033
2016-07-19 14:00:00,2016-07-19 15:45:00,Rondleidingen,11155
2016-07-19 16:00:00,2016-07-19 17:45:00,Rondleidingen,11155
2016-07-19 20:00:00,2016-07-19 22:00:00,Concertzaal,11035
2016-07-19 20:30:00,2016-07-19 22:25:00,Domzaal,11037
2016-07-20 13:00:00,2016-07-20 16:00:00,Café,11463
2016-07-20 14:00:00,2016-07-20 15:45:00,Rondleidingen,11155
2016-07-20 16:00:00,2016-07-20 17:45:00,Rondleidingen,11155
2016-07-20 20:00:00,2016-07-20 21:40:00,Theaterzaal,11267
2016-07-20 20:15:00,2016-07-20 21:45:00,Balzaal,11039
2016-07-20 20:30:00,2016-07-20 22:00:00,Domzaal,11265
2016-07-20 23:00:00,2016-07-21 07:00:00,Concertzaal,11391
2016-07-21 14:00:00,2016-07-21 15:45:00,Rondleidingen,11155
2016-07-21 16:00:00,2016-07-21 17:45:00,Rondleidingen,11155
2016-07-21 20:00:00,2016-07-21 22:05:00,Theaterzaal,11277
2016-07-21 20:15:00,2016-07-21 21:45:00,Balzaal,11269
2016-07-21 23:00:00,2016-07-22 07:00:00,Concertzaal,11393
2016-07-22 14:00:00,2016-07-22 15:45:00,Rondleidingen,11155
2016-07-22 16:00:00,2016-07-22 17:45:00,Rondleidingen,11155
2016-07-22 20:15:00,2016-07-22 21:45:00,Balzaal,11271
2016-07-22 20:30:00,2016-07-22 22:00:00,Domzaal,11041
2016-07-22 23:00:00,2016-07-23 06:00:00,Concertzaal,11395
2016-07-23 14:00:00,2016-07-23 15:45:00,Rondleidingen,11155
2016-07-23 16:00:00,2016-07-23 17:45:00,Rondleidingen,11155
2016-07-23 20:30:00,2016-07-23 22:00:00,Domzaal,11275
2016-07-23 22:30:00,2016-07-23 23:30:00,Balzaal,11273
2016-07-23 23:00:00,2016-07-24 07:00:00,Concertzaal,11397
2016-07-24 13:00:00,2016-07-24 16:00:00,Café,11465
2016-07-24 14:00:00,2016-07-24 15:45:00,Rondleidingen,11155
2016-07-24 16:00:00,2016-07-24 17:45:00,Rondleidingen,11155
2016-07-24 20:00:00,2016-07-24 21:30:00,Theaterzaal,11043
2016-07-24 20:30:00,2016-07-24 22:00:00,Domzaal,11275
2016-07-24 23:00:00,2016-07-25 14:00:00,Concertzaal,11399
2016-08-27 23:00:00,2016-08-28 05:00:00,Balzaal,11429
2016-09-06 13:00:00,2016-09-06 18:00:00,Domzaal,11431
2016-09-06 13:00:00,2016-09-06 17:00:00,Theaterzaal,11579
2016-09-06 19:00:00,2016-09-06 23:00:00,Minard,10371
2016-09-07 09:00:00,2016-09-07 17:00:00,Foyer Theaterzaal ,11433
2016-09-07 14:00:00,2016-09-07 17:00:00,Op Locatie,11483
2016-09-07 19:00:00,2016-09-07 23:00:00,Minard,10371
2016-09-07 20:00:00,2016-09-07 22:15:00,Domzaal,11431
2016-09-07 20:50:00,2016-09-07 21:20:00,Theaterzaal,11435
2016-09-08 13:30:00,2016-09-08 18:30:00,Domzaal,11467
2016-09-08 15:00:00,2016-09-08 17:45:00,Dansstudio,11467
2016-09-08 19:00:00,2016-09-09 00:00:00,Brugzaal,11469
2016-09-10 23:00:00,2016-09-11 05:00:00,Balzaal,11159
2016-09-11 10:00:00,2016-09-11 18:00:00,Theaterzaal,11583
2016-09-12 20:00:00,2016-09-12 21:00:00,Blauwe Kamer,11371
2016-09-15 20:00:00,2016-09-15 22:00:00,Minard,11319
2016-09-16 20:00:00,2016-09-17 06:00:00,Concertzaal,11487
2016-09-17 14:00:00,2016-09-17 18:15:00,Theaterzaal,11461
2016-09-17 21:00:00,2016-09-18 00:30:00,Balzaal,11411
2016-09-17 23:00:00,2016-09-18 06:00:00,Concertzaal,11117
2016-09-19 09:30:00,2016-09-19 22:00:00,Op Locatie,11303
2016-09-20 09:30:00,2016-09-20 19:00:00,Balzaal,11401
2016-09-20 10:00:00,2016-09-20 17:30:00,Domzaal,11303
2016-09-21 20:00:00,2016-09-21 22:00:00,Theaterzaal,11195
2016-09-22 20:00:00,2016-09-22 22:00:00,Balzaal,11305
2016-09-23 09:30:00,2016-09-23 16:15:00,Theaterzaal,11475
2016-09-23 19:30:00,2016-09-24 05:00:00,Balzaal,11567
2016-09-24 23:00:00,2016-09-25 05:00:00,Balzaal,11075
2016-09-24 23:00:00,2016-09-25 06:00:00,Concertzaal,11119
2016-09-25 20:30:00,2016-09-25 22:15:00,Balzaal,11413
2016-09-26 10:00:00,2016-09-26 18:00:00,Antiekzolder,11077
2016-09-26 10:00:00,2016-09-26 12:00:00,Op Locatie,11441
2016-09-26 13:30:00,2016-09-26 15:30:00,Op Locatie,11441
2016-09-26 18:30:00,2016-09-26 21:00:00,Domzaal,11077
2016-09-26 20:00:00,2016-09-26 21:00:00,Blauwe Kamer,11371
2016-09-27 10:00:00,2016-09-27 18:00:00,Antiekzolder,11077
2016-09-27 10:00:00,2016-09-27 12:00:00,Op Locatie,11441
2016-09-27 13:30:00,2016-09-27 15:30:00,Op Locatie,11441
2016-09-27 18:30:00,2016-09-27 21:00:00,Domzaal,11077
2016-09-28 09:00:00,2016-09-28 18:30:00,Dansstudio,11551
2016-09-28 10:00:00,2016-09-28 18:00:00,Antiekzolder,11077
2016-09-28 10:00:00,2016-09-28 12:00:00,Op Locatie,11441
2016-09-28 11:00:00,2016-10-02 16:00:00,Diverse Zalen,11591
2016-09-28 18:30:00,2016-09-28 21:00:00,Domzaal,11077
2016-09-28 20:00:00,2016-09-28 21:30:00,Minard,11081
2016-09-28 20:30:00,2016-09-28 21:30:00,Op Locatie,11083
2016-09-29 09:00:00,2016-09-29 16:30:00,Dansstudio,11551
2016-09-29 10:00:00,2016-09-29 12:00:00,Op Locatie,11441
2016-09-29 11:00:00,2016-09-29 16:00:00,Diverse Zalen,11591
2016-09-29 13:30:00,2016-09-29 15:30:00,Op Locatie,11441
2016-09-29 17:45:00,2016-09-29 18:15:00,Café,11077
2016-09-29 19:30:00,2016-09-29 20:00:00,Café,11077
2016-09-29 20:00:00,2016-09-29 21:30:00,Minard,11081
2016-09-29 20:00:00,2016-09-29 21:40:00,Theaterzaal,11085
2016-09-29 20:30:00,2016-09-29 21:30:00,Op Locatie,11083
2016-09-29 22:00:00,2016-09-29 23:00:00,Café,11415
2016-09-30 09:00:00,2016-09-30 17:30:00,Dansstudio,11551
2016-09-30 10:00:00,2016-09-30 12:00:00,Op Locatie,11441
2016-09-30 11:00:00,2016-09-30 16:00:00,Diverse Zalen,11591
2016-09-30 13:30:00,2016-09-30 15:30:00,Op Locatie,11441
2016-09-30 17:30:00,2016-09-30 18:00:00,Café,11077
2016-09-30 20:00:00,2016-09-30 21:30:00,Minard,11081
2016-09-30 20:00:00,2016-09-30 21:40:00,Theaterzaal,11085
2016-09-30 23:00:00,2016-10-01 06:00:00,Concertzaal,11549
2016-10-01 11:00:00,2016-10-01 17:00:00,Op Locatie,11321
2016-10-01 11:00:00,2016-10-01 17:00:00,Op Locatie,11581
2016-10-01 11:00:00,2016-10-01 16:00:00,Diverse Zalen,11591
2016-10-01 12:00:00,2016-10-01 17:00:00,Op Locatie,11087
2016-10-01 20:00:00,2016-10-01 21:30:00,Minard,11081
2016-10-01 22:00:00,2016-10-02 05:00:00,Balzaal,11177
2016-10-01 23:00:00,2016-10-02 06:00:00,Concertzaal,11121
2016-10-02 07:00:00,2016-10-03 07:00:00,Op Locatie,11087
2016-10-02 11:00:00,2016-10-02 17:00:00,Op Locatie,11321
2016-10-02 11:00:00,2016-10-02 17:00:00,Op Locatie,11581
2016-10-02 11:00:00,2016-10-02 16:00:00,Diverse Zalen,11591
2016-10-02 14:00:00,2016-10-02 15:30:00,Rondleidingen,11425
2016-10-03 19:00:00,2016-10-03 22:00:00,Minard,11453
2016-10-04 22:00:00,2016-10-05 05:00:00,Concertzaal,11089
2016-10-05 20:00:00,2016-10-05 21:00:00,Theaterzaal,11091
2016-10-05 22:00:00,2016-10-06 05:00:00,Concertzaal,11017
2016-10-06 20:00:00,2016-10-06 21:00:00,Theaterzaal,11091
2016-10-06 22:00:00,2016-10-07 01:00:00,Majolica,11125
2016-10-06 22:30:00,2016-10-07 05:00:00,Concertzaal,11123
2016-10-07 19:30:00,2016-10-07 23:00:00,Balzaal,11223
2016-10-07 21:00:00,2016-10-08 05:00:00,Concertzaal,11161
2016-10-08 21:00:00,2016-10-09 03:00:00,Balzaal,11375
2016-10-08 23:00:00,2016-10-09 06:00:00,Concertzaal,11127
2016-10-09 19:00:00,2016-10-10 01:00:00,Balzaal,11597
2016-10-10 20:00:00,2016-10-10 21:00:00,Blauwe Kamer,11371
2016-10-11 19:30:00,2016-10-11 21:30:00,Theaterzaal,11559
2016-10-11 22:00:00,2016-10-12 05:00:00,Concertzaal,11563
2016-10-12 18:30:00,2016-10-12 22:00:00,Op Locatie,11095
2016-10-12 20:00:00,2016-10-12 21:50:00,Theaterzaal,11197
2016-10-12 20:00:00,2016-10-12 21:20:00,Domzaal,11569
2016-10-12 22:00:00,2016-10-13 05:00:00,Concertzaal,11377
2016-10-12 22:00:00,2016-10-12 23:00:00,Café,11445
2016-10-13 18:30:00,2016-10-13 22:00:00,Op Locatie,11095
2016-10-13 20:00:00,2016-10-13 22:00:00,Theaterzaal,11199
2016-10-14 18:00:00,2016-10-14 19:00:00,Op Locatie,11095
2016-10-14 20:00:00,2016-10-14 21:40:00,Domzaal,11093
2016-10-14 20:00:00,2016-10-14 22:00:00,Theaterzaal,11599
2016-10-14 21:00:00,2016-10-14 22:00:00,Op Locatie,11095
2016-10-14 22:00:00,2016-10-14 23:30:00,Balzaal,11601
2016-10-15 16:00:00,2016-10-15 17:00:00,Op Locatie,11095
2016-10-15 19:00:00,2016-10-15 20:00:00,Op Locatie,11095
2016-10-15 20:00:00,2016-10-15 21:40:00,Domzaal,11093
2016-10-15 20:00:00,2016-10-15 21:50:00,Theaterzaal,11603
2016-10-15 23:00:00,2016-10-16 06:00:00,Concertzaal,11129
2016-10-16 14:00:00,2016-10-16 15:30:00,Rondleidingen,11425
2016-10-16 15:00:00,2016-10-16 16:20:00,Theaterzaal,11555
2016-10-16 15:00:00,2016-10-16 22:00:00,Theaterzaal,11557
2016-10-16 15:00:00,2016-10-16 16:20:00,Theaterzaal,11557
2016-10-16 20:30:00,2016-10-16 22:00:00,Theaterzaal,11557
2016-10-17 20:00:00,2016-10-17 22:00:00,Theaterzaal,11605
2016-10-18 19:30:00,2016-10-18 21:30:00,Dansstudio,11609
2016-10-18 20:00:00,2016-10-18 22:00:00,Balzaal,11179
2016-10-18 20:00:00,2016-10-18 22:00:00,Theaterzaal,11607
2016-10-18 22:00:00,2016-10-19 05:00:00,Concertzaal,11163
2016-10-19 20:00:00,2016-10-19 22:15:00,Theaterzaal,11611
2016-10-19 22:00:00,2016-10-19 23:30:00,Balzaal,11613
2016-10-20 12:30:00,2016-10-20 13:30:00,Balzaal,11619
2016-10-20 13:15:00,2016-10-20 16:00:00,Theaterzaal,11617
2016-10-20 20:00:00,2016-10-20 22:00:00,Theaterzaal,11615
2016-10-20 22:00:00,2016-10-21 05:00:00,Concertzaal,11279
2016-10-21 20:00:00,2016-10-21 21:30:00,Domzaal,11345
2016-10-21 20:00:00,2016-10-21 21:30:00,Domzaal,11345
2016-10-21 20:00:00,2016-10-21 22:15:00,Theaterzaal,11417
2016-10-22 19:00:00,2016-10-22 20:00:00,Balzaal,11695
2016-10-22 20:00:00,2016-10-22 21:30:00,Theaterzaal,11649
2016-10-22 20:15:00,2016-10-22 22:00:00,Domzaal,11447
2016-10-22 21:30:00,2016-10-23 04:00:00,Balzaal,11621
2016-10-22 22:30:00,2016-10-23 06:00:00,Concertzaal,11131
2016-10-23 19:00:00,2016-10-24 00:00:00,Concertzaal,10871
2016-10-24 20:00:00,2016-10-24 21:00:00,Blauwe Kamer,11371
2016-10-26 20:00:00,2016-10-26 22:00:00,Minard,11291
2016-10-27 19:30:00,2016-10-27 22:00:00,Balzaal,11671
2016-10-28 09:30:00,2016-10-28 15:00:00,Theaterzaal,11419
2016-10-28 09:30:00,2016-10-28 17:00:00,Diverse Zalen,11439
2016-10-28 11:00:00,2016-10-28 15:00:00,Balzaal,11651
2016-10-28 13:30:00,2016-10-28 17:00:00,Brug,11281
2016-10-28 13:30:00,2016-10-28 17:00:00,Balzaal Kassaruimte,11281
2016-10-28 13:30:00,2016-10-28 17:00:00,Brugzaal,11281
2016-10-28 20:00:00,2016-10-28 22:00:00,Domzaal,11097
2016-10-29 20:00:00,2016-10-29 22:00:00,Domzaal,11097
2016-10-29 23:00:00,2016-10-30 05:00:00,Balzaal,11437
2016-10-29 23:00:00,2016-10-30 06:00:00,Concertzaal,11489
2016-10-30 14:00:00,2016-10-30 15:30:00,Rondleidingen,11425
2016-10-30 19:30:00,2016-10-31 03:00:00,Concertzaal,11357
2016-10-31 23:00:00,2016-11-01 05:00:00,Balzaal,11633
2016-11-01 07:00:00,2016-11-02 07:00:00,Domzaal,11169
2016-11-02 11:00:00,2016-11-02 13:00:00,Antiekzolder,11653
2016-11-02 20:00:00,0000-00-00 00:00:00,Diverse Zalen,11653
2016-11-03 11:00:00,2016-11-03 13:00:00,Antiekzolder,11653
2016-11-03 13:00:00,2016-11-03 22:30:00,Balzaal,11449
2016-11-04 11:00:00,2016-11-04 13:00:00,Antiekzolder,11653
2016-11-04 19:30:00,2016-11-05 00:00:00,Balzaal,11565
2016-11-05 11:00:00,2016-11-05 13:00:00,Antiekzolder,11653
2016-11-05 14:00:00,2016-11-05 16:30:00,Mokabon,11653
2016-11-05 14:00:00,2016-11-05 16:30:00,Foyer Theaterzaal ,11653
2016-11-05 19:00:00,2016-11-05 23:15:00,Theaterzaal,11631
2016-11-05 19:00:00,2016-11-06 05:00:00,Balzaal,11631
2016-11-05 19:00:00,2016-11-06 23:00:00,Diverse Zalen,11631
2016-11-05 22:00:00,2016-11-06 06:00:00,Concertzaal,11133
2016-11-05 22:00:00,2016-11-05 23:00:00,Brugzaal,11631
2016-11-05 23:00:00,2016-11-06 04:00:00,Balzaal,11631
2016-11-06 10:30:00,2016-11-06 12:00:00,Foyer Theaterzaal ,11653
2016-11-06 11:00:00,2016-11-06 13:00:00,Antiekzolder,11653
2016-11-06 14:00:00,2016-11-06 19:00:00,Café,11585
2016-11-06 19:00:00,2016-11-06 23:00:00,Balzaal,11491
2016-11-06 19:30:00,2016-11-06 23:00:00,Balzaal,11403
2016-11-06 19:30:00,2016-11-06 23:00:00,Concertzaal,11421
2016-11-06 20:00:00,0000-00-00 00:00:00,Diverse Zalen,11653
2016-11-07 20:00:00,2016-11-07 21:00:00,Blauwe Kamer,11371
2016-11-08 20:00:00,2016-11-08 22:00:00,Balzaal,11553
2016-11-09 18:15:00,2016-11-09 19:50:00,Foyer Theaterzaal ,11623
2016-11-09 20:00:00,2016-11-09 21:15:00,Domzaal,11101
2016-11-09 20:00:00,2016-11-09 22:00:00,Theaterzaal,11625
2016-11-09 20:00:00,2016-11-09 22:00:00,Theaterzaal,11645
2016-11-09 20:30:00,2016-11-09 21:45:00,Op Locatie,11103
2016-11-09 22:00:00,2016-11-09 23:15:00,Domzaal,11101
2016-11-09 22:00:00,2016-11-10 05:00:00,Concertzaal,11379
2016-11-10 09:00:00,2016-11-10 09:30:00,Café,11627
2016-11-10 09:30:00,2016-11-10 16:00:00,Theaterzaal,11629
2016-11-10 09:30:00,2016-11-10 17:00:00,Diverse Zalen,11647
2016-11-10 10:30:00,2016-11-10 15:00:00,Brugzaal,11703
2016-11-10 10:30:00,2016-11-10 15:00:00,Antiekzolder,11705
2016-11-10 10:30:00,2016-11-10 15:00:00,Mokabon,11709
2016-11-10 12:00:00,2016-11-10 17:30:00,Balzaal,11707
2016-11-10 19:00:00,2016-11-10 20:15:00,Domzaal,11101
2016-11-10 20:30:00,2016-11-10 21:45:00,Op Locatie,11103
2016-11-10 21:00:00,2016-11-10 22:15:00,Domzaal,11101
2016-11-10 23:00:00,2016-11-11 06:00:00,Concertzaal,11135
2016-11-11 19:30:00,2016-11-12 01:00:00,Concertzaal,10953
2016-11-12 21:00:00,2016-11-13 03:00:00,Balzaal,11381
2016-11-12 23:00:00,2016-11-13 06:00:00,Concertzaal,10959
2016-11-13 14:00:00,2016-11-13 15:30:00,Rondleidingen,11425
2016-11-13 15:00:00,2016-11-13 16:30:00,Theaterzaal,11203
2016-11-13 19:30:00,2016-11-13 23:00:00,Balzaal,11405
2016-11-14 20:00:00,2016-11-14 22:00:00,Minard,11691
2016-11-15 19:30:00,2016-11-15 23:00:00,Concertzaal,11137
2016-11-15 20:00:00,2016-11-15 22:00:00,Balzaal,11181
2016-11-16 19:00:00,2016-11-16 22:30:00,Minard,11427
2016-11-16 20:00:00,2016-11-16 21:00:00,Theaterzaal,11105
2016-11-16 20:00:00,2016-11-16 21:30:00,Domzaal,11587
2016-11-16 22:00:00,2016-11-17 05:00:00,Concertzaal,11493
2016-11-17 14:00:00,2016-11-17 15:30:00,Domzaal,11587
2016-11-17 14:00:00,2016-11-17 16:00:00,Foyer Theaterzaal ,11739
2016-11-17 20:00:00,2016-11-17 21:30:00,Domzaal,11587
2016-11-17 22:00:00,2016-11-18 05:00:00,Concertzaal,11383
2016-11-19 12:30:00,2016-11-19 19:00:00,Diverse Zalen,11659
2016-11-19 12:30:00,2016-11-19 19:00:00,Diverse Zalen,11659
2016-11-19 12:30:00,2016-11-19 19:00:00,Concertzaal,11713
2016-11-19 13:00:00,2016-11-19 18:30:00,Balzaal,11715
2016-11-19 13:00:00,2016-11-19 17:45:00,Brugzaal,11717
2016-11-19 13:30:00,2016-11-19 19:00:00,Theaterzaal,11711
2016-11-19 22:00:00,2016-11-20 05:00:00,Balzaal,11165
2016-11-19 22:30:00,2016-11-20 06:00:00,Concertzaal,11139
2016-11-21 20:00:00,2016-11-21 21:30:00,Minard,11107
2016-11-21 20:00:00,2016-11-21 21:00:00,Blauwe Kamer,11371
2016-11-22 19:00:00,2016-11-22 23:30:00,Foyer Theaterzaal ,11741
2016-11-22 20:00:00,2016-11-22 21:30:00,Minard,11107
2016-11-22 20:00:00,2016-11-23 00:00:00,Balzaal,11205
2016-11-22 20:00:00,2016-11-22 22:00:00,Theaterzaal,11307
2016-11-23 20:00:00,2016-11-23 21:30:00,Minard,11107
2016-11-23 20:00:00,2016-11-23 20:55:00,Domzaal,11109
2016-11-24 20:00:00,2016-11-24 21:15:00,Minard,11107
2016-11-24 20:00:00,2016-11-24 22:00:00,Theaterzaal,11759
2016-11-25 20:00:00,2016-11-25 00:00:00,Balzaal,11675
2016-11-25 20:30:00,2016-11-26 00:15:00,Balzaal,11681
2016-11-26 15:00:00,2016-11-26 22:00:00,Diverse Zalen,11697
2016-11-26 20:00:00,2016-11-27 02:00:00,Balzaal & Café,11677
2016-11-26 20:15:00,2016-11-27 00:00:00,Balzaal,11683
2016-11-26 22:30:00,2016-11-27 06:00:00,Concertzaal,11141
2016-11-27 13:15:00,2016-11-27 18:15:00,Balzaal,11679
2016-11-27 13:30:00,2016-11-27 18:00:00,Balzaal,11685
2016-11-27 14:00:00,2016-11-27 15:30:00,Rondleidingen,11425
2016-11-29 19:30:00,2016-11-29 23:00:00,Concertzaal,11693
2016-11-30 20:00:00,2016-11-30 21:15:00,Domzaal,11111
2016-11-30 20:00:00,2016-11-30 22:00:00,Balzaal,11719
2016-12-01 13:00:00,2016-12-01 22:00:00,Diverse Zalen,11589
2016-12-01 13:00:00,2016-12-01 22:00:00,Domzaal,11721
2016-12-01 13:00:00,2016-12-01 22:00:00,Balzaal,11723
2016-12-01 19:30:00,2016-12-02 03:00:00,Concertzaal,11661
2016-12-01 22:00:00,2016-12-02 03:00:00,Café,11777
2016-12-02 13:00:00,2016-12-02 22:00:00,Diverse Zalen,11589
2016-12-02 13:00:00,2016-12-02 22:00:00,Domzaal,11725
2016-12-02 13:00:00,2016-12-02 22:00:00,Balzaal,11727
2016-12-02 20:00:00,2016-12-02 21:10:00,Theaterzaal,11571
2016-12-03 13:00:00,2016-12-03 22:00:00,Diverse Zalen,11589
2016-12-03 13:00:00,2016-12-03 22:00:00,Domzaal,11729
2016-12-03 13:00:00,2016-12-03 22:00:00,Balzaal,11733
2016-12-03 19:30:00,2016-12-03 23:15:00,Concertzaal,11573
2016-12-03 23:00:00,2016-12-04 05:00:00,Balzaal,11593
2016-12-03 23:00:00,2016-12-04 05:00:00,Balzaal,11731
2016-12-04 20:00:00,2016-12-04 21:30:00,Theaterzaal,11339
2016-12-05 20:00:00,2016-12-05 21:00:00,Blauwe Kamer,11371
2016-12-06 20:00:00,2016-12-06 21:00:00,Domzaal,11477
2016-12-07 09:00:00,2016-12-08 00:00:00,Domzaal,11477
2016-12-07 19:00:00,2016-12-07 20:30:00,Theaterzaal,11113
2016-12-07 20:00:00,2016-12-07 22:00:00,Balzaal,11743
2016-12-08 20:00:00,2016-12-08 21:30:00,Theaterzaal,11113
2016-12-08 20:00:00,2016-12-08 21:10:00,Op Locatie,11115
2016-12-08 20:00:00,2016-12-08 21:00:00,Domzaal,11477
2016-12-08 22:00:00,2016-12-09 05:00:00,Concertzaal,11775
2016-12-09 19:30:00,2016-12-09 21:45:00,Theaterzaal,11767
2016-12-09 20:00:00,2016-12-09 21:10:00,Op Locatie,11115
2016-12-09 20:00:00,2016-12-09 21:00:00,Domzaal,11471
2016-12-10 20:00:00,2016-12-10 21:10:00,Op Locatie,11115
2016-12-10 20:00:00,2016-12-10 21:00:00,Domzaal,11471
2016-12-10 20:00:00,2016-12-11 04:00:00,Concertzaal,11495
2016-12-11 14:00:00,2016-12-11 15:30:00,Rondleidingen,11425
2016-12-11 14:00:00,2016-12-11 19:00:00,Café,11585
2016-12-11 15:00:00,2016-12-11 16:00:00,Domzaal,11471
2016-12-13 20:00:00,2016-12-13 22:00:00,Balzaal,11639
2016-12-14 20:00:00,2016-12-14 21:45:00,Theaterzaal,11059
2016-12-15 19:30:00,2016-12-15 23:00:00,Concertzaal,11485
2016-12-16 20:00:00,2016-12-16 21:00:00,Theaterzaal,11497
2016-12-16 21:30:00,2016-12-17 05:00:00,Balzaal,11481
2016-12-17 14:00:00,2016-12-17 15:00:00,Op Locatie,11207
2016-12-17 16:00:00,2016-12-17 17:00:00,Op Locatie,11207
2016-12-17 20:00:00,2016-12-17 21:00:00,Theaterzaal,11497
2016-12-17 23:00:00,2016-12-18 06:00:00,Concertzaal,11143
2016-12-17 23:00:00,2016-12-18 05:00:00,Balzaal,11499
2016-12-18 15:00:00,2016-12-18 16:00:00,Op Locatie,11207
2016-12-18 19:00:00,2016-12-18 20:00:00,Op Locatie,11207
2016-12-18 19:30:00,2016-12-19 00:00:00,Balzaal,11459
2016-12-18 19:30:00,2016-12-19 00:00:00,Concertzaal,11635
2016-12-19 14:00:00,2016-12-19 15:00:00,Op Locatie,11207
2016-12-19 14:00:00,2016-12-19 15:00:00,Op Locatie,11347
2016-12-19 19:00:00,2016-12-19 20:00:00,Op Locatie,11207
2016-12-19 20:00:00,2016-12-19 21:00:00,Blauwe Kamer,11371
2016-12-20 14:00:00,2016-12-20 15:00:00,Op Locatie,11207
2016-12-20 14:00:00,2016-12-20 15:00:00,Op Locatie,11347
2016-12-20 19:00:00,2016-12-20 20:00:00,Op Locatie,11207
2016-12-20 19:30:00,2016-12-21 00:00:00,Concertzaal,11663
2016-12-20 20:00:00,2016-12-20 22:00:00,Balzaal,11183
2016-12-21 19:30:00,2016-12-21 23:00:00,Balzaal,7729
2016-12-21 19:30:00,2016-12-22 01:00:00,Balzaal,11761
2016-12-21 20:00:00,2016-12-21 21:15:00,Theaterzaal,11473
2016-12-22 20:00:00,2016-12-22 21:15:00,Theaterzaal,11473
2016-12-22 21:00:00,2016-12-22 22:50:00,Balzaal,11755
2016-12-23 20:00:00,2016-12-23 21:15:00,Theaterzaal,11473
2016-12-23 23:00:00,2016-12-24 06:00:00,Concertzaal,11501
2016-12-31 22:30:00,2017-01-01 06:59:00,Balzaal,11147
2016-12-31 23:00:00,2017-01-01 06:59:00,Concertzaal,11145
2016-12-31 23:00:00,2017-01-01 06:00:00,Balzaal & Café,11793
2016-12-31 23:30:00,2017-01-01 06:59:00,Café,11149
2017-01-07 20:30:00,2017-01-08 08:00:00,Concertzaal,11503
2017-01-08 14:00:00,2017-01-08 15:30:00,Rondleidingen,11425
2017-01-11 20:00:00,2017-01-11 23:00:00,Theaterzaal,11779
2017-01-11 20:30:00,2017-01-11 23:00:00,Foyer Theaterzaal ,11843
2017-01-13 14:00:00,2017-01-13 18:00:00,"De Expeditie, Dok Noord 4",11749
2017-01-13 14:00:00,2017-01-13 17:00:00,Mokabon,11857
2017-01-13 19:00:00,2017-01-14 03:00:00,Balzaal,11785
2017-01-13 22:00:00,2017-01-14 05:00:00,Concertzaal,11701
2017-01-14 14:00:00,2017-01-14 18:00:00,"De Expeditie, Dok Noord 4",11749
2017-01-14 19:30:00,2017-01-15 05:00:00,Diverse Zalen,11673
2017-01-14 20:00:00,2017-01-14 22:00:00,NTGent (Minnemeers),11293
2017-01-14 20:00:00,2017-01-14 22:00:00,Theaterzaal,11673
2017-01-14 21:00:00,2017-01-15 03:00:00,Balzaal,11505
2017-01-14 22:00:00,2017-01-15 05:00:00,Concertzaal,11673
2017-01-15 14:00:00,2017-01-15 18:00:00,"De Expeditie, Dok Noord 4",11749
2017-01-16 14:00:00,2017-01-16 18:00:00,"De Expeditie, Dok Noord 4",11749
2017-01-16 20:00:00,2017-01-16 21:00:00,Blauwe Kamer,11371
2017-01-17 14:00:00,2017-01-17 18:00:00,"De Expeditie, Dok Noord 4",11749
2017-01-17 20:00:00,2017-01-17 21:00:00,Theaterzaal,11209
2017-01-18 13:00:00,2017-01-18 17:00:00,Theaterzaal,11849
2017-01-18 14:00:00,2017-01-18 18:00:00,"De Expeditie, Dok Noord 4",11749
2017-01-18 14:30:00,2017-01-18 15:10:00,Minard,11211
2017-01-18 16:00:00,2017-01-18 17:00:00,Domzaal,11213
2017-01-18 20:00:00,2017-01-18 20:40:00,Minard,11211
2017-01-18 21:00:00,2017-01-18 22:00:00,Domzaal,11213
2017-01-19 14:00:00,2017-01-19 14:40:00,Minard,11211
2017-01-19 14:00:00,2017-01-19 14:40:00,Minard,11349
2017-01-19 14:00:00,2017-01-19 18:00:00,"De Expeditie, Dok Noord 4",11749
2017-01-19 14:00:00,2017-01-19 18:00:00,"De Expeditie, Dok Noord 4",11749
2017-01-19 20:00:00,2017-01-19 20:40:00,Minard,11211
2017-01-19 20:00:00,2017-01-19 22:00:00,Op Locatie,11215
2017-01-19 20:00:00,2017-01-19 22:15:00,Theaterzaal,11215
2017-01-19 20:00:00,2017-01-19 21:15:00,"CC Evergem, Weststraat 31 Evergem",11217
2017-01-19 20:00:00,2017-01-19 20:50:00,Theaterzaal,11457
2017-01-19 21:15:00,2017-01-19 22:10:00,Domzaal,11455
2017-01-20 14:00:00,2017-01-20 20:00:00,"De Expeditie, Dok Noord 4",11749
2017-01-20 19:00:00,2017-01-20 20:00:00,Op Locatie,11747
2017-01-20 20:00:00,2017-01-20 21:15:00,Domzaal,11217
2017-01-20 20:00:00,2017-01-20 21:00:00,Op Locatie,11225
2017-01-20 20:00:00,2017-01-20 23:00:00,Mokabon,11857
2017-01-20 21:30:00,2017-01-20 22:30:00,Op Locatie,11747
2017-01-21 14:00:00,2017-01-21 15:00:00,Op Locatie,11747
2017-01-21 14:00:00,2017-01-21 17:00:00,"De Expeditie, Dok Noord 4",11749
2017-01-21 15:00:00,2017-01-21 15:30:00,Domzaal,11745
2017-01-21 16:00:00,2017-01-21 17:00:00,Op Locatie,11747
2017-01-21 16:00:00,2017-01-21 18:00:00,Foyer Theaterzaal ,11751
2017-01-21 17:00:00,2017-01-21 18:00:00,Op Locatie,11225
2017-01-21 18:30:00,2017-01-21 19:30:00,Op Locatie,11747
2017-01-21 20:00:00,2017-01-21 21:00:00,Theaterzaal,11227
2017-01-22 14:00:00,2017-01-22 15:30:00,Rondleidingen,11425
2017-01-22 14:00:00,2017-01-22 19:00:00,Café,11585
2017-01-24 20:00:00,2017-01-24 22:00:00,Balzaal,11185
2017-01-25 20:00:00,2017-01-25 23:00:00,Gouvernement,11797
2017-01-26 19:30:00,2017-01-27 00:00:00,Concertzaal,11643
2017-01-26 20:00:00,2017-01-26 21:30:00,Domzaal,11061
2017-01-27 14:00:00,2017-01-27 17:00:00,Mokabon,11857
2017-01-27 19:30:00,2017-01-28 05:00:00,Concertzaal,11283
2017-01-27 20:00:00,2017-01-27 21:30:00,Domzaal,11061
2017-01-27 20:00:00,2017-01-27 21:45:00,Theaterzaal,11063
2017-01-27 23:00:00,2017-01-28 05:00:00,Balzaal,11803
2017-01-28 20:00:00,2017-01-28 21:45:00,Theaterzaal,11063
2017-01-28 23:00:00,2017-01-29 06:00:00,Concertzaal,11507
2017-01-30 20:00:00,2017-01-30 21:00:00,Blauwe Kamer,11371
2017-01-30 23:00:00,2017-01-31 06:00:00,Concertzaal,11815
2017-02-01 20:00:00,2017-02-01 21:10:00,Domzaal,11229
2017-02-02 20:00:00,2017-02-02 22:00:00,Theaterzaal,11237
2017-02-02 21:00:00,2017-02-02 22:00:00,Balzaal,11855
2017-02-04 20:30:00,2017-02-05 05:00:00,Balzaal,11805
2017-02-04 22:30:00,2017-02-05 06:00:00,Concertzaal,11509
2017-02-05 14:00:00,2017-02-05 15:30:00,Rondleidingen,11425
2017-02-05 19:30:00,2017-02-06 00:00:00,Balzaal,11837
2017-02-08 14:00:00,2017-02-08 17:00:00,Mokabon,11857
2017-02-09 20:00:00,2017-02-09 21:15:00,Domzaal,11065
2017-02-10 14:00:00,2017-02-10 17:00:00,Mokabon,11857
2017-02-10 20:00:00,2017-02-10 21:15:00,Domzaal,11065
2017-02-11 13:00:00,2017-02-11 21:00:00,Dansstudio,11903
2017-02-11 20:00:00,2017-02-12 05:00:00,Balzaal,11821
2017-02-11 20:00:00,2017-02-11 21:45:00,Theaterzaal,11877
2017-02-11 23:00:00,2017-02-12 06:00:00,Concertzaal,11511
2017-02-13 19:00:00,2017-02-13 21:30:00,Minard,11655
2017-02-13 20:00:00,2017-02-13 21:00:00,Blauwe Kamer,11371
2017-02-14 19:00:00,2017-02-14 21:30:00,Minard,11655
2017-02-14 19:30:00,2017-02-14 23:15:00,Balzaal,11687
2017-02-15 19:00:00,2017-02-15 22:00:00,Op Locatie,11641
2017-02-15 19:00:00,2017-02-15 21:30:00,Minard,11655
2017-02-15 19:00:00,2017-02-15 22:00:00,Op Locatie,11915
2017-02-16 19:00:00,2017-02-16 22:00:00,Op Locatie,11641
2017-02-16 19:30:00,2017-02-16 23:00:00,Concertzaal,11575
2017-02-16 22:00:00,2017-02-16 23:00:00,Café,11781
2017-02-17 13:00:00,2017-02-17 19:00:00,Foyer Theaterzaal ,11891
2017-02-17 17:30:00,2017-02-19 17:30:00,Foyer Theaterzaal ,11891
2017-02-17 19:00:00,2017-02-17 22:00:00,Op Locatie,11641
2017-02-17 20:00:00,2017-02-17 22:00:00,"NTGent, Sint-Baafsplein 17",11295
2017-02-17 20:00:00,2017-02-17 22:00:00,Theaterzaal,11637
2017-02-17 23:00:00,2017-02-18 06:00:00,Concertzaal,11807
2017-02-18 10:00:00,2017-02-18 19:00:00,Foyer Theaterzaal ,11891
2017-02-18 19:00:00,2017-02-18 22:00:00,Op Locatie,11641
2017-02-18 23:00:00,2017-02-19 05:00:00,Balzaal,11533
2017-02-19 10:00:00,2017-02-19 18:00:00,Foyer Theaterzaal ,11891
2017-02-19 14:00:00,2017-02-19 15:30:00,Rondleidingen,11425
2017-02-19 14:00:00,2017-02-19 19:00:00,Café,11585
2017-02-20 19:00:00,2017-02-20 20:30:00,Minard,11655
2017-02-21 19:00:00,2017-02-21 23:00:00,Concertzaal,11757
2017-02-21 20:00:00,2017-02-21 22:00:00,Balzaal,11187
2017-02-22 14:00:00,2017-02-22 15:00:00,Op Locatie,11917
2017-02-22 19:00:00,2017-02-22 20:15:00,Theaterzaal,11067
2017-02-22 19:30:00,2017-02-22 23:00:00,Balzaal,11763
2017-02-22 21:00:00,2017-02-22 22:15:00,Theaterzaal,11067
2017-02-22 22:00:00,2017-02-23 05:00:00,Concertzaal,11699
2017-02-23 18:00:00,2017-02-23 19:15:00,Theaterzaal,11067
2017-02-23 20:00:00,2017-02-23 21:15:00,Theaterzaal,11067
2017-02-23 20:45:00,2017-02-23 22:20:00,Balzaal,11833
2017-02-24 11:00:00,2017-02-24 14:00:00,Balzaal,11937
2017-02-24 12:30:00,2017-02-24 14:00:00,Foyer Theaterzaal ,11911
2017-02-24 18:00:00,2017-02-24 19:00:00,Op Locatie,11917
2017-02-24 20:00:00,2017-02-25 04:00:00,Concertzaal,11795
2017-02-25 19:30:00,2017-02-25 23:00:00,Minard,11407
2017-02-25 20:00:00,2017-02-25 22:15:00,Theaterzaal,11219
2017-02-25 21:00:00,2017-02-26 03:00:00,Balzaal,11535
2017-02-25 23:00:00,2017-02-26 06:00:00,Concertzaal,11513
2017-02-26 11:00:00,2017-02-26 15:00:00,Op Locatie,11917
2017-02-27 18:00:00,2017-02-27 23:00:00,Domzaal,11689
2017-02-27 20:00:00,2017-02-27 21:00:00,Blauwe Kamer,11371
2017-02-28 18:00:00,2017-02-28 23:00:00,Domzaal,11689
2017-03-01 20:00:00,2017-03-01 21:00:00,Theaterzaal,11239
2017-03-01 20:30:00,2017-03-01 23:00:00,Gouvernement,11829
2017-03-01 21:30:00,2017-03-01 22:30:00,Domzaal,11689
2017-03-02 20:00:00,2017-03-02 21:00:00,Theaterzaal,11239
2017-03-02 21:30:00,2017-03-02 22:30:00,Domzaal,11689
2017-03-04 20:00:00,2017-03-04 22:00:00,Theaterzaal,11637
2017-03-04 22:00:00,2017-03-05 05:00:00,Balzaal,11735
2017-03-04 23:00:00,2017-03-05 06:00:00,Concertzaal,11515
2017-03-05 14:00:00,2017-03-05 15:30:00,Rondleidingen,11425
2017-03-05 19:30:00,2017-03-05 23:00:00,Balzaal,11769
2017-03-07 20:00:00,2017-03-07 22:00:00,Theaterzaal,11885
2017-03-08 20:00:00,2017-03-08 22:00:00,Foyer Theaterzaal ,11839
2017-03-09 20:00:00,2017-03-10 00:00:00,Balzaal,11799
2017-03-11 20:00:00,2017-03-11 22:00:00,Minard,11297
2017-03-13 20:00:00,2017-03-13 21:00:00,Blauwe Kamer,11371
2017-03-14 18:30:00,2017-03-14 23:00:00,Diverse Zalen,11979
2017-03-14 19:00:00,2017-03-14 19:45:00,Theaterzaal,11941
2017-03-14 20:30:00,2017-03-14 22:10:00,Domzaal,11479
2017-03-14 20:30:00,2017-03-14 21:30:00,Theaterzaal,11939
2017-03-15 12:30:00,2017-03-15 18:00:00,Balzaal,11943
2017-03-15 17:15:00,2017-03-15 18:45:00,Minard,11927
2017-03-15 19:00:00,2017-03-15 20:00:00,Café,11973
2017-03-15 20:00:00,2017-03-15 21:15:00,Domzaal,11801
2017-03-15 20:00:00,2017-03-15 22:20:00,Foyer Theaterzaal ,11963
2017-03-15 21:00:00,2017-03-15 23:00:00,Diverse Zalen,11979
2017-03-16 09:00:00,2017-03-16 17:00:00,Ticketbalie,11965
2017-03-16 12:00:00,2017-03-16 16:30:00,Foyer Theaterzaal ,11947
2017-03-16 14:00:00,2017-03-16 15:30:00,Theaterzaal,11945
2017-03-16 16:00:00,2017-03-16 20:00:00,Diverse Zalen,11979
2017-03-16 17:00:00,2017-03-16 18:30:00,Domzaal,11927
2017-03-16 17:00:00,2017-03-16 18:30:00,Domzaal,11949
2017-03-16 20:00:00,2017-03-16 21:30:00,Foyer Theaterzaal ,11975
2017-03-17 10:30:00,2017-03-17 11:30:00,Rondleidingen,11983
2017-03-17 11:30:00,2017-03-17 12:30:00,Rondleidingen,11983
2017-03-17 16:00:00,2017-03-17 22:00:00,Diverse Zalen,11979
2017-03-17 17:00:00,2017-03-17 18:30:00,Domzaal,11927
2017-03-17 17:00:00,2017-03-17 18:30:00,Domzaal,11951
2017-03-17 19:00:00,2017-03-17 20:00:00,Rondleidingen,11983
2017-03-17 20:30:00,2017-03-18 04:00:00,Balzaal,11929
2017-03-18 10:00:00,2017-03-18 12:00:00,Foyer Theaterzaal ,11977
2017-03-18 12:00:00,2017-03-18 18:00:00,Diverse Zalen,11979
2017-03-18 13:00:00,2017-03-18 14:00:00,Rondleidingen,11983
2017-03-18 13:00:00,2017-03-18 16:00:00,Op Locatie,11991
2017-03-18 13:30:00,2017-03-18 17:00:00,Café,11985
2017-03-18 14:00:00,2017-03-18 15:30:00,Rondleidingen,11983
2017-03-18 14:00:00,2017-03-18 16:00:00,Café,11993
2017-03-18 16:30:00,2017-03-18 19:00:00,Café,12003
2017-03-18 19:00:00,2017-03-18 19:50:00,Gouvernement,11953
2017-03-18 23:00:00,2017-03-19 06:00:00,Concertzaal,11809
2017-03-18 23:00:00,2017-03-19 05:00:00,Balzaal,11967
2017-03-18 23:00:00,2017-03-19 11:00:00,Op Locatie,11995
2017-03-19 11:00:00,2017-03-19 15:00:00,Café,11957
2017-03-19 11:00:00,2017-03-19 15:00:00,Diverse Zalen,11979
2017-03-19 12:00:00,2017-03-19 15:00:00,Foyer Theaterzaal ,11955
2017-03-19 14:00:00,2017-03-19 15:30:00,Rondleidingen,11425
2017-03-19 14:00:00,2017-03-19 19:00:00,Café,11585
2017-03-19 14:00:00,2017-03-19 18:00:00,Diverse Zalen,11999
2017-03-19 15:00:00,2017-03-19 15:50:00,Gouvernement,11953
2017-03-21 20:00:00,2017-03-21 22:00:00,Balzaal,11189
2017-03-22 19:45:00,2017-03-22 22:30:00,Foyer Theaterzaal ,11935
2017-03-22 20:00:00,2017-03-22 22:00:00,Balzaal,11309
2017-03-22 22:00:00,2017-03-23 05:00:00,Concertzaal,11813
2017-03-23 19:30:00,2017-03-23 23:00:00,Balzaal,11817
2017-03-23 19:30:00,2017-03-24 05:00:00,Concertzaal,11889
2017-03-23 20:00:00,2017-03-23 22:00:00,NTGent (Minnemeers),11299
2017-03-24 20:00:00,2017-03-24 22:30:00,Theaterzaal,11241
2017-03-25 19:00:00,2017-03-25 21:30:00,Theaterzaal,11241
2017-03-25 23:00:00,2017-03-26 06:00:00,Concertzaal,11517
2017-03-25 23:00:00,2017-03-26 05:00:00,Balzaal,11537
2017-03-26 19:00:00,2017-03-26 21:30:00,Theaterzaal,11241
2017-03-26 19:30:00,2017-03-26 23:00:00,Balzaal,11789
2017-03-27 12:30:00,2017-03-27 14:00:00,Foyer Theaterzaal ,12001
2017-03-27 20:00:00,2017-03-27 21:00:00,Blauwe Kamer,11371
2017-03-29 20:00:00,2017-03-29 22:00:00,Balzaal,11309
2017-03-29 22:00:00,2017-03-30 05:00:00,Concertzaal,11959
2017-03-30 13:30:00,2017-03-30 17:00:00,Balzaal,11893
2017-03-30 20:00:00,2017-03-30 21:15:00,Domzaal,11243
2017-03-30 20:00:00,2017-03-30 22:00:00,Domzaal,11545
2017-03-31 20:00:00,2017-03-31 21:15:00,Domzaal,11545
2017-03-31 22:00:00,2017-04-01 00:00:00,Minard,11879
2017-03-31 23:00:00,2017-04-01 05:00:00,Balzaal,11905
2017-04-01 20:00:00,2017-04-01 22:00:00,Theaterzaal,11637
2017-04-01 20:00:00,2017-04-01 22:40:00,Balzaal,11841
2017-04-01 22:30:00,2017-04-02 06:00:00,Concertzaal,11519
2017-04-02 14:00:00,2017-04-02 15:30:00,Rondleidingen,11425
2017-04-02 19:30:00,2017-04-02 23:00:00,Balzaal,11853
2017-04-02 20:00:00,2017-04-02 00:00:00,Minard,11919
2017-04-04 20:00:00,2017-04-04 21:10:00,Theaterzaal,11245
2017-04-05 20:00:00,2017-04-05 21:10:00,Theaterzaal,11245
2017-04-06 19:30:00,2017-04-06 23:00:00,Balzaal,11925
2017-04-07 07:00:00,2017-04-08 07:00:00,Brugzaal,11831
2017-04-07 18:00:00,2017-04-08 07:00:00,Wintertuin,11831
2017-04-07 20:00:00,2017-04-07 22:30:00,Theaterzaal,11355
2017-04-07 20:00:00,2017-04-08 05:00:00,Balzaal,11823
2017-04-08 07:00:00,2017-04-09 07:00:00,Wintertuin,11831
2017-04-08 07:00:00,2017-04-09 07:00:00,Brugzaal,11831
2017-04-08 20:00:00,2017-04-08 22:30:00,Theaterzaal,11355
2017-04-08 21:00:00,2017-04-09 05:00:00,Balzaal,11825
2017-04-09 07:00:00,2017-04-10 07:00:00,Wintertuin,11831
2017-04-09 07:00:00,2017-04-10 07:00:00,Brugzaal,11831
2017-04-09 13:00:00,2017-04-09 19:00:00,Balzaal,11827
2017-04-09 15:00:00,2017-04-09 16:30:00,Theaterzaal,11247
2017-04-09 20:00:00,2017-04-09 23:30:00,Concertzaal,11875
2017-04-12 20:00:00,2017-04-12 23:00:00,Theaterzaal,11847
2017-04-13 19:00:00,2017-04-13 22:30:00,Concertzaal,11783
2017-04-13 19:30:00,2017-04-13 23:00:00,Balzaal,11861
2017-04-14 19:30:00,2017-04-14 23:00:00,Balzaal,11921
2017-04-14 20:00:00,2017-04-14 22:00:00,Theaterzaal,11249
2017-04-15 20:00:00,2017-04-15 23:00:00,Op Locatie,12029
2017-04-15 21:00:00,2017-04-16 05:00:00,Balzaal,12019
2017-04-15 23:00:00,2017-04-16 05:00:00,Balzaal,11539
2017-04-15 23:00:00,2017-04-16 06:00:00,Concertzaal,11961
2017-04-16 14:00:00,2017-04-16 15:30:00,Rondleidingen,11425
2017-04-18 20:00:00,2017-04-18 22:00:00,Balzaal,11191
2017-04-19 14:00:00,2017-04-19 17:00:00,Theaterzaal,11969
2017-04-19 20:00:00,2017-04-19 22:00:00,Balzaal,11309
2017-04-19 20:00:00,2017-04-19 22:00:00,Foyer Theaterzaal ,12056
2017-04-20 19:30:00,2017-04-20 21:30:00,Foyer Theaterzaal ,12056
2017-04-20 20:00:00,2017-04-20 22:00:00,Theaterzaal,11971
2017-04-20 20:30:00,2017-04-21 03:00:00,Balzaal,11787
2017-04-21 19:30:00,2017-04-21 23:00:00,Concertzaal,11987
2017-04-21 20:00:00,2017-04-21 23:30:00,Domzaal,11451
2017-04-21 20:00:00,2017-04-21 23:30:00,Domzaal,11887
2017-04-21 23:00:00,2017-04-22 05:00:00,Concertzaal,11989
2017-04-22 12:00:00,2017-04-22 00:00:00,Diverse Zalen,12015
2017-04-22 12:15:00,2017-04-22 18:00:00,Café,12007
2017-04-22 15:00:00,2017-04-22 23:00:00,Domzaal,11451
2017-04-22 15:00:00,2017-04-22 23:00:00,Domzaal,11887
2017-04-22 19:00:00,2017-04-22 21:35:00,Theaterzaal,12005
2017-04-22 21:00:00,2017-04-23 03:00:00,Balzaal,11547
2017-04-22 22:30:00,2017-04-23 06:00:00,Concertzaal,11811
2017-04-23 10:00:00,2017-04-23 18:00:00,Andere locatie,12043
2017-04-23 15:00:00,2017-04-23 20:00:00,Domzaal,11451
2017-04-23 15:00:00,2017-04-23 20:00:00,Domzaal,11887
2017-04-23 17:00:00,2017-04-23 19:30:00,Concertzaal,11897
2017-04-23 17:00:00,2017-04-23 19:30:00,Concertzaal,11913
2017-04-23 20:30:00,2017-04-23 23:30:00,Concertzaal,11897
2017-04-24 20:00:00,2017-04-24 21:00:00,Blauwe Kamer,11371
2017-04-25 19:30:00,2017-04-25 23:00:00,Concertzaal,11791
2017-04-26 19:00:00,2017-04-26 23:30:00,Minard,11251
2017-04-26 20:00:00,2017-04-26 22:00:00,Theaterzaal,11069
2017-04-26 20:00:00,2017-04-26 22:00:00,Balzaal,11309
2017-04-26 20:00:00,2017-04-26 23:00:00,Gouvernement,11933
2017-04-26 20:00:00,2017-04-26 21:30:00,Op Locatie,12035
2017-04-27 14:00:00,2017-04-27 16:00:00,Balzaal,12009
2017-04-27 19:00:00,2017-04-27 23:30:00,Minard,11251
2017-04-27 20:00:00,2017-04-27 22:00:00,Theaterzaal,11069
2017-04-28 12:30:00,2017-04-28 14:00:00,Foyer Theaterzaal ,12050
2017-04-28 19:00:00,2017-04-28 23:30:00,Minard,11251
2017-04-28 20:00:00,2017-04-28 22:00:00,Op Locatie,12011
2017-04-29 15:00:00,2017-04-29 23:00:00,Diverse Zalen,11385
2017-04-29 19:00:00,2017-04-29 23:30:00,Minard,11251
2017-04-29 22:00:00,2017-04-29 22:50:00,Theaterzaal,11253
2017-04-29 23:00:00,2017-04-30 03:00:00,Café,12048
2017-04-30 14:00:00,2017-04-30 15:30:00,Rondleidingen,11425
2017-04-30 17:30:00,2017-04-30 23:15:00,Foyer Theaterzaal ,11901
2017-04-30 20:00:00,2017-04-30 04:00:00,Concertzaal & Foyer Theaterzaal,11895
2017-04-30 20:00:00,2017-05-01 04:00:00,Concertzaal,11899
2017-05-03 19:30:00,2017-05-03 22:30:00,Concertzaal,11859
2017-05-04 20:00:00,2017-05-04 22:00:00,Theaterzaal,11285
2017-05-04 20:00:00,2017-05-04 23:00:00,Gouvernement,11931
2017-05-05 20:00:00,2017-05-05 22:00:00,Theaterzaal,11287
2017-05-06 16:00:00,2017-05-06 22:00:00,Theaterzaal,11289
2017-05-06 23:00:00,2017-05-07 06:00:00,Concertzaal,11521
2017-05-07 16:00:00,2017-05-07 22:00:00,Theaterzaal,7729
2017-05-07 16:00:00,2017-05-07 22:00:00,Theaterzaal,11289
2017-05-07 17:00:00,2017-05-07 18:30:00,Domzaal,11255
2017-05-07 20:00:00,2017-05-07 21:30:00,Domzaal,11255
2017-05-08 19:00:00,2017-05-08 21:00:00,Domzaal,11255
2017-05-08 20:00:00,2017-05-08 21:00:00,Blauwe Kamer,11371
2017-05-08 22:00:00,2017-05-09 00:00:00,Domzaal,11255
2017-05-09 13:00:00,2017-05-09 17:00:00,Café,12102
2017-05-09 19:00:00,2017-05-09 21:00:00,Domzaal,11255
2017-05-09 19:30:00,2017-05-09 20:45:00,Theaterzaal,12041
2017-05-09 22:00:00,2017-05-10 00:00:00,Domzaal,11255
2017-05-10 19:00:00,2017-05-10 21:00:00,Domzaal,11255
2017-05-10 20:00:00,2017-05-10 22:00:00,Theaterzaal,12021
2017-05-10 22:00:00,2017-05-11 00:00:00,Domzaal,11255
2017-05-11 13:00:00,2017-05-11 17:00:00,Café,12102
2017-05-11 19:00:00,2017-05-11 21:00:00,Domzaal,11255
2017-05-11 19:30:00,2017-05-12 01:00:00,Concertzaal,11923
2017-05-11 19:30:00,2017-05-11 21:00:00,Op Locatie,12045
2017-05-11 22:00:00,2017-05-12 00:00:00,Domzaal,11255
2017-05-12 19:00:00,2017-05-12 21:00:00,Domzaal,11255
2017-05-12 20:00:00,2017-05-12 22:30:00,Theaterzaal,11907
2017-05-12 22:00:00,2017-05-13 00:00:00,Domzaal,11255
2017-05-13 15:00:00,2017-05-13 17:00:00,Domzaal,11255
2017-05-13 19:00:00,2017-05-13 21:00:00,Domzaal,11255
2017-05-13 20:00:00,2017-05-13 21:30:00,Theaterzaal,11341
2017-05-13 20:30:00,2017-05-14 00:45:00,Concertzaal,11909
2017-05-13 22:00:00,2017-05-14 05:00:00,Balzaal,11737
2017-05-14 14:00:00,2017-05-14 20:00:00,NTGent (Minnemeers),11301
2017-05-14 14:00:00,2017-05-14 15:30:00,Rondleidingen,11425
2017-05-16 20:00:00,2017-05-16 22:00:00,Theaterzaal,11221
2017-05-18 08:30:00,2017-05-18 18:15:00,Theaterzaal,12070
2017-05-19 08:30:00,2017-05-19 19:30:00,Theaterzaal,12070
2017-05-19 10:00:00,2017-05-19 18:00:00,Op Locatie,12072
2017-05-19 22:00:00,2017-05-20 05:00:00,Balzaal,12078
2017-05-20 10:00:00,2017-05-20 18:00:00,Op Locatie,12072
2017-05-21 10:00:00,2017-05-21 18:00:00,Op Locatie,12072
2017-05-22 20:00:00,2017-05-22 21:00:00,Blauwe Kamer,11371
2017-05-23 09:00:00,2017-05-23 18:00:00,Op Locatie,12023
2017-05-23 19:00:00,2017-05-23 21:00:00,Op Locatie,12058
2017-05-23 20:00:00,2017-05-23 22:00:00,Minard,11313
2017-05-23 20:00:00,2017-05-23 21:15:00,Minard,11327
2017-05-24 20:00:00,2017-05-24 22:00:00,Minard,11315
2017-05-24 20:00:00,2017-05-24 21:00:00,Minard,11329
2017-05-24 20:00:00,2017-05-24 23:30:00,Balzaal,11819
2017-05-24 20:00:00,2017-05-24 22:15:00,Theaterzaal,11851
2017-05-25 20:00:00,2017-05-25 22:00:00,Minard,11317
2017-05-25 20:00:00,2017-05-25 21:15:00,Minard,11331
2017-05-27 20:00:00,2017-05-27 21:40:00,Theaterzaal,11343
2017-05-27 23:00:00,2017-05-28 05:00:00,Balzaal,11541
2017-05-28 14:00:00,2017-05-28 15:30:00,Rondleidingen,11425
2017-05-28 19:30:00,2017-05-28 23:00:00,Concertzaal,11835
2017-05-29 09:00:00,2017-05-29 18:00:00,Op Locatie,12023
2017-05-29 19:00:00,2017-05-29 21:00:00,Ticketbalie,12323
2017-05-30 07:00:00,2017-05-31 07:00:00,Op Locatie,12023
2017-05-30 13:00:00,2017-05-30 14:00:00,Op Locatie,12023
2017-05-30 16:00:00,2017-05-30 17:00:00,Op Locatie,12023
2017-05-31 07:00:00,2017-06-01 07:00:00,Op Locatie,12023
2017-05-31 11:00:00,2017-05-31 12:00:00,Op Locatie,12023
2017-05-31 14:00:00,2017-05-31 15:00:00,Op Locatie,12023
2017-05-31 20:00:00,2017-05-31 21:25:00,Domzaal,11257
2017-05-31 20:00:00,2017-05-31 22:15:00,Gouvernement,12046
2017-06-01 07:00:00,2017-06-02 07:00:00,Op Locatie,12023
2017-06-01 11:00:00,2017-06-01 12:00:00,Op Locatie,12023
2017-06-01 14:00:00,2017-06-01 15:00:00,Op Locatie,12023
2017-06-01 15:45:00,2017-06-01 17:00:00,Concertzaal,12325
2017-06-01 20:00:00,2017-06-01 21:25:00,Domzaal,11257
2017-06-02 11:00:00,2017-06-02 12:00:00,Op Locatie,12023
2017-06-02 18:30:00,2017-06-02 19:30:00,Op Locatie,12023
2017-06-02 20:00:00,2017-06-02 21:25:00,Domzaal,11257
2017-06-03 13:00:00,2017-06-03 14:00:00,Op Locatie,12023
2017-06-03 16:00:00,2017-06-03 17:00:00,Op Locatie,12023
2017-06-03 22:00:00,2017-06-04 06:00:00,Concertzaal,12037
2017-06-05 20:00:00,2017-06-05 21:00:00,Blauwe Kamer,11371
2017-06-05 20:00:00,2017-06-05 22:00:00,Theaterzaal,12303
2017-06-09 14:00:00,2017-06-09 14:55:00,Domzaal,11259
2017-06-09 14:00:00,2017-06-09 14:55:00,Domzaal,11351
2017-06-09 20:00:00,2017-06-09 20:55:00,Domzaal,11259
2017-06-09 20:00:00,2017-06-10 00:30:00,Concertzaal,12080
2017-06-10 14:00:00,2017-06-10 14:55:00,Domzaal,11259
2017-06-10 17:00:00,2017-06-10 17:55:00,Domzaal,11259
2017-06-10 20:00:00,2017-06-10 23:30:00,Balzaal,12039
2017-06-10 22:30:00,2017-06-11 06:00:00,Concertzaal,11523
2017-06-14 15:00:00,2017-06-14 19:00:00,Foyer Theaterzaal ,12082
2017-06-15 19:30:00,2017-06-15 23:00:00,Balzaal,12017
2017-06-15 19:30:00,2017-06-15 23:30:00,Balzaal,12025
2017-06-17 23:00:00,2017-06-18 06:00:00,Concertzaal,11525
2017-06-17 23:00:00,2017-06-18 05:00:00,Balzaal,12027
2017-06-19 20:00:00,2017-06-19 21:00:00,Blauwe Kamer,11371
2017-06-23 23:00:00,2017-06-24 06:00:00,Concertzaal,11529
2017-06-24 16:00:00,2017-06-24 17:00:00,Theaterzaal,12271
2017-06-24 20:30:00,2017-06-24 21:30:00,Domzaal,12313
2017-06-24 23:00:00,2017-06-25 06:00:00,Concertzaal,11531
2017-06-24 23:00:00,2017-06-25 05:00:00,Balzaal,11543
2017-06-25 15:00:00,2017-06-25 16:00:00,Domzaal,12313
2017-06-26 20:00:00,2017-06-26 21:00:00,Foyer Theaterzaal ,11371
2017-06-28 22:30:00,2017-06-29 05:00:00,Concertzaal,11527
2017-06-30 20:00:00,2017-07-01 03:00:00,Café,12409
2017-07-01 19:30:00,2017-07-02 04:00:00,Concertzaal,11771
2017-07-03 23:00:00,2017-07-04 05:00:00,Concertzaal,12013
2017-07-14 18:00:00,2017-07-15 01:00:00,Gouvernement,12432
2017-07-14 23:00:00,2017-07-15 07:00:00,Concertzaal,12391
2017-07-15 14:00:00,2017-07-15 15:30:00,Rondleidingen,12371
2017-07-15 16:00:00,2017-07-15 17:30:00,Rondleidingen,12371
2017-07-15 18:00:00,2017-07-16 01:00:00,Gouvernement,12434
2017-07-15 20:00:00,2017-07-15 22:00:00,Theaterzaal,12086
2017-07-15 20:30:00,2017-07-15 22:00:00,Foyer Theaterzaal ,12084
2017-07-16 14:00:00,2017-07-16 15:30:00,Rondleidingen,12371
2017-07-16 16:00:00,2017-07-16 17:30:00,Rondleidingen,12371
2017-07-16 18:00:00,2017-07-17 01:00:00,Gouvernement,12436
2017-07-16 20:00:00,2017-07-16 21:40:00,Theaterzaal,12033
2017-07-16 20:30:00,2017-07-16 22:00:00,Foyer Theaterzaal ,12088
2017-07-17 14:00:00,2017-07-17 15:30:00,Rondleidingen,12371
2017-07-17 14:00:00,2017-07-17 15:30:00,Rondleidingen,12371
2017-07-17 16:00:00,2017-07-17 17:30:00,Rondleidingen,12371
2017-07-17 18:00:00,2017-07-18 01:00:00,Gouvernement,12438
2017-07-18 14:00:00,2017-07-18 15:30:00,Rondleidingen,12371
2017-07-18 16:00:00,2017-07-18 17:30:00,Rondleidingen,12371
2017-07-18 18:00:00,2017-07-19 01:00:00,Gouvernement,12440
2017-07-18 20:00:00,2017-07-18 22:10:00,Theaterzaal,12090
2017-07-19 14:00:00,2017-07-19 15:30:00,Rondleidingen,12371
2017-07-19 14:00:00,2017-07-19 15:30:00,Rondleidingen,12371
2017-07-19 16:00:00,2017-07-19 17:30:00,Rondleidingen,12371
2017-07-19 18:00:00,2017-07-20 01:00:00,Gouvernement,12442
2017-07-19 20:00:00,2017-07-19 22:00:00,Theaterzaal,12092
2017-07-20 14:00:00,2017-07-20 15:30:00,Rondleidingen,12371
2017-07-20 16:00:00,2017-07-20 17:30:00,Rondleidingen,12371
2017-07-20 18:00:00,2017-07-21 01:00:00,Gouvernement,12444
2017-07-20 20:00:00,2017-07-20 22:00:00,Theaterzaal,12092
2017-07-20 20:30:00,2017-07-20 22:30:00,Foyer Theaterzaal ,12094
2017-07-20 23:00:00,2017-07-21 07:00:00,Concertzaal,12393
2017-07-21 14:00:00,2017-07-21 15:30:00,Rondleidingen,12371
2017-07-21 14:00:00,2017-07-21 15:30:00,Rondleidingen,12371
2017-07-21 16:00:00,2017-07-21 17:30:00,Rondleidingen,12371
2017-07-21 18:00:00,2017-07-22 01:00:00,Gouvernement,12446
2017-07-22 14:00:00,2017-07-22 15:30:00,Rondleidingen,12371
2017-07-22 15:00:00,2017-07-22 17:00:00,Theaterzaal,12092
2017-07-22 16:00:00,2017-07-22 17:30:00,Rondleidingen,12371
2017-07-22 18:00:00,2017-07-23 01:00:00,Gouvernement,12448
2017-07-22 20:00:00,2017-07-22 22:00:00,Theaterzaal,12092
2017-07-22 20:30:00,2017-07-22 22:00:00,Foyer Theaterzaal ,12096
2017-07-23 18:00:00,2017-07-24 01:00:00,Gouvernement,12450
2017-07-23 20:00:00,2017-07-23 22:10:00,Theaterzaal,12052
2017-07-23 20:30:00,2017-07-23 22:30:00,Foyer Theaterzaal ,12098
2017-07-23 23:00:00,2017-07-24 14:00:00,Concertzaal,12395
2017-08-13 12:00:00,2017-08-13 18:00:00,Op Locatie,12506
2017-08-28 09:00:00,2017-08-28 18:00:00,Op Locatie,12023
2017-08-31 05:00:00,2017-09-01 05:00:00,Gele Kamer,12566
2017-09-02 23:00:00,2017-09-03 05:00:00,Balzaal,12512
2017-09-06 07:00:00,2017-09-07 07:00:00,Op Locatie,12506
2017-09-06 20:00:00,2017-09-06 22:00:00,Theaterzaal,12484
2017-09-07 07:00:00,2017-09-08 07:00:00,Op Locatie,12506
2017-09-07 20:00:00,2017-09-07 21:35:00,Balzaal,12508
2017-09-08 07:00:00,2017-09-09 07:00:00,Op Locatie,12506
2017-09-09 10:00:00,2017-09-09 18:00:00,Op Locatie,12506
2017-09-09 23:00:00,2017-09-10 06:00:00,Concertzaal,12534
2017-09-10 10:00:00,2017-09-10 18:00:00,Op Locatie,12506
2017-09-10 10:00:00,2017-09-10 18:00:00,Theaterzaal,12550
2017-09-11 20:00:00,2017-09-11 21:30:00,Gele Kamer,12558
2017-09-14 18:00:00,2017-09-15 02:00:00,Café,12596
2017-09-14 20:00:00,2017-09-14 22:30:00,Theaterzaal,12104
2017-09-15 20:00:00,2017-09-15 22:25:00,Theaterzaal,12428
2017-09-16 14:00:00,2017-09-16 18:15:00,Theaterzaal,12458
2017-09-16 22:30:00,2017-09-17 06:00:00,Concertzaal,12220
2017-09-17 07:00:00,2017-09-18 07:00:00,Op Locatie,12506
2017-09-17 11:00:00,2017-09-17 18:00:00,Op Locatie,12267
2017-09-17 11:00:00,2017-09-17 17:30:00,Op Locatie,12544
2017-09-18 07:00:00,2017-09-19 07:00:00,Op Locatie,12506
2017-09-19 07:00:00,2017-09-20 07:00:00,Op Locatie,12506
2017-09-20 07:00:00,2017-09-21 07:00:00,Op Locatie,12506
2017-09-20 20:00:00,2017-09-20 21:15:00,Minard,12106
2017-09-21 20:00:00,2017-09-21 22:00:00,Balzaal,12100
2017-09-21 20:00:00,2017-09-21 21:15:00,Minard,12106
2017-09-22 20:00:00,2017-09-22 21:15:00,Minard,12106
2017-09-22 20:00:00,2017-09-23 00:00:00,Balzaal,12397
2017-09-22 20:00:00,2017-09-22 21:15:00,Theaterzaal,12568
2017-09-23 12:00:00,2017-09-24 00:00:00,Op Locatie,12506
2017-09-23 20:00:00,2017-09-23 21:15:00,Minard,12106
2017-09-23 21:00:00,2017-09-24 03:00:00,Balzaal,12486
2017-09-23 23:00:00,2017-09-24 06:00:00,Concertzaal,12222
2017-09-24 12:00:00,2017-09-24 18:00:00,Op Locatie,12506
2017-09-24 14:30:00,2017-09-24 17:00:00,Foyer Theaterzaal ,12460
2017-09-25 20:00:00,2017-09-25 21:30:00,Gele Kamer,12558
2017-09-26 20:00:00,2017-09-26 21:15:00,LOD Studio,12118
2017-09-27 20:00:00,2017-09-27 21:15:00,LOD Studio,12118
2017-09-27 22:00:00,2017-09-27 22:45:00,Op Locatie,12120
2017-09-28 19:30:00,2017-09-28 20:30:00,Café,12570
2017-09-28 20:00:00,2017-09-28 21:15:00,LOD Studio,12118
2017-09-28 20:00:00,2017-09-28 22:00:00,Op Locatie,12552
2017-09-28 21:00:00,2017-09-28 23:30:00,Café,12122
2017-09-28 22:00:00,2017-09-28 22:45:00,Op Locatie,12120
2017-09-29 12:15:00,2017-09-29 14:00:00,Foyer Theaterzaal ,12546
2017-09-29 21:00:00,2017-09-30 04:00:00,Balzaal,12108
2017-09-29 23:00:00,2017-09-30 06:00:00,Concertzaal,12060
2017-09-30 16:00:00,2017-09-30 18:30:00,Foyer Theaterzaal ,12488
2017-09-30 17:00:00,2017-09-30 21:00:00,Op Locatie,12506
2017-09-30 20:00:00,2017-09-30 21:50:00,Theaterzaal,12124
2017-09-30 22:00:00,2017-10-01 05:00:00,Balzaal,12062
2017-09-30 23:00:00,2017-10-01 06:00:00,Concertzaal,12224
2017-10-01 11:00:00,2017-10-01 14:00:00,Café,12462
2017-10-01 12:00:00,2017-10-01 18:00:00,Op Locatie,12506
2017-10-01 13:30:00,2017-10-01 15:00:00,Op Locatie,12490
2017-10-01 14:00:00,2017-10-01 15:30:00,Rondleidingen,12126
2017-10-03 09:30:00,2017-10-03 10:30:00,Café,12594
2017-10-03 11:00:00,2017-10-03 12:00:00,Café,12594
2017-10-03 20:00:00,2017-10-03 21:35:00,Theaterzaal,12128
2017-10-04 09:30:00,2017-10-04 10:30:00,Café,12594
2017-10-04 20:00:00,2017-10-04 21:35:00,Theaterzaal,12128
2017-10-04 22:00:00,2017-10-05 05:00:00,Concertzaal,12662
2017-10-05 10:00:00,2017-10-05 11:00:00,Café,12594
2017-10-05 11:00:00,2017-10-05 12:00:00,Café,12594
2017-10-05 14:30:00,2017-10-05 15:30:00,Café,12594
2017-10-05 20:00:00,2017-10-05 22:00:00,Op Locatie,12110
2017-10-05 20:00:00,2017-10-05 22:30:00,Balzaal,12399
2017-10-05 22:30:00,2017-10-06 05:00:00,Concertzaal,12226
2017-10-06 14:00:00,2017-10-06 15:00:00,Café,12594
2017-10-06 20:00:00,2017-10-06 22:00:00,Op Locatie,12110
2017-10-06 22:00:00,2017-10-07 06:00:00,Concertzaal,12228
2017-10-07 11:00:00,2017-10-07 12:00:00,Café,12594
2017-10-07 13:30:00,2017-10-07 14:30:00,Café,12594
2017-10-07 15:00:00,2017-10-07 17:00:00,Op Locatie,12110
2017-10-07 22:00:00,2017-10-08 06:00:00,Concertzaal,12230
2017-10-07 23:00:00,2017-10-08 05:00:00,Balzaal,12492
2017-10-08 10:00:00,2017-10-08 12:00:00,Op Locatie,12110
2017-10-08 10:30:00,2017-10-08 12:20:00,Theaterzaal,12305
2017-10-08 15:00:00,2017-10-08 17:00:00,Op Locatie,12110
2017-10-09 20:00:00,2017-10-09 21:30:00,Gele Kamer,12558
2017-10-10 19:30:00,2017-10-10 21:30:00,Theaterzaal,12606
2017-10-10 22:00:00,2017-10-11 05:00:00,Concertzaal,12327
2017-10-11 20:00:00,2017-10-11 22:00:00,Theaterzaal,12412
2017-10-11 22:00:00,2017-10-12 05:00:00,Concertzaal,12329
2017-10-11 22:00:00,2017-10-12 03:00:00,Café,12608
2017-10-12 20:00:00,2017-10-12 22:30:00,Theaterzaal,12416
2017-10-12 22:00:00,2017-10-13 04:00:00,Balzaal,12414
2017-10-13 15:00:00,2017-10-13 16:43:00,Theaterzaal,12612
2017-10-13 20:00:00,2017-10-13 22:00:00,Minard,12273
2017-10-13 20:00:00,2017-10-13 23:30:00,Balzaal,12474
2017-10-13 20:00:00,2017-10-13 21:35:00,Theaterzaal,12610
2017-10-14 17:00:00,2017-10-14 18:10:00,Foyer Theaterzaal ,12614
2017-10-14 20:00:00,2017-10-14 21:53:00,Theaterzaal,12616
2017-10-14 23:00:00,2017-10-15 06:00:00,Concertzaal,12232
2017-10-14 23:00:00,2017-10-15 00:00:00,Theaterzaal,12618
2017-10-15 14:00:00,2017-10-15 15:30:00,Rondleidingen,12126
2017-10-15 15:00:00,2017-10-15 16:00:00,Theaterzaal,12638
2017-10-15 20:00:00,2017-10-15 21:30:00,Gouvernement,12418
2017-10-15 20:00:00,2017-10-15 21:48:00,Theaterzaal,12620
2017-10-16 20:00:00,2017-10-16 22:00:00,Theaterzaal,12622
2017-10-17 09:30:00,2017-10-17 16:00:00,Theaterzaal,12624
2017-10-17 20:00:00,2017-10-17 22:00:00,Theaterzaal,12275
2017-10-17 20:15:00,2017-10-17 21:45:00,Foyer Theaterzaal ,12640
2017-10-17 22:00:00,2017-10-18 05:00:00,Concertzaal,12064
2017-10-18 09:30:00,2017-10-18 17:00:00,Theaterzaal,12628
2017-10-18 20:00:00,2017-10-18 22:30:00,Gouvernement,12420
2017-10-18 20:00:00,2017-10-18 22:09:00,Theaterzaal,12626
2017-10-19 11:00:00,2017-10-19 13:30:00,Theaterzaal,12630
2017-10-19 14:00:00,2017-10-19 15:30:00,LOD Studio,12130
2017-10-19 19:00:00,2017-10-19 22:00:00,Minard,12361
2017-10-19 19:00:00,2017-10-19 22:00:00,Op Locatie,12688
2017-10-19 20:00:00,2017-10-19 21:30:00,LOD Studio,12130
2017-10-19 20:00:00,2017-10-19 22:30:00,Theaterzaal,12422
2017-10-19 22:00:00,2017-10-20 05:00:00,Concertzaal,12066
2017-10-19 23:00:00,2017-10-20 02:00:00,Op Locatie,12690
2017-10-20 14:00:00,2017-10-20 15:30:00,LOD Studio,11469
2017-10-20 20:00:00,2017-10-20 21:30:00,LOD Studio,12130
2017-10-20 20:00:00,2017-10-20 22:29:00,Theaterzaal,12424
2017-10-21 19:00:00,2017-10-21 22:00:00,Minard,12530
2017-10-21 20:00:00,2017-10-21 21:55:00,Theaterzaal,12632
2017-10-21 22:00:00,2017-10-22 03:00:00,Café,12692
2017-10-21 22:30:00,2017-10-22 06:00:00,Concertzaal,12234
2017-10-23 20:00:00,2017-10-23 21:30:00,Gele Kamer,12558
2017-10-24 19:00:00,2017-10-24 20:30:00,Foyer Theaterzaal ,12676
2017-10-25 20:00:00,2017-10-25 21:30:00,Theaterzaal,12307
2017-10-25 22:00:00,2017-10-26 05:00:00,Concertzaal,12331
2017-10-26 18:00:00,2017-10-26 22:00:00,Balzaal,12248
2017-10-26 20:00:00,2017-10-26 22:00:00,Theaterzaal,12576
2017-10-26 20:30:00,2017-10-26 22:00:00,Op Locatie,12132
2017-10-26 22:00:00,2017-10-27 05:00:00,Concertzaal,12162
2017-10-26 22:00:00,2017-10-27 05:00:00,Balzaal,12548
2017-10-26 22:00:00,2017-10-27 07:00:00,Café,12578
2017-10-27 19:00:00,2017-10-27 22:20:00,Balzaal,12283
2017-10-27 20:30:00,2017-10-27 22:00:00,Op Locatie,12132
2017-10-27 23:00:00,2017-10-28 06:00:00,Concertzaal,12536
2017-10-28 15:00:00,2017-10-28 16:45:00,Theaterzaal,12672
2017-10-28 23:00:00,2017-10-29 05:00:00,Balzaal,12494
2017-10-29 14:00:00,2017-10-29 15:30:00,Rondleidingen,12126
2017-10-29 14:30:00,2017-10-29 17:00:00,Foyer Theaterzaal ,12460
2017-10-31 19:30:00,2017-10-31 22:30:00,Balzaal,12401
2017-11-01 19:30:00,2017-11-01 23:00:00,Concertzaal,12405
2017-11-01 19:30:00,2017-11-01 23:00:00,Balzaal,12542
2017-11-02 20:00:00,2017-11-02 21:50:00,Theaterzaal,12112
2017-11-02 20:00:00,2017-11-02 21:00:00,LOD Studio,12134
2017-11-02 20:00:00,2017-11-03 03:00:00,Balzaal,12379
2017-11-03 19:30:00,2017-11-03 23:00:00,Balzaal,12562
2017-11-03 20:00:00,2017-11-03 21:50:00,Theaterzaal,12112
2017-11-03 20:00:00,2017-11-03 21:00:00,LOD Studio,12134
2017-11-04 19:30:00,2017-11-05 05:00:00,Balzaal,12564
2017-11-04 20:00:00,2017-11-04 21:50:00,Theaterzaal,12112
2017-11-04 22:00:00,2017-11-05 06:00:00,Concertzaal,12236
2017-11-06 20:00:00,2017-11-06 21:30:00,Gele Kamer,12558
2017-11-06 23:00:00,2017-11-07 05:00:00,Concertzaal,12604
2017-11-07 20:00:00,2017-11-07 22:00:00,Theaterzaal,12277
2017-11-08 20:00:00,2017-11-08 22:30:00,Gouvernement,12572
2017-11-08 22:00:00,2017-11-09 05:00:00,Concertzaal,12333
2017-11-09 20:00:00,2017-11-09 21:40:00,Theaterzaal,12114
2017-11-10 20:00:00,2017-11-10 21:40:00,Theaterzaal,12114
2017-11-10 22:30:00,2017-11-11 06:00:00,Concertzaal,12238
2017-11-11 20:00:00,2017-11-11 21:40:00,Theaterzaal,12114
2017-11-11 21:00:00,2017-11-12 03:00:00,Balzaal,12496
2017-11-11 23:00:00,2017-11-12 06:00:00,Concertzaal,12514
2017-11-12 14:00:00,2017-11-12 15:30:00,Rondleidingen,12126
2017-11-12 19:00:00,2017-11-12 22:00:00,Minard,12359
2017-11-12 20:00:00,2017-11-12 21:15:00,Theaterzaal,12588
2017-11-15 20:00:00,2017-11-15 22:00:00,Balzaal,12600
2017-11-16 17:00:00,2017-11-16 21:30:00,Op Locatie,12269
2017-11-16 19:30:00,2017-11-16 22:45:00,Concertzaal,12586
2017-11-16 20:00:00,2017-11-17 00:30:00,Balzaal,12658
2017-11-17 17:00:00,2017-11-17 21:30:00,Op Locatie,12269
2017-11-17 19:30:00,2017-11-17 23:00:00,Concertzaal,12074
2017-11-17 20:30:00,2017-11-18 03:00:00,Balzaal,12674
2017-11-18 15:00:00,2017-11-18 22:00:00,Op Locatie,12269
2017-11-18 22:00:00,2017-11-19 05:00:00,Balzaal,12504
2017-11-18 23:00:00,2017-11-19 06:00:00,Concertzaal,12240
2017-11-19 14:00:00,2017-11-19 17:45:00,Op Locatie,12269
2017-11-19 20:00:00,2017-11-19 22:30:00,Minard,12369
2017-11-20 20:00:00,2017-11-20 21:30:00,Gele Kamer,12558
2017-11-21 20:00:00,2017-11-21 22:00:00,Theaterzaal,12279
2017-11-21 20:00:00,2017-11-21 20:45:00,Minard,12738
2017-11-21 20:00:00,2017-11-21 20:45:00,Minard,12744
2017-11-22 17:00:00,2017-11-22 21:30:00,Op Locatie,12269
2017-11-23 17:00:00,2017-11-23 21:30:00,Op Locatie,12269
2017-11-23 19:00:00,2017-11-23 22:00:00,Minard,12403
2017-11-23 20:00:00,2017-11-23 23:30:00,Op Locatie,12584
2017-11-23 22:00:00,2017-11-24 05:00:00,Concertzaal,12335
2017-11-24 17:00:00,2017-11-24 21:30:00,Op Locatie,12269
2017-11-24 20:00:00,2017-11-24 23:00:00,Op Locatie,12136
2017-11-24 20:00:00,2017-11-25 01:00:00,Op Locatie,12574
2017-11-25 13:00:00,2017-11-25 18:00:00,Foyer Theaterzaal ,12764
2017-11-25 14:45:00,2017-11-25 19:25:00,Foyer Theaterzaal ,12790
2017-11-25 15:00:00,2017-11-25 22:00:00,Op Locatie,12269
2017-11-25 15:00:00,2017-11-26 03:00:00,"Balzaal, Foyer Theaterzaal & Brugzaal",12582
2017-11-25 20:00:00,2017-11-26 03:00:00,Balzaal,12740
2017-11-26 14:00:00,2017-11-26 15:30:00,Rondleidingen,12126
2017-11-26 14:00:00,2017-11-26 19:00:00,Café,12720
2017-11-26 14:30:00,2017-11-26 17:00:00,Foyer Theaterzaal ,12460
2017-11-28 19:30:00,2017-11-28 23:00:00,Concertzaal,12315
2017-11-28 20:00:00,2017-11-28 21:30:00,LOD Studio,12454
2017-11-29 10:00:00,2017-11-29 22:00:00,Theaterzaal,12116
2017-11-29 15:00:00,2017-11-29 16:15:00,Op Locatie,12138
2017-11-29 19:30:00,2017-11-29 23:00:00,Concertzaal,12456
2017-11-29 20:00:00,2017-11-29 21:15:00,Op Locatie,12138
2017-11-29 20:00:00,2017-11-29 21:30:00,LOD Studio,12454
2017-11-29 20:00:00,2017-11-29 21:00:00,Op Locatie,12746
2017-11-30 09:30:00,2017-11-30 22:00:00,Op Locatie,12752
2017-11-30 10:00:00,2017-11-30 11:15:00,Op Locatie,12343
2017-11-30 10:00:00,2017-11-30 17:30:00,Op Locatie,12678
2017-11-30 14:00:00,2017-11-30 15:15:00,Op Locatie,12343
2017-11-30 19:15:00,2017-11-30 22:15:00,Balzaal,12466
2017-11-30 19:30:00,2017-11-30 20:00:00,Op Locatie,12750
2017-11-30 20:00:00,2017-11-30 20:55:00,Theaterzaal,12116
2017-11-30 20:00:00,2017-11-30 23:00:00,Op Locatie,12265
2017-11-30 20:00:00,2017-11-30 21:30:00,LOD Studio,12454
2017-11-30 20:00:00,2017-11-30 21:00:00,Op Locatie,12748
2017-11-30 21:00:00,2017-11-30 21:30:00,Op Locatie,12750
2017-12-01 19:30:00,2017-12-01 22:15:00,Balzaal,12580
2017-12-01 20:00:00,2017-12-01 20:55:00,Theaterzaal,12116
2017-12-01 22:30:00,2017-12-02 05:00:00,Concertzaal,12317
2017-12-02 15:00:00,2017-12-02 16:15:00,Op Locatie,12138
2017-12-02 20:00:00,2017-12-02 21:15:00,Op Locatie,12138
2017-12-02 21:30:00,2017-12-03 05:00:00,Balzaal,12516
2017-12-02 22:00:00,2017-12-03 06:00:00,Concertzaal,12242
2017-12-03 11:00:00,2017-12-03 14:00:00,Café,12722
2017-12-03 14:00:00,2017-12-03 17:15:00,Theaterzaal,12718
2017-12-03 15:00:00,2017-12-03 16:15:00,Op Locatie,12138
2017-12-04 20:00:00,2017-12-04 21:30:00,Gele Kamer,12558
2017-12-06 20:00:00,2017-12-06 21:00:00,"CC Evergem, Weststraat 31 Evergem",12263
2017-12-07 19:00:00,2017-12-07 22:00:00,Op Locatie,12712
2017-12-07 20:00:00,2017-12-07 21:10:00,Theaterzaal,12140
2017-12-07 20:00:00,2017-12-07 22:20:00,Balzaal,12556
2017-12-07 23:00:00,2017-12-08 05:00:00,Concertzaal,12774
2017-12-08 20:00:00,2017-12-08 21:00:00,Geen zaal,7729
2017-12-08 20:00:00,2017-12-08 22:10:00,Theaterzaal,12140
2017-12-08 20:00:00,2017-12-08 21:00:00,NTGent (Arca),12259
2017-12-08 20:00:00,2017-12-09 00:00:00,Balzaal,12430
2017-12-09 18:30:00,2017-12-10 00:00:00,Concertzaal,12337
2017-12-10 14:00:00,2017-12-10 15:30:00,Rondleidingen,12126
2017-12-10 15:00:00,2017-12-10 19:00:00,Café,12720
2017-12-10 15:30:00,2017-12-10 23:00:00,Concertzaal,12518
2017-12-10 19:00:00,2017-12-10 21:00:00,Op Locatie,12261
2017-12-12 14:00:00,2017-12-12 22:00:00,Theaterzaal,12031
2017-12-13 20:00:00,2017-12-13 21:45:00,Theaterzaal,12031
2017-12-13 20:00:00,2017-12-13 22:00:00,Balzaal,12602
2017-12-13 20:00:00,2017-12-13 22:00:00,Balzaal,12668
2017-12-14 13:00:00,2017-12-14 22:00:00,Diverse Zalen,12602
2017-12-14 13:30:00,2017-12-14 22:30:00,Theaterzaal,12792
2017-12-14 15:00:00,2017-12-14 22:00:00,Balzaal,12794
2017-12-14 20:00:00,2017-12-14 22:30:00,Gouvernement,12598
2017-12-14 20:00:00,2017-12-14 23:00:00,Concertzaal,12670
2017-12-15 13:00:00,2017-12-15 22:00:00,Diverse Zalen,12602
2017-12-15 13:30:00,2017-12-15 22:30:00,Theaterzaal,12796
2017-12-15 15:00:00,2017-12-15 22:00:00,Balzaal,12798
2017-12-15 20:00:00,2017-12-15 22:00:00,Op Locatie,12142
2017-12-16 13:00:00,2017-12-16 22:00:00,Diverse Zalen,12602
2017-12-16 13:30:00,2017-12-16 22:30:00,Theaterzaal,12800
2017-12-16 13:30:00,2017-12-16 20:30:00,Balzaal,12804
2017-12-16 20:00:00,2017-12-16 22:00:00,Op Locatie,12142
2017-12-16 22:30:00,2017-12-17 05:00:00,Balzaal,12602
2017-12-16 22:30:00,2017-12-17 05:00:00,Balzaal,12802
2017-12-16 23:00:00,2017-12-17 06:00:00,Concertzaal,12244
2017-12-17 14:30:00,2017-12-17 17:00:00,Foyer Theaterzaal ,12460
2017-12-18 20:00:00,2017-12-18 21:30:00,Gele Kamer,12558
2017-12-19 19:00:00,2017-12-19 22:00:00,Foyer Theaterzaal ,12838
2017-12-19 20:00:00,2017-12-19 21:00:00,LOD Studio,12146
2017-12-19 20:00:00,2017-12-19 22:00:00,Theaterzaal,12281
2017-12-19 21:00:00,2017-12-20 01:00:00,Concertzaal,12780
2017-12-20 17:00:00,2017-12-21 01:00:00,Balzaal,12407
2017-12-20 19:30:00,2017-12-21 05:00:00,Concertzaal,12832
2017-12-20 20:00:00,2017-12-20 21:00:00,LOD Studio,12146
2017-12-20 20:00:00,2017-12-20 23:00:00,Gouvernement,12788
2017-12-21 19:30:00,2017-12-22 05:00:00,Concertzaal,12389
2017-12-21 20:00:00,2017-12-21 20:50:00,LOD Studio,12144
2017-12-21 20:00:00,2017-12-21 21:30:00,Theaterzaal,12363
2017-12-22 20:00:00,2017-12-22 20:50:00,LOD Studio,12144
2017-12-22 21:00:00,2017-12-23 05:00:00,Balzaal,12824
2017-12-22 22:00:00,2017-12-23 06:00:00,Concertzaal,12246
2017-12-23 20:00:00,2017-12-23 21:30:00,Theaterzaal,12365
2017-12-23 23:00:00,2017-12-24 05:00:00,Balzaal,12068
2017-12-24 19:00:00,2017-12-24 23:00:00,Café,12782
2017-12-31 23:00:00,2018-01-01 07:00:00,Balzaal,12808
2017-12-31 23:00:00,2018-01-01 07:00:00,Café,12810
2017-12-31 23:00:00,2018-01-01 07:00:00,Concertzaal,12812
2018-01-03 17:00:00,2018-01-04 03:00:00,Balzaal,12339
2018-01-06 21:00:00,2018-01-07 06:00:00,Concertzaal,12840
2018-01-07 14:00:00,2018-01-07 15:30:00,Rondleidingen,12126
2018-01-10 20:00:00,2018-01-10 21:30:00,Theaterzaal,12590
2018-01-11 20:00:00,2018-01-11 23:00:00,Balzaal,12760
2018-01-13 22:00:00,2018-01-14 05:00:00,Balzaal,12498
2018-01-14 12:00:00,2018-01-14 18:00:00,Café,12866
2018-01-14 20:00:00,2018-01-14 22:00:00,Minard,12319
2018-01-15 19:00:00,2018-01-16 05:00:00,Concertzaal,12898
2018-01-15 20:00:00,2018-01-15 22:00:00,Minard,12319
2018-01-15 20:00:00,2018-01-15 21:30:00,Gele Kamer,12682
2018-01-16 20:00:00,2018-01-16 22:00:00,Minard,12319
2018-01-16 20:00:00,2018-01-16 21:10:00,Theaterzaal,12684
2018-01-16 20:00:00,2018-01-16 22:00:00,Op Locatie,12856
2018-01-17 15:00:00,2018-01-17 16:00:00,Op Locatie,12150
2018-01-17 17:00:00,2018-01-17 18:30:00,Op Locatie,12152
2018-01-17 18:30:00,2018-01-17 19:30:00,Op Locatie,12150
2018-01-17 20:00:00,2018-01-17 21:30:00,Minard,12148
2018-01-17 20:00:00,2018-01-17 21:30:00,Op Locatie,12156
2018-01-17 20:00:00,2018-01-17 21:30:00,Op Locatie,12311
2018-01-18 10:00:00,2018-01-18 11:00:00,Op Locatie,12150
2018-01-18 10:00:00,2018-01-18 11:00:00,Op Locatie,12345
2018-01-18 14:00:00,2018-01-18 15:00:00,Op Locatie,12150
2018-01-18 14:00:00,2018-01-18 15:00:00,Op Locatie,12345
2018-01-18 20:00:00,2018-01-18 21:30:00,Minard,12148
2018-01-18 20:00:00,2018-01-18 21:00:00,Op Locatie,12154
2018-01-18 20:00:00,2018-01-18 21:30:00,Op Locatie,12156
2018-01-19 20:00:00,2018-01-19 22:00:00,Op Locatie,12158
2018-01-19 20:00:00,2018-01-19 21:00:00,Theaterzaal,12160
2018-01-19 22:00:00,2018-01-20 06:59:00,Op Locatie,12285
2018-01-20 15:00:00,2018-01-20 17:00:00,Op Locatie,12158
2018-01-20 15:00:00,2018-01-20 17:00:00,Op Locatie,12375
2018-01-20 17:00:00,2018-01-20 18:30:00,Minard,12164
2018-01-20 18:30:00,2018-01-20 20:30:00,Op Locatie,12158
2018-01-20 20:00:00,2018-01-20 21:00:00,Theaterzaal,12160
2018-01-20 21:00:00,2018-01-21 02:00:00,Café,12844
2018-01-21 14:00:00,2018-01-21 15:30:00,Rondleidingen,12126
2018-01-21 20:00:00,2018-01-21 22:00:00,Minard,12666
2018-01-23 20:00:00,2018-01-23 22:00:00,Minard,12168
2018-01-23 20:00:00,2018-01-23 22:00:00,Theaterzaal,12287
2018-01-24 20:00:00,2018-01-24 22:00:00,Minard,12168
2018-01-24 20:00:00,2018-01-24 21:30:00,Theaterzaal,12170
2018-01-25 20:00:00,2018-01-25 22:00:00,Minard,12168
2018-01-25 20:00:00,2018-01-25 23:30:00,Theaterzaal,12846
2018-01-27 19:00:00,2018-01-28 05:00:00,Concertzaal,12076
2018-01-27 20:00:00,2018-01-27 21:30:00,Theaterzaal,12762
2018-01-28 14:30:00,2018-01-28 17:00:00,Foyer Theaterzaal ,12460
2018-01-28 15:00:00,2018-01-28 19:00:00,Café,12720
2018-01-29 09:00:00,2018-01-29 18:00:00,Andere locatie,12848
2018-01-29 20:00:00,2018-01-29 21:30:00,Gele Kamer,12558
2018-01-30 20:00:00,2018-01-30 21:30:00,Balzaal,12850
2018-01-31 17:00:00,2018-02-01 00:00:00,Balzaal,12956
2018-01-31 19:00:00,2018-02-01 01:00:00,Café,12954
2018-01-31 19:15:00,2018-01-31 19:50:00,Foyer Theaterzaal ,12778
2018-01-31 20:00:00,2018-01-31 21:00:00,NTGent (Arca),12255
2018-01-31 20:00:00,2018-01-31 21:55:00,Theaterzaal,12778
2018-02-01 17:00:00,2018-02-02 00:00:00,Balzaal,12956
2018-02-01 19:00:00,2018-02-02 01:00:00,Café,12958
2018-02-01 19:15:00,2018-02-01 19:50:00,Foyer Theaterzaal ,12778
2018-02-01 20:00:00,2018-02-01 21:55:00,Theaterzaal,12778
2018-02-02 17:00:00,2018-02-03 00:00:00,Balzaal,12956
2018-02-02 19:00:00,2018-02-03 01:00:00,Café,12960
2018-02-03 17:00:00,2018-02-04 00:00:00,Majolica,12964
2018-02-03 19:00:00,2018-02-04 01:00:00,Café,12962
2018-02-03 20:30:00,2018-02-04 05:00:00,Balzaal,12852
2018-02-03 22:30:00,2018-02-04 06:00:00,Concertzaal,12874
2018-02-04 14:00:00,2018-02-04 15:30:00,Rondleidingen,12126
2018-02-04 17:00:00,2018-02-05 00:00:00,Majolica,12964
2018-02-04 19:00:00,2018-02-05 01:00:00,Café,12966
2018-02-06 07:00:00,2018-02-07 07:00:00,Antiekzolder,12176
2018-02-06 20:00:00,2018-02-06 23:00:00,Theaterzaal,12500
2018-02-07 07:00:00,2018-02-08 07:00:00,Antiekzolder,12176
2018-02-07 19:00:00,2018-02-07 21:30:00,Foyer Theaterzaal ,12174
2018-02-07 20:00:00,2018-02-07 21:15:00,LOD Studio,12172
2018-02-07 22:00:00,2018-02-08 00:00:00,Café,12946
2018-02-08 07:00:00,2018-02-09 07:00:00,Antiekzolder,12176
2018-02-08 19:30:00,2018-02-08 23:00:00,Concertzaal,12776
2018-02-08 19:30:00,2018-02-08 23:00:00,Concertzaal,12784
2018-02-08 20:00:00,2018-02-08 21:15:00,LOD Studio,12172
2018-02-08 20:00:00,2018-02-08 22:00:00,Foyer Theaterzaal ,12878
2018-02-08 20:00:00,2018-02-08 23:00:00,Balzaal,12892
2018-02-09 07:00:00,2018-02-10 07:00:00,Antiekzolder,12176
2018-02-09 07:00:00,2018-02-10 07:00:00,Antiekzolder,12176
2018-02-09 19:30:00,2018-02-10 05:00:00,Concertzaal,12636
2018-02-09 20:00:00,2018-02-09 21:15:00,LOD Studio,12172
2018-02-09 20:00:00,2018-02-09 21:00:00,NTGent (Arca),12255
2018-02-10 07:00:00,2018-02-11 07:00:00,Antiekzolder,12176
2018-02-10 13:30:00,2018-02-10 14:45:00,Theaterzaal,12766
2018-02-10 16:00:00,2018-02-10 17:15:00,Theaterzaal,12990
2018-02-10 20:00:00,2018-02-10 21:15:00,LOD Studio,12172
2018-02-10 22:00:00,2018-02-11 05:00:00,Balzaal,12826
2018-02-10 22:30:00,2018-02-11 05:00:00,Concertzaal,12890
2018-02-11 07:00:00,2018-02-12 07:00:00,Antiekzolder,12176
2018-02-11 12:00:00,2018-02-11 18:00:00,Café,12968
2018-02-12 10:00:00,2018-02-12 22:00:00,LOD Studio,12642
2018-02-13 10:00:00,2018-02-13 22:00:00,LOD Studio,12644
2018-02-14 10:00:00,2018-02-14 22:00:00,LOD Studio,12646
2018-02-14 20:00:00,2018-02-14 23:00:00,Gouvernement,12948
2018-02-15 10:00:00,2018-02-15 22:00:00,LOD Studio,12648
2018-02-15 19:30:00,2018-02-15 23:00:00,Concertzaal,12560
2018-02-15 20:00:00,2018-02-15 22:00:00,Minard,12289
2018-02-15 20:00:00,2018-02-15 22:30:00,Balzaal,12730
2018-02-16 10:00:00,2018-02-16 22:00:00,LOD Studio,12650
2018-02-16 20:00:00,2018-02-16 22:30:00,Theaterzaal,12104
2018-02-17 10:00:00,2018-02-17 22:00:00,LOD Studio,12652
2018-02-17 20:00:00,2018-02-17 21:20:00,Theaterzaal,12367
2018-02-17 23:00:00,2018-02-18 05:00:00,Balzaal,12520
2018-02-18 10:00:00,2018-02-18 22:00:00,LOD Studio,12654
2018-02-18 14:00:00,2018-02-18 15:30:00,Rondleidingen,12126
2018-02-18 15:00:00,2018-02-18 19:00:00,Café,12720
2018-02-20 19:00:00,2018-02-20 20:45:00,LOD Studio,12176
2018-02-20 20:00:00,2018-02-20 22:00:00,Theaterzaal,12291
2018-02-21 17:00:00,2018-02-21 18:45:00,LOD Studio,12176
2018-02-21 18:30:00,2018-02-21 22:00:00,Foyer Theaterzaal ,12664
2018-02-21 22:00:00,2018-02-22 05:00:00,Concertzaal,12522
2018-02-22 20:00:00,2018-02-22 21:00:00,Theaterzaal,12178
2018-02-23 08:30:00,2018-02-23 10:00:00,Brugzaal,12986
2018-02-23 12:00:00,2018-02-23 14:00:00,Foyer Theaterzaal ,12932
2018-02-23 20:00:00,2018-02-23 22:00:00,Balzaal,12814
2018-02-23 22:00:00,2018-02-24 05:00:00,Concertzaal,12524
2018-02-24 20:00:00,2018-02-24 21:40:00,Theaterzaal,12180
2018-02-24 21:00:00,2018-02-25 03:00:00,Balzaal,12351
2018-02-24 23:00:00,2018-02-25 06:00:00,Concertzaal,12882
2018-02-25 11:00:00,2018-02-25 14:00:00,Café,12970
2018-02-25 11:00:00,2018-02-25 17:00:00,Café,12994
2018-02-25 14:30:00,2018-02-25 17:00:00,Foyer Theaterzaal ,12460
2018-02-25 14:30:00,2018-02-25 15:30:00,Theaterzaal,12908
2018-02-26 11:00:00,2018-02-26 17:00:00,Café,12994
2018-02-26 20:00:00,2018-02-26 21:30:00,Gele Kamer,12558
2018-02-27 12:30:00,2018-02-27 17:00:00,Café,12994
2018-02-28 19:30:00,2018-02-28 23:00:00,Concertzaal,12732
2018-02-28 20:00:00,2018-02-28 22:00:00,NTGent (Minnemeers),12252
2018-02-28 20:00:00,2018-02-28 22:30:00,Balzaal,12592
2018-03-01 12:00:00,2018-03-01 14:00:00,Café,13024
2018-03-01 20:00:00,2018-03-01 21:25:00,Theaterzaal,12182
2018-03-01 20:00:00,2018-03-01 22:00:00,Balzaal,12926
2018-03-02 06:00:00,2018-03-03 06:00:00,Andere locatie,12848
2018-03-02 12:00:00,2018-03-02 14:00:00,Café,13024
2018-03-02 20:00:00,2018-03-02 21:25:00,Theaterzaal,12182
2018-03-02 22:30:00,2018-03-03 05:00:00,Concertzaal,12353
2018-03-03 12:00:00,2018-03-03 14:00:00,Café,13024
2018-03-03 20:00:00,2018-03-03 21:25:00,Theaterzaal,12182
2018-03-03 23:00:00,2018-03-04 05:00:00,Balzaal,12734
2018-03-03 23:00:00,2018-03-04 06:00:00,Concertzaal,12900
2018-03-04 12:00:00,2018-03-04 14:00:00,Café,13024
2018-03-04 14:00:00,2018-03-04 15:30:00,Rondleidingen,12126
2018-03-05 12:00:00,2018-03-05 14:00:00,Café,13024
2018-03-06 12:00:00,2018-03-06 14:00:00,Café,13024
2018-03-06 20:00:00,2018-03-06 22:00:00,Theaterzaal,12938
2018-03-07 12:00:00,2018-03-07 14:00:00,Café,13024
2018-03-07 20:00:00,2018-03-07 22:00:00,Theaterzaal,12870
2018-03-07 22:00:00,2018-03-08 05:00:00,Concertzaal,12510
2018-03-08 20:00:00,2018-03-08 22:00:00,Theaterzaal,12934
2018-03-10 18:30:00,2018-03-11 03:00:00,Diverse Zalen,12924
2018-03-12 20:00:00,2018-03-12 21:30:00,Gele Kamer,12558
2018-03-12 22:00:00,2018-03-13 05:00:00,Concertzaal,12910
2018-03-13 06:00:00,2018-03-14 06:00:00,Minard,12806
2018-03-13 19:30:00,2018-03-13 23:00:00,Balzaal,12786
2018-03-14 20:00:00,2018-03-14 21:15:00,Theaterzaal,12184
2018-03-14 20:00:00,2018-03-14 21:30:00,Minard,12186
2018-03-14 22:00:00,2018-03-15 05:00:00,Concertzaal,12912
2018-03-15 14:00:00,2018-03-15 15:30:00,LOD Studio,12188
2018-03-15 16:00:00,2018-03-15 17:30:00,LOD Studio,12188
2018-03-15 18:00:00,2018-03-15 23:00:00,Gouvernement,12854
2018-03-15 19:00:00,2018-03-15 20:30:00,LOD Studio,12188
2018-03-15 19:00:00,2018-03-15 20:00:00,Op Locatie,12996
2018-03-15 19:30:00,2018-03-15 20:45:00,Theaterzaal,12184
2018-03-15 19:30:00,2018-03-15 20:30:00,Op Locatie,12726
2018-03-15 21:00:00,2018-03-15 22:30:00,Minard,12186
2018-03-15 21:00:00,2018-03-15 22:30:00,LOD Studio,12188
2018-03-15 21:00:00,2018-03-15 22:30:00,Minard,12190
2018-03-15 21:00:00,2018-03-15 22:00:00,Op Locatie,12728
2018-03-16 08:30:00,2018-03-16 10:00:00,Foyer Theaterzaal ,13050
2018-03-16 14:00:00,2018-03-16 15:30:00,LOD Studio,12188
2018-03-16 14:00:00,2018-03-16 23:00:00,Gouvernement,12854
2018-03-16 16:00:00,2018-03-16 17:30:00,LOD Studio,12188
2018-03-16 18:00:00,2018-03-16 19:00:00,Op Locatie,12996
2018-03-16 19:00:00,2018-03-16 20:30:00,LOD Studio,12188
2018-03-16 19:00:00,2018-03-16 20:00:00,Minard,12192
2018-03-16 19:00:00,2018-03-16 19:45:00,Op Locatie,12726
2018-03-16 19:00:00,2018-03-16 21:00:00,"KASKcinema, Godshuizenlaan 4",12820
2018-03-16 20:30:00,2018-03-16 21:45:00,Theaterzaal,12184
2018-03-16 20:30:00,2018-03-16 21:30:00,Op Locatie,12726
2018-03-16 21:00:00,2018-03-16 22:30:00,LOD Studio,12188
2018-03-16 22:00:00,2018-03-16 23:00:00,Op Locatie,12728
2018-03-16 23:00:00,2018-03-17 05:00:00,Balzaal,12698
2018-03-17 11:00:00,2018-03-17 18:00:00,Gouvernement,12854
2018-03-17 12:00:00,2018-03-17 18:00:00,Op Locatie,12726
2018-03-17 12:00:00,2018-03-17 18:00:00,Op Locatie,12880
2018-03-17 19:00:00,2018-03-17 20:00:00,Minard,12192
2018-03-17 19:00:00,2018-03-17 20:00:00,Op Locatie,12726
2018-03-17 20:30:00,2018-03-17 21:45:00,Theaterzaal,12184
2018-03-17 20:30:00,2018-03-17 21:30:00,Op Locatie,12728
2018-03-17 21:00:00,2018-03-18 05:00:00,Concertzaal,12982
2018-03-18 11:00:00,2018-03-18 18:00:00,Gouvernement,12854
2018-03-18 14:00:00,2018-03-18 15:30:00,Rondleidingen,12126
2018-03-18 15:00:00,2018-03-18 19:00:00,Café,12720
2018-03-20 13:30:00,2018-03-20 21:45:00,Foyer Theaterzaal ,13026
2018-03-20 13:30:00,2018-03-20 17:00:00,Foyer Theaterzaal ,13026
2018-03-20 20:00:00,2018-03-20 22:00:00,Theaterzaal,12293
2018-03-20 20:00:00,2018-03-20 21:30:00,LOD Studio,12464
2018-03-20 20:00:00,2018-03-20 22:00:00,Balzaal,12936
2018-03-20 20:15:00,2018-03-20 21:45:00,Foyer Theaterzaal ,13026
2018-03-21 19:30:00,2018-03-21 23:00:00,Balzaal,13004
2018-03-21 20:00:00,2018-03-21 21:30:00,LOD Studio,12464
2018-03-21 22:00:00,2018-03-22 05:00:00,Concertzaal,12538
2018-03-22 18:15:00,2018-03-22 20:00:00,Foyer Theaterzaal ,13064
2018-03-22 19:00:00,2018-03-22 22:00:00,Op Locatie,12714
2018-03-22 20:00:00,2018-03-22 21:30:00,LOD Studio,12464
2018-03-23 19:00:00,2018-03-24 02:00:00,Café,13022
2018-03-23 20:00:00,2018-03-23 21:30:00,LOD Studio,12464
2018-03-23 20:30:00,2018-03-23 22:00:00,Balzaal,13006
2018-03-24 22:00:00,2018-03-25 06:00:00,Concertzaal,12894
2018-03-25 11:00:00,2018-03-25 18:50:00,LOD Studio,12194
2018-03-25 14:30:00,2018-03-25 17:00:00,Foyer Theaterzaal ,12460
2018-03-25 15:00:00,2018-03-25 22:00:00,Concertzaal,12834
2018-03-26 09:00:00,2018-03-26 14:30:00,LOD Studio,12194
2018-03-26 09:00:00,2018-03-27 14:30:00,LOD Studio,12347
2018-03-26 20:00:00,2018-03-26 21:30:00,Gele Kamer,12558
2018-03-27 09:00:00,2018-03-27 14:30:00,LOD Studio,12194
2018-03-27 09:00:00,2018-03-28 14:30:00,LOD Studio,12347
2018-03-27 20:00:00,2018-03-27 22:00:00,Balzaal,12940
2018-03-28 14:00:00,2018-03-28 21:50:00,LOD Studio,12194
2018-03-28 22:00:00,2018-03-29 05:00:00,Concertzaal,12526
2018-03-29 19:30:00,2018-03-29 23:00:00,Balzaal,12702
2018-03-29 20:00:00,2018-03-29 21:50:00,Theaterzaal,12196
2018-03-29 21:00:00,2018-03-30 01:00:00,Concertzaal,12756
2018-03-30 20:00:00,2018-03-30 21:50:00,Theaterzaal,12196
2018-03-30 20:30:00,2018-03-31 00:00:00,Minard,12950
2018-03-30 21:00:00,2018-03-31 05:00:00,Concertzaal,12756
2018-03-31 20:00:00,2018-03-31 21:50:00,Theaterzaal,12196
2018-03-31 20:00:00,2018-03-31 00:00:00,NTGent (Minnemeers),12257
2018-03-31 21:00:00,2018-04-01 01:00:00,Minard,12944
2018-03-31 22:00:00,2018-04-01 05:00:00,Balzaal,12502
2018-03-31 23:00:00,2018-04-01 06:00:00,Concertzaal,12884
2018-04-03 13:30:00,2018-04-03 14:45:00,Theaterzaal,12990
2018-04-03 16:00:00,2018-04-03 17:15:00,Theaterzaal,12990
2018-04-04 19:30:00,2018-04-04 23:00:00,Balzaal,12896
2018-04-05 19:30:00,2018-04-05 23:00:00,Balzaal,12862
2018-04-05 20:00:00,2018-04-05 21:30:00,Op Locatie,12172
2018-04-06 20:00:00,2018-04-06 21:30:00,Op Locatie,12172
2018-04-06 20:00:00,2018-04-06 22:10:00,Theaterzaal,12250
2018-04-06 20:00:00,2018-04-06 23:00:00,Gouvernement,13010
2018-04-06 20:00:00,2018-04-06 23:00:00,Gouvernement,13010
2018-04-06 20:00:00,2018-04-07 05:00:00,Wintertuin,13058
2018-04-06 20:00:00,2018-04-07 05:00:00,Balzaal,13058
2018-04-07 20:00:00,2018-04-07 22:30:00,Theaterzaal,12381
2018-04-07 20:00:00,2018-04-07 23:00:00,Gouvernement,13010
2018-04-07 20:00:00,2018-04-07 23:00:00,Gouvernement,13010
2018-04-07 21:00:00,2018-04-08 05:00:00,Wintertuin,13058
2018-04-07 21:00:00,2018-04-08 05:00:00,Balzaal,13058
2018-04-07 23:00:00,2018-04-08 06:00:00,Concertzaal,12914
2018-04-08 13:00:00,2018-04-08 19:00:00,Wintertuin,13058
2018-04-08 13:00:00,2018-04-08 18:00:00,Balzaal,13058
2018-04-10 20:00:00,2018-04-10 22:00:00,Theaterzaal,12383
2018-04-11 20:00:00,2018-04-11 22:00:00,Theaterzaal,12385
2018-04-12 19:30:00,2018-04-12 23:45:00,Concertzaal,12828
2018-04-13 19:00:00,2018-04-14 03:00:00,Balzaal,12928
2018-04-13 20:00:00,2018-04-13 21:40:00,Theaterzaal,12836
2018-04-13 21:00:00,2018-04-14 00:30:00,Concertzaal,12872
2018-04-14 19:00:00,2018-04-15 02:00:00,Café,13094
2018-04-14 20:00:00,2018-04-14 21:40:00,Theaterzaal,12387
2018-04-14 21:00:00,2018-04-15 04:00:00,Concertzaal,12902
2018-04-14 23:00:00,2018-04-15 05:00:00,Balzaal,12540
2018-04-15 12:00:00,2018-04-15 18:00:00,Café,13042
2018-04-15 14:00:00,2018-04-15 15:30:00,Rondleidingen,12126
2018-04-15 15:00:00,2018-04-15 16:30:00,Domzaal,12198
2018-04-17 10:00:00,2018-04-17 17:00:00,Domzaal,13148
2018-04-17 20:00:00,2018-04-17 22:00:00,Theaterzaal,12295
2018-04-18 14:00:00,2018-04-18 15:10:00,Theaterzaal,13032
2018-04-18 19:30:00,2018-04-18 23:00:00,Concertzaal,12876
2018-04-18 20:00:00,2018-04-18 21:20:00,Domzaal,12200
2018-04-19 19:00:00,2018-04-19 22:00:00,Op Locatie,12716
2018-04-19 19:00:00,2018-04-19 21:00:00,Theaterzaal,13034
2018-04-19 19:00:00,2018-04-19 21:00:00,Theaterzaal,13168
2018-04-19 19:30:00,2018-04-19 22:00:00,Foyer Theaterzaal ,13062
2018-04-19 20:00:00,2018-04-19 21:20:00,Domzaal,12200
2018-04-20 19:30:00,2018-04-21 03:00:00,Balzaal,13090
2018-04-20 20:00:00,2018-04-20 21:00:00,Foyer Theaterzaal ,13134
2018-04-21 12:00:00,2018-04-22 01:00:00,Café,13020
2018-04-21 12:30:00,2018-04-21 19:05:00,Café,13066
2018-04-21 21:00:00,2018-04-22 03:00:00,Balzaal,12355
2018-04-21 22:30:00,2018-04-22 06:00:00,Concertzaal,12886
2018-04-22 10:00:00,2018-04-22 18:00:00,Op Locatie,12974
2018-04-22 11:00:00,2018-04-22 13:00:00,Foyer Theaterzaal ,12972
2018-04-22 14:00:00,2018-04-22 17:00:00,Café,13172
2018-04-23 20:00:00,2018-04-23 21:30:00,Gele Kamer,12558
2018-04-23 20:00:00,2018-04-23 21:30:00,Gele Kamer,12704
2018-04-24 13:30:00,2018-04-24 21:45:00,Foyer Theaterzaal ,13026
2018-04-24 19:30:00,2018-04-24 22:15:00,Balzaal,12988
2018-04-24 20:00:00,2018-04-24 22:00:00,Theaterzaal,12942
2018-04-25 19:30:00,2018-04-25 23:00:00,Concertzaal,12736
2018-04-25 20:00:00,2018-04-25 22:30:00,Domzaal,12202
2018-04-26 13:00:00,2018-04-26 17:00:00,Foyer Theaterzaal ,13038
2018-04-26 19:30:00,2018-04-26 23:00:00,Concertzaal,12554
2018-04-26 20:00:00,2018-04-26 22:15:00,Domzaal,12204
2018-04-27 12:00:00,2018-04-27 14:00:00,Foyer Theaterzaal ,13138
2018-04-27 18:30:00,2018-04-27 19:05:00,Op Locatie,12858
2018-04-27 20:00:00,2018-04-27 22:15:00,Domzaal,12206
2018-04-28 14:00:00,2018-04-28 18:00:00,Foyer Theaterzaal ,12297
2018-04-28 15:00:00,2018-04-28 15:35:00,Op Locatie,12860
2018-04-28 15:00:00,2018-04-28 15:35:00,Op Locatie,13012
2018-04-28 16:30:00,2018-04-28 17:05:00,Op Locatie,12860
2018-04-28 19:00:00,2018-04-28 22:00:00,Theaterzaal,13040
2018-04-28 20:00:00,2018-04-28 22:15:00,Domzaal,12208
2018-04-28 20:00:00,2018-04-28 21:00:00,Op Locatie,12210
2018-04-28 22:30:00,2018-04-29 06:00:00,Concertzaal,12904
2018-04-29 14:00:00,2018-04-29 15:30:00,Rondleidingen,12126
2018-04-29 14:30:00,2018-04-29 17:00:00,Foyer Theaterzaal ,13096
2018-04-29 20:00:00,2018-04-29 22:30:00,Minard,13018
2018-04-30 20:00:00,2018-05-01 03:00:00,Balzaal,13102
2018-05-03 20:00:00,2018-05-03 23:00:00,Gouvernement,13140
2018-05-04 20:00:00,2018-05-05 01:00:00,Op Locatie,12978
2018-05-05 11:00:00,2018-05-05 18:00:00,Gouvernement,12980
2018-05-05 11:00:00,2018-05-05 18:00:00,Gouvernement,13142
2018-05-05 11:00:00,2018-05-05 18:00:00,Gouvernement,13146
2018-05-05 15:00:00,2018-05-05 18:00:00,Gouvernement,13144
2018-05-05 20:00:00,2018-05-06 02:00:00,Balzaal,12980
2018-05-07 20:00:00,2018-05-07 21:30:00,Gele Kamer,12558
2018-05-07 20:00:00,2018-05-07 22:30:00,Minard,13016
2018-05-09 10:00:00,2018-05-09 17:00:00,Antiekzolder,13154
2018-05-09 22:00:00,2018-05-10 05:00:00,Concertzaal,13100
2018-05-10 19:30:00,2018-05-10 22:30:00,Concertzaal,12842
2018-05-11 20:00:00,2018-05-11 21:30:00,Domzaal,13114
2018-05-11 22:30:00,2018-05-12 05:30:00,Concertzaal,13044
2018-05-12 17:30:00,2018-05-12 18:45:00,Theaterzaal,13170
2018-05-12 22:00:00,2018-05-13 06:00:00,Concertzaal,12888
2018-05-13 14:00:00,2018-05-13 15:30:00,Rondleidingen,12126
2018-05-13 20:00:00,2018-05-13 22:30:00,Balzaal,12976
2018-05-15 19:30:00,2018-05-15 22:00:00,Foyer Theaterzaal ,13158
2018-05-15 20:00:00,2018-05-15 22:00:00,Theaterzaal,12299
2018-05-16 14:00:00,2018-05-16 14:45:00,Domzaal,12212
2018-05-16 14:00:00,2018-05-16 22:00:00,Theaterzaal,12214
2018-05-16 20:00:00,2018-05-16 21:10:00,LOD Studio,12930
2018-05-17 14:00:00,2018-05-17 14:45:00,Domzaal,12349
2018-05-17 17:30:00,2018-05-17 18:30:00,Locatie,13132
2018-05-17 20:00:00,2018-05-17 21:20:00,Theaterzaal,12214
2018-05-17 20:00:00,2018-05-17 21:10:00,LOD Studio,12930
2018-05-18 19:00:00,2018-05-18 19:45:00,Domzaal,12212
2018-05-18 20:00:00,2018-05-18 21:20:00,Theaterzaal,12214
2018-05-19 15:00:00,2018-05-19 15:45:00,Domzaal,12212
2018-05-19 20:00:00,2018-05-19 21:20:00,Theaterzaal,12214
2018-05-19 21:00:00,2018-05-20 04:00:00,Concertzaal,13014
2018-05-20 10:00:00,2018-05-20 22:00:00,Café,13120
2018-05-20 15:00:00,2018-05-20 15:45:00,Domzaal,12212
2018-05-20 22:00:00,2018-05-21 05:00:00,Concertzaal,13098
2018-05-21 12:00:00,2018-05-21 22:00:00,Café,13120
2018-05-22 10:00:00,2018-05-22 22:00:00,Café,13120
2018-05-23 10:00:00,2018-05-23 22:00:00,Café,13120
2018-05-23 13:00:00,2018-05-23 18:00:00,Op Locatie,13174
2018-05-23 19:00:00,2018-05-23 19:40:00,Antiekzolder,13136
2018-05-23 20:00:00,2018-05-23 21:30:00,Minard,12301
2018-05-24 10:00:00,2018-05-24 22:00:00,Café,13120
2018-05-24 12:00:00,2018-05-24 13:30:00,Café,13126
2018-05-24 18:00:00,2018-05-24 19:30:00,Café,13122
2018-05-24 20:00:00,2018-05-24 21:30:00,Café,13124
2018-05-25 08:30:00,2018-05-25 10:00:00,Café,13176
2018-05-25 10:00:00,2018-05-25 22:00:00,Café,13120
2018-05-25 12:00:00,2018-05-25 13:30:00,Café,13128
2018-05-25 18:00:00,2018-05-25 19:00:00,Café,13380
2018-05-25 19:00:00,2018-05-25 19:45:00,Balzaal,13110
2018-05-25 20:00:00,2018-05-25 21:15:00,Theaterzaal,13106
2018-05-25 20:00:00,2018-05-25 23:00:00,Gouvernement,13108
2018-05-26 10:00:00,2018-05-26 22:00:00,Café,13120
2018-05-26 18:00:00,2018-05-26 19:30:00,Foyer Theaterzaal ,13130
2018-05-26 20:00:00,2018-05-26 21:30:00,Theaterzaal,13112
2018-05-26 22:00:00,2018-05-27 05:00:00,Balzaal,12830
2018-05-26 22:00:00,2018-05-27 02:00:00,Café,13116
2018-05-27 14:00:00,2018-05-27 15:30:00,Rondleidingen,12126
2018-05-27 14:30:00,2018-05-27 17:00:00,Foyer Theaterzaal ,13096
2018-05-29 19:30:00,2018-05-29 23:15:00,Concertzaal,12864
2018-05-30 20:00:00,2018-05-30 22:45:00,Balzaal,12952
2018-05-30 20:00:00,2018-05-30 21:00:00,Theaterzaal,13092
2018-06-02 10:00:00,2018-06-02 17:00:00,Diverse Zalen,13206
2018-06-02 10:00:00,2018-06-02 18:00:00,Theaterzaal,13316
2018-06-02 23:00:00,2018-06-03 06:00:00,Concertzaal,12916
2018-06-04 20:00:00,2018-06-04 21:30:00,Gele Kamer,12558
2018-06-05 19:00:00,2018-06-05 22:00:00,Op Locatie,12216
2018-06-06 12:00:00,2018-06-06 13:30:00,Podiumtechniek,13472
2018-06-06 19:00:00,2018-06-06 22:00:00,Op Locatie,12216
2018-06-06 20:00:00,2018-06-06 21:30:00,Balzaal,13118
2018-06-06 20:00:00,2018-06-06 22:30:00,Domzaal,13162
2018-06-07 19:00:00,2018-06-07 22:00:00,Op Locatie,12216
2018-06-08 19:00:00,2018-06-08 22:00:00,Op Locatie,12216
2018-06-08 19:00:00,2018-06-08 23:00:00,Balzaal,13334
2018-06-09 10:00:00,2018-06-09 23:00:00,Op Locatie,12218
2018-06-09 19:00:00,2018-06-09 22:00:00,Op Locatie,12216
2018-06-09 21:00:00,2018-06-09 22:30:00,Balzaal,13210
2018-06-09 22:30:00,2018-06-10 06:00:00,Concertzaal,12918
2018-06-09 23:00:00,2018-06-10 00:00:00,Café,13164
2018-06-12 09:00:00,2018-06-12 18:00:00,Domzaal,13404
2018-06-13 09:00:00,2018-06-13 18:00:00,Domzaal,13404
2018-06-14 09:00:00,2018-06-14 18:00:00,Domzaal,13404
2018-06-15 14:00:00,2018-06-15 18:00:00,Café,13402
2018-06-16 11:00:00,2018-06-16 14:00:00,Café,13402
2018-06-16 13:30:00,2018-06-16 17:00:00,Domzaal,13404
2018-06-17 14:00:00,2018-06-17 17:00:00,Café,13402
2018-06-18 15:00:00,2018-06-18 22:00:00,Concertzaal,13382
2018-06-18 20:00:00,2018-06-18 21:30:00,Gele Kamer,12710
2018-06-19 07:00:00,2018-06-20 07:00:00,Op Locatie,13474
2018-06-19 20:00:00,2018-06-19 22:00:00,Domzaal,13332
2018-06-20 07:00:00,2018-06-21 07:00:00,Op Locatie,13474
2018-06-20 09:00:00,2018-06-20 17:00:00,Brugzaal,13336
2018-06-20 09:00:00,2018-06-20 17:00:00,Brug,13336
2018-06-20 09:00:00,2018-06-20 17:00:00,Wintertuin,13336
2018-06-20 09:00:00,2018-06-20 17:00:00,Podiumtechniek,13336
2018-06-20 10:00:00,2018-06-20 18:00:00,Op Locatie,13318
2018-06-21 07:00:00,2018-06-22 07:00:00,Café,13336
2018-06-21 07:00:00,2018-06-22 07:00:00,Op Locatie,13474
2018-06-21 17:00:00,2018-06-21 20:00:00,Brugzaal,13336
2018-06-21 17:00:00,2018-06-21 20:00:00,Brug,13336
2018-06-21 17:00:00,2018-06-21 20:00:00,Wintertuin,13336
2018-06-21 17:00:00,2018-06-21 21:00:00,Podiumtechniek,13336
2018-06-21 20:00:00,2018-06-21 22:30:00,Op Locatie,13318
2018-06-22 07:00:00,2018-06-23 07:00:00,Café,13336
2018-06-22 07:00:00,2018-06-23 07:00:00,Op Locatie,13474
2018-06-22 08:30:00,2018-06-22 10:00:00,Foyer Theaterzaal ,13322
2018-06-22 09:00:00,2018-06-22 19:00:00,Podiumtechniek,13336
2018-06-22 10:00:00,2018-06-22 19:00:00,Brugzaal,13336
2018-06-22 10:00:00,2018-06-22 19:00:00,Brug,13336
2018-06-22 10:00:00,2018-06-22 19:00:00,Wintertuin,13336
2018-06-22 10:00:00,2018-06-22 19:00:00,Diverse Zalen,13336
2018-06-22 12:00:00,2018-06-22 12:55:00,Domzaal,13320
2018-06-22 13:00:00,2018-06-22 13:55:00,Domzaal,13320
2018-06-22 13:00:00,2018-06-22 13:55:00,Domzaal,13320
2018-06-22 15:00:00,2018-06-22 20:00:00,Op Locatie,13330
2018-06-22 16:00:00,2018-06-22 16:55:00,Domzaal,13320
2018-06-22 17:00:00,2018-06-22 17:55:00,Domzaal,13320
2018-06-22 19:00:00,2018-06-22 19:55:00,Domzaal,13320
2018-06-22 20:00:00,2018-06-22 22:30:00,Op Locatie,13318
2018-06-22 20:00:00,2018-06-22 20:55:00,Domzaal,13320
2018-06-22 21:00:00,2018-06-22 21:55:00,Domzaal,13320
2018-06-22 22:00:00,2018-06-22 22:55:00,Domzaal,13320
2018-06-22 22:00:00,2018-06-23 03:00:00,Café,13340
2018-06-23 07:00:00,2018-06-24 07:00:00,Café,13336
2018-06-23 09:00:00,2018-06-23 19:00:00,Podiumtechniek,13336
2018-06-23 10:00:00,2018-06-23 19:00:00,Brugzaal,13336
2018-06-23 10:00:00,2018-06-23 17:00:00,Brug,13336
2018-06-23 10:00:00,2018-06-23 17:00:00,Wintertuin,13336
2018-06-23 10:00:00,2018-06-23 19:00:00,Diverse Zalen,13336
2018-06-23 12:30:00,2018-06-23 20:00:00,Concertzaal,13384
2018-06-23 14:00:00,2018-06-23 14:55:00,Domzaal,13320
2018-06-23 15:00:00,2018-06-23 15:55:00,Domzaal,13320
2018-06-23 15:00:00,2018-06-23 20:00:00,Op Locatie,13330
2018-06-23 16:00:00,2018-06-23 16:55:00,Domzaal,13320
2018-06-23 17:00:00,2018-06-23 17:55:00,Domzaal,13320
2018-06-23 19:00:00,2018-06-23 19:55:00,Domzaal,13320
2018-06-23 20:00:00,2018-06-23 22:30:00,Op Locatie,13318
2018-06-23 20:00:00,2018-06-23 20:55:00,Domzaal,13320
2018-06-23 21:00:00,2018-06-23 21:55:00,Domzaal,13320
2018-06-23 22:00:00,2018-06-23 22:55:00,Domzaal,13320
2018-06-24 07:00:00,2018-06-25 07:00:00,Café,13336
2018-06-24 10:00:00,2018-06-24 10:55:00,Domzaal,13320
2018-06-24 11:00:00,2018-06-24 11:55:00,Domzaal,13320
2018-06-24 11:00:00,2018-06-24 14:00:00,Café,13328
2018-06-24 12:00:00,2018-06-24 12:55:00,Domzaal,13320
2018-06-24 13:00:00,2018-06-24 17:00:00,Brugzaal,13336
2018-06-24 13:00:00,2018-06-24 17:00:00,Brug,13336
2018-06-24 13:00:00,2018-06-24 17:00:00,Wintertuin,13336
2018-06-24 13:00:00,2018-06-24 17:00:00,Podiumtechniek,13336
2018-06-24 13:00:00,2018-06-24 17:00:00,Diverse Zalen,13336
2018-06-24 14:00:00,2018-06-24 14:55:00,Domzaal,13320
2018-06-24 14:30:00,2018-06-24 17:00:00,Foyer Theaterzaal ,13096
2018-06-24 15:00:00,2018-06-24 15:55:00,Domzaal,13320
2018-06-24 16:00:00,2018-06-24 16:55:00,Domzaal,13320
2018-06-24 17:00:00,2018-06-24 17:55:00,Domzaal,13320
2018-06-24 18:00:00,2018-06-24 18:55:00,Domzaal,13320
2018-06-25 07:00:00,2018-06-26 07:00:00,Op Locatie,13474
2018-06-25 08:30:00,2018-06-25 14:00:00,Brug,13336
2018-06-26 07:00:00,2018-06-27 07:00:00,Op Locatie,13474
2018-06-26 08:00:00,2018-06-26 14:00:00,Brugzaal,13336
2018-06-26 08:00:00,2018-06-26 14:00:00,Wintertuin,13336
2018-06-27 07:00:00,2018-06-28 07:00:00,Op Locatie,13474
2018-06-28 07:00:00,2018-06-29 07:00:00,Op Locatie,13474
2018-06-28 18:30:00,2018-06-28 22:00:00,Concertzaal,13386
2018-06-28 22:00:00,2018-06-29 05:00:00,Concertzaal,12906
2018-06-29 07:00:00,2018-06-30 07:00:00,Op Locatie,13474
2018-06-29 22:00:00,2018-06-30 06:00:00,Concertzaal,12920
2018-06-30 22:30:00,2018-07-01 06:00:00,Concertzaal,12922
2018-06-30 23:00:00,2018-07-01 05:00:00,Balzaal,12528
2018-07-03 14:00:00,2018-07-03 17:00:00,Foyer Theaterzaal ,13466
2018-07-03 18:00:00,2018-07-03 20:30:00,Foyer Theaterzaal ,13468
2018-07-13 20:00:00,2018-07-13 21:00:00,Domzaal,13216
2018-07-14 14:00:00,2018-07-14 16:30:00,Rondleidingen,13406
2018-07-14 15:00:00,2018-07-14 16:00:00,Domzaal,13216
2018-07-14 16:00:00,2018-07-14 17:30:00,Rondleidingen,13406
2018-07-14 20:00:00,2018-07-14 21:00:00,Domzaal,13216
2018-07-15 14:00:00,2018-07-15 16:30:00,Rondleidingen,13406
2018-07-15 15:00:00,2018-07-15 16:00:00,Domzaal,13216
2018-07-15 16:00:00,2018-07-15 17:30:00,Rondleidingen,13406
2018-07-15 20:00:00,2018-07-15 21:00:00,Domzaal,13216
2018-07-16 19:00:00,2018-07-16 20:00:00,Foyer Theaterzaal ,13378
2018-07-16 20:00:00,2018-07-16 20:50:00,Domzaal,13216
2018-07-16 21:00:00,2018-07-16 22:00:00,Foyer Theaterzaal ,13378
2018-07-17 14:00:00,2018-07-17 16:30:00,Rondleidingen,13406
2018-07-17 16:00:00,2018-07-17 17:30:00,Rondleidingen,13406
2018-07-17 20:00:00,2018-07-17 21:00:00,Domzaal,13216
2018-07-17 20:30:00,2018-07-17 21:30:00,Foyer Theaterzaal ,13194
2018-07-18 14:00:00,2018-07-18 16:30:00,Rondleidingen,13406
2018-07-18 16:00:00,2018-07-18 17:30:00,Rondleidingen,13406
2018-07-18 20:00:00,2018-07-18 22:30:00,Domzaal,13180
2018-07-18 20:15:00,2018-07-18 21:15:00,Domzaal,13196
2018-07-18 20:30:00,2018-07-18 22:00:00,Foyer Theaterzaal ,13068
2018-07-19 14:00:00,2018-07-19 16:30:00,Rondleidingen,13406
2018-07-19 16:00:00,2018-07-19 17:30:00,Rondleidingen,13406
2018-07-19 20:00:00,2018-07-19 22:00:00,Concertzaal,13072
2018-07-19 20:15:00,2018-07-19 21:45:00,Domzaal,13182
2018-07-19 20:30:00,2018-07-19 22:00:00,Foyer Theaterzaal ,13070
2018-07-20 14:00:00,2018-07-20 16:30:00,Rondleidingen,13406
2018-07-20 16:00:00,2018-07-20 17:30:00,Rondleidingen,13406
2018-07-20 20:00:00,2018-07-20 22:00:00,Concertzaal,13076
2018-07-20 20:15:00,2018-07-20 21:45:00,Domzaal,13182
2018-07-20 20:30:00,2018-07-20 22:00:00,Foyer Theaterzaal ,13074
2018-07-21 14:00:00,2018-07-21 15:00:00,Foyer Theaterzaal ,13186
2018-07-21 14:00:00,2018-07-21 16:30:00,Rondleidingen,13406
2018-07-21 16:00:00,2018-07-21 17:30:00,Rondleidingen,13406
2018-07-21 19:30:00,2018-07-21 20:30:00,Concertzaal,13082
2018-07-21 20:00:00,2018-07-21 22:00:00,Foyer Theaterzaal ,13078
2018-07-21 20:15:00,2018-07-21 21:45:00,Domzaal,13182
2018-07-21 21:30:00,2018-07-21 23:00:00,Concertzaal,13088
2018-07-22 14:00:00,2018-07-22 15:00:00,Foyer Theaterzaal ,13186
2018-07-22 19:30:00,2018-07-22 20:30:00,Concertzaal,13082
2018-07-22 20:15:00,2018-07-22 21:45:00,Domzaal,13182
2018-07-22 20:30:00,2018-07-22 22:00:00,Foyer Theaterzaal ,13084
2018-07-22 21:30:00,2018-07-22 23:00:00,Concertzaal,13088
2018-08-06 20:00:00,2018-08-06 21:30:00,Domzaal,13536
2018-08-07 20:00:00,2018-08-07 21:30:00,Domzaal,13540
2018-08-08 20:00:00,2018-08-08 21:30:00,Domzaal,13542
2018-08-09 20:00:00,2018-08-09 21:30:00,Domzaal,13544
2018-09-01 23:00:00,2018-09-02 05:00:00,Balzaal,13546
2018-09-09 10:00:00,2018-09-09 18:00:00,Andere locatie,13654
2018-09-09 12:00:00,2018-09-09 18:00:00,Café,13665
2018-09-10 12:00:00,2018-09-10 18:00:00,Café,13665
2018-09-11 12:00:00,2018-09-11 18:00:00,Café,13665
2018-09-12 12:00:00,2018-09-12 18:00:00,Café,13665
2018-09-13 12:00:00,2018-09-13 18:00:00,Café,13665
2018-09-14 12:00:00,2018-09-14 18:00:00,Café,13665
2018-09-15 13:30:00,2018-09-15 17:45:00,Balzaal,13582
2018-09-15 14:00:00,2018-09-15 18:15:00,Concertzaal,13584
2018-09-16 08:00:00,2018-09-16 18:00:00,Op Locatie,13410
2018-09-18 14:00:00,2018-09-18 16:00:00,Concertzaal,13580
2018-09-18 20:00:00,2018-09-18 22:00:00,Concertzaal,13681
2018-09-20 19:00:00,2018-09-20 21:00:00,Foyer Theaterzaal ,13428
2018-09-20 20:30:00,2018-09-21 02:00:00,Balzaal,13530
2018-09-21 23:00:00,2018-09-22 05:00:00,Balzaal,13667
2018-09-22 12:00:00,2018-09-22 22:00:00,Op Locatie,13707
2018-09-22 21:00:00,2018-09-23 03:00:00,Balzaal,13677
2018-09-22 22:30:00,2018-09-23 06:00:00,Concertzaal,13570
2018-09-23 11:00:00,2018-09-23 15:00:00,Domzaal,13388
2018-09-23 11:00:00,2018-09-23 15:00:00,Andere locatie,13562
2018-09-23 11:00:00,2018-09-23 14:00:00,Café,13574
2018-09-23 11:30:00,2018-09-23 11:55:00,Zolder Domzaal,13550
2018-09-23 12:00:00,2018-09-23 22:00:00,Op Locatie,13707
2018-09-23 12:15:00,2018-09-23 12:40:00,Zolder Domzaal,13550
2018-09-23 13:00:00,2018-09-23 13:25:00,Zolder Domzaal,13550
2018-09-23 13:45:00,2018-09-23 14:30:00,Zolder Domzaal,13550
2018-09-24 12:00:00,2018-09-24 22:00:00,Op Locatie,13707
2018-09-24 18:00:00,2018-09-24 22:00:00,Domzaal,13388
2018-09-24 20:00:00,2018-09-24 21:00:00,Gele Kamer,13518
2018-09-25 12:00:00,2018-09-25 22:00:00,Op Locatie,13707
2018-09-25 18:00:00,2018-09-25 22:00:00,Domzaal,13388
2018-09-25 19:30:00,2018-09-25 23:00:00,Balzaal,13054
2018-09-25 19:30:00,2018-09-25 23:00:00,Concertzaal,13478
2018-09-25 20:00:00,2018-09-25 21:00:00,LOD Studio,13390
2018-09-25 21:30:00,2018-09-25 22:30:00,LOD Studio,13390
2018-09-26 12:00:00,2018-09-26 22:00:00,Op Locatie,13707
2018-09-26 18:00:00,2018-09-26 22:00:00,Domzaal,13388
2018-09-26 18:00:00,2018-09-26 18:35:00,Zolder Domzaal,13550
2018-09-26 18:00:00,2018-09-26 22:00:00,Andere locatie,13562
2018-09-26 19:00:00,2018-09-26 19:25:00,Zolder Domzaal,13550
2018-09-26 19:00:00,2018-09-26 22:00:00,Foyer Theaterzaal ,13753
2018-09-26 20:00:00,2018-09-26 21:00:00,LOD Studio,13390
2018-09-26 20:00:00,2018-09-26 20:25:00,Zolder Domzaal,13550
2018-09-26 21:00:00,2018-09-26 21:25:00,Zolder Domzaal,13550
2018-09-27 08:30:00,2018-09-27 10:00:00,Foyer Theaterzaal ,13430
2018-09-27 12:00:00,2018-09-27 22:00:00,Op Locatie,13707
2018-09-27 18:00:00,2018-09-27 22:00:00,Domzaal,13388
2018-09-27 18:00:00,2018-09-27 22:00:00,Andere locatie,13562
2018-09-27 19:00:00,2018-09-27 19:25:00,Zolder Domzaal,13550
2018-09-27 19:30:00,2018-09-28 03:00:00,Balzaal,13356
2018-09-27 21:00:00,2018-09-27 21:25:00,Zolder Domzaal,13550
2018-09-27 22:00:00,2018-09-27 23:00:00,Balzaal,13532
2018-09-28 12:00:00,2018-09-28 22:00:00,Op Locatie,13707
2018-09-28 17:00:00,2018-09-29 00:00:00,Café,13657
2018-09-28 18:00:00,2018-09-28 22:00:00,Domzaal,13388
2018-09-28 18:00:00,2018-09-28 22:00:00,Andere locatie,13562
2018-09-28 19:00:00,2018-09-28 19:25:00,Zolder Domzaal,13550
2018-09-28 20:00:00,2018-09-28 23:30:00,Balzaal,13534
2018-09-28 20:00:00,2018-09-28 22:00:00,Op Locatie,13659
2018-09-28 21:00:00,2018-09-28 21:25:00,Zolder Domzaal,13550
2018-09-29 12:00:00,2018-09-29 22:00:00,Op Locatie,13707
2018-09-29 18:00:00,2018-09-30 00:00:00,Theaterzaal,13358
2018-09-29 18:00:00,2018-09-29 22:00:00,Domzaal,13388
2018-09-29 18:00:00,2018-09-29 22:00:00,Andere locatie,13562
2018-09-29 18:30:00,2018-09-29 18:55:00,Zolder Domzaal,13550
2018-09-29 19:30:00,2018-09-29 19:55:00,Zolder Domzaal,13550
2018-09-29 20:30:00,2018-09-29 20:55:00,Zolder Domzaal,13550
2018-09-29 21:30:00,2018-09-29 21:55:00,Zolder Domzaal,13550
2018-09-29 22:00:00,2018-09-30 05:00:00,Balzaal,13572
2018-09-30 14:00:00,2018-09-30 15:30:00,Rondleidingen,13520
2018-09-30 14:30:00,2018-09-30 17:00:00,Foyer Theaterzaal ,13166
2018-09-30 15:00:00,2018-09-30 16:00:00,Op Locatie,13292
2018-09-30 21:00:00,2018-09-30 22:00:00,Op Locatie,13292
2018-10-01 20:30:00,2018-10-02 07:00:00,Café,13663
2018-10-03 20:00:00,2018-10-03 21:40:00,Theaterzaal,13228
2018-10-03 20:00:00,2018-10-03 21:00:00,Op Locatie,13292
2018-10-03 22:00:00,2018-10-04 05:00:00,Concertzaal,13596
2018-10-04 19:30:00,2018-10-04 23:00:00,Balzaal,13771
2018-10-04 20:00:00,2018-10-04 21:40:00,Theaterzaal,13228
2018-10-04 20:00:00,2018-10-04 21:05:00,Domzaal,13230
2018-10-04 20:00:00,2018-10-04 21:00:00,Op Locatie,13292
2018-10-04 22:30:00,2018-10-05 05:00:00,Concertzaal,13104
2018-10-05 20:00:00,2018-10-05 21:40:00,Theaterzaal,13228
2018-10-05 20:00:00,2018-10-05 21:05:00,Domzaal,13230
2018-10-05 20:00:00,2018-10-05 21:00:00,Op Locatie,13292
2018-10-05 22:30:00,2018-10-06 05:00:00,Balzaal,13600
2018-10-05 23:00:00,2018-10-06 05:30:00,Concertzaal,13598
2018-10-06 10:00:00,2018-10-06 20:00:00,Op Locatie,13412
2018-10-06 20:00:00,2018-10-06 21:40:00,Theaterzaal,13228
2018-10-06 20:00:00,2018-10-06 21:00:00,Op Locatie,13292
2018-10-06 21:00:00,2018-10-07 05:00:00,Balzaal,13594
2018-10-06 22:00:00,2018-10-07 06:00:00,Concertzaal,13634
2018-10-07 18:30:00,2018-10-08 01:00:00,Concertzaal,13552
2018-10-08 09:00:00,2018-10-08 18:00:00,Theaterzaal,13697
2018-10-08 15:00:00,2018-10-08 17:00:00,Concertzaal,13548
2018-10-08 20:00:00,2018-10-08 21:00:00,Gele Kamer,13518
2018-10-09 00:30:00,2018-10-09 04:00:00,Balzaal,13781
2018-10-09 19:30:00,2018-10-09 21:30:00,Theaterzaal,13673
2018-10-09 20:00:00,2018-10-09 21:00:00,Op Locatie,13292
2018-10-09 20:00:00,2018-10-09 22:00:00,Op Locatie,13705
2018-10-09 22:00:00,2018-10-10 05:00:00,Concertzaal,13602
2018-10-09 22:00:00,2018-10-10 02:00:00,Café,13737
2018-10-09 22:30:00,2018-10-10 00:15:00,Theaterzaal,13486
2018-10-10 20:00:00,2018-10-10 21:00:00,Op Locatie,13292
2018-10-10 20:00:00,2018-10-10 22:00:00,Theaterzaal,13490
2018-10-10 22:00:00,2018-10-11 05:00:00,Concertzaal,13604
2018-10-10 22:00:00,2018-10-11 03:00:00,Café,13739
2018-10-11 16:30:00,2018-10-11 18:00:00,Foyer Theaterzaal ,13713
2018-10-11 16:30:00,2018-10-11 18:00:00,Theaterzaal,13755
2018-10-11 20:00:00,2018-10-11 21:00:00,Op Locatie,13292
2018-10-11 20:00:00,2018-10-11 22:00:00,Theaterzaal,13496
2018-10-11 22:00:00,2018-10-12 04:00:00,Balzaal,13498
2018-10-11 22:00:00,2018-10-12 03:00:00,Café,13741
2018-10-12 19:00:00,2018-10-12 21:01:00,Theaterzaal,13715
2018-10-12 20:30:00,2018-10-13 00:30:00,Concertzaal,13500
2018-10-13 00:00:00,2018-10-13 03:00:00,Café,13743
2018-10-13 20:00:00,2018-10-14 00:00:00,Op Locatie,13400
2018-10-13 20:00:00,2018-10-13 21:40:00,Theaterzaal,13502
2018-10-13 22:00:00,2018-10-14 03:00:00,Café,13745
2018-10-13 22:30:00,2018-10-14 06:00:00,Concertzaal,13640
2018-10-14 12:00:00,2018-10-15 07:00:00,Café,13789
2018-10-14 14:00:00,2018-10-14 15:30:00,Rondleidingen,13520
2018-10-14 14:30:00,2018-10-14 17:00:00,Foyer Theaterzaal ,13166
2018-10-14 15:00:00,2018-10-14 17:20:00,Gouvernement,13695
2018-10-14 20:00:00,2018-10-14 22:00:00,Theaterzaal,13717
2018-10-15 09:00:00,2018-10-15 12:00:00,Domzaal,13492
2018-10-15 19:30:00,2018-10-15 22:00:00,Theaterzaal,13508
2018-10-16 09:30:00,2018-10-16 16:30:00,Theaterzaal,13721
2018-10-16 16:30:00,2018-10-16 18:30:00,Foyer Theaterzaal ,13719
2018-10-16 20:00:00,2018-10-16 22:00:00,Theaterzaal,13360
2018-10-16 20:00:00,2018-10-16 23:00:00,Gouvernement,13510
2018-10-16 22:00:00,2018-10-17 05:00:00,Concertzaal,13606
2018-10-17 09:00:00,2018-10-17 17:00:00,Theaterzaal,13723
2018-10-17 09:00:00,2018-10-17 12:30:00,Foyer Theaterzaal ,13725
2018-10-17 19:30:00,2018-10-17 22:00:00,Theaterzaal,13727
2018-10-17 20:00:00,2018-10-17 21:30:00,Domzaal,13492
2018-10-17 22:00:00,2018-10-18 03:00:00,Café,13747
2018-10-18 13:30:00,2018-10-18 15:00:00,Theaterzaal,13691
2018-10-18 19:00:00,2018-10-18 21:00:00,Op Locatie,13414
2018-10-18 20:00:00,2018-10-18 23:00:00,Domzaal,13494
2018-10-18 20:00:00,2018-10-18 22:20:00,Theaterzaal,13729
2018-10-18 22:00:00,2018-10-19 05:00:00,Concertzaal,13608
2018-10-18 22:00:00,2018-10-19 03:00:00,Café,13749
2018-10-19 20:00:00,2018-10-19 22:00:00,Theaterzaal,13504
2018-10-19 22:00:00,2018-10-20 03:00:00,Café,13701
2018-10-20 20:30:00,2018-10-20 22:00:00,Theaterzaal,13731
2018-10-20 22:00:00,2018-10-21 03:00:00,Café,13751
2018-10-20 23:00:00,2018-10-21 06:00:00,Concertzaal,13642
2018-10-22 09:00:00,2018-10-22 17:00:00,Theaterzaal,13711
2018-10-22 20:00:00,2018-10-22 21:00:00,Gele Kamer,13518
2018-10-23 19:00:00,2018-10-23 21:00:00,Foyer Theaterzaal ,13290
2018-10-23 20:00:00,2018-10-23 21:30:00,Op Locatie,13232
2018-10-23 20:00:00,2018-10-23 23:00:00,Balzaal,13506
2018-10-23 20:00:00,2018-10-24 00:00:00,Concertzaal,13564
2018-10-24 19:30:00,2018-10-24 23:00:00,Balzaal,13326
2018-10-24 22:00:00,2018-10-25 05:00:00,Concertzaal,13610
2018-10-25 19:30:00,2018-10-25 23:00:00,Balzaal,13060
2018-10-25 20:00:00,2018-10-25 21:40:00,Theaterzaal,13234
2018-10-25 22:00:00,2018-10-26 05:00:00,Concertzaal,13612
2018-10-26 12:15:00,2018-10-26 14:00:00,Foyer Theaterzaal ,13683
2018-10-26 19:30:00,2018-10-27 05:00:00,Balzaal,13198
2018-10-26 20:00:00,2018-10-26 21:40:00,Theaterzaal,13234
2018-10-26 20:00:00,2018-10-26 21:30:00,Op Locatie,13236
2018-10-26 21:00:00,2018-10-27 05:00:00,Concertzaal,13566
2018-10-27 20:00:00,2018-10-27 22:00:00,Theaterzaal,13450
2018-10-27 22:00:00,2018-10-28 06:00:00,Concertzaal,13636
2018-10-27 23:00:00,2018-10-28 05:00:00,Balzaal,13614
2018-10-28 14:00:00,2018-10-28 15:30:00,Rondleidingen,13520
2018-10-30 19:30:00,2018-10-30 23:00:00,Balzaal,13408
2018-10-30 20:00:00,2018-10-30 21:40:00,Theaterzaal,13178
2018-10-31 20:00:00,2018-10-31 21:30:00,Theaterzaal,13452
2018-10-31 21:00:00,2018-11-01 05:00:00,Balzaal,13470
2018-10-31 23:00:00,2018-11-01 06:00:00,Concertzaal,13644
2018-11-01 20:00:00,2018-11-01 23:00:00,Concertzaal,13212
2018-11-02 20:00:00,2018-11-02 23:00:00,Concertzaal,13212
2018-11-03 23:00:00,2018-11-04 06:00:00,Concertzaal,13767
2018-11-05 20:00:00,2018-11-05 21:00:00,Gele Kamer,13518
2018-11-05 20:30:00,2018-11-06 07:00:00,Café,13663
2018-11-06 13:00:00,2018-11-06 18:00:00,Theaterzaal,13765
2018-11-06 20:00:00,2018-11-06 23:00:00,Balzaal,13769
2018-11-07 09:00:00,2018-11-07 18:00:00,Theaterzaal,13709
2018-11-07 20:00:00,2018-11-07 23:00:00,Balzaal,13524
2018-11-07 22:00:00,2018-11-08 05:00:00,Concertzaal,13616
2018-11-08 19:00:00,2018-11-08 22:00:00,Minard,13526
2018-11-08 20:00:00,2018-11-08 21:30:00,Theaterzaal,13238
2018-11-09 20:00:00,2018-11-09 21:30:00,Theaterzaal,13238
2018-11-09 21:00:00,2018-11-10 05:00:00,Balzaal,13586
2018-11-10 21:00:00,2018-11-11 03:00:00,Balzaal,13620
2018-11-10 22:00:00,2018-11-11 06:00:00,Concertzaal,13618
2018-11-11 14:00:00,2018-11-11 15:30:00,Rondleidingen,13520
2018-11-11 18:00:00,2018-11-11 20:00:00,Theaterzaal,13344
2018-11-13 19:30:00,2018-11-13 23:00:00,Balzaal,13638
2018-11-13 20:00:00,2018-11-13 21:00:00,Op Locatie,13292
2018-11-13 20:00:00,2018-11-13 22:00:00,Theaterzaal,13362
2018-11-14 19:00:00,2018-11-14 23:00:00,Concertzaal,13046
2018-11-14 20:00:00,2018-11-14 22:30:00,Minard,13240
2018-11-14 20:00:00,2018-11-14 21:00:00,Op Locatie,13292
2018-11-14 20:00:00,2018-11-14 22:00:00,Balzaal,13346
2018-11-15 19:30:00,2018-11-15 23:00:00,Concertzaal,13156
2018-11-15 20:00:00,2018-11-15 21:00:00,Op Locatie,13292
2018-11-16 20:00:00,2018-11-16 22:00:00,Domzaal,13294
2018-11-16 20:00:00,2018-11-16 22:30:00,Theaterzaal,13454
2018-11-16 21:00:00,2018-11-17 03:00:00,Balzaal,13200
2018-11-17 19:30:00,2018-11-18 06:00:00,Concertzaal,13646
2018-11-17 20:00:00,2018-11-17 21:00:00,Op Locatie,13292
2018-11-17 20:00:00,2018-11-17 22:00:00,Domzaal,13294
2018-11-17 22:00:00,2018-11-18 05:00:00,Balzaal,13622
2018-11-18 15:00:00,2018-11-18 19:00:00,Café,13703
2018-11-19 20:00:00,2018-11-19 21:00:00,Gele Kamer,13518
2018-11-20 19:00:00,2018-11-20 21:00:00,Foyer Theaterzaal ,13290
2018-11-20 19:30:00,2018-11-20 23:00:00,Balzaal,13056
2018-11-21 19:00:00,2018-11-21 22:30:00,Concertzaal,13514
2018-11-21 19:30:00,2018-11-21 23:00:00,Balzaal,13048
2018-11-22 20:00:00,2018-11-22 22:00:00,Theaterzaal,13324
2018-11-22 20:00:00,2018-11-22 23:00:00,Op Locatie,13757
2018-11-22 22:00:00,2018-11-23 05:00:00,Concertzaal,13624
2018-11-23 20:00:00,2018-11-23 21:00:00,Op Locatie,13292
2018-11-23 20:00:00,2018-11-23 22:00:00,Theaterzaal,13324
2018-11-23 20:00:00,2018-11-23 23:00:00,Op Locatie,13759
2018-11-23 23:00:00,2018-11-24 05:30:00,Concertzaal,13791
2018-11-24 14:30:00,2018-11-24 19:00:00,Domzaal,13763
2018-11-24 19:45:00,2018-11-25 00:30:00,Balzaal,13761
2018-11-24 20:00:00,2018-11-24 21:00:00,Op Locatie,13292
2018-11-24 20:00:00,2018-11-24 22:00:00,Theaterzaal,13324
2018-11-24 21:00:00,2018-11-24 22:00:00,Minard,13398
2018-11-24 23:00:00,2018-11-25 05:00:00,Concertzaal,13626
2018-11-25 14:00:00,2018-11-25 15:30:00,Rondleidingen,13520
2018-11-25 14:30:00,2018-11-25 17:00:00,Foyer Theaterzaal ,13166
2018-11-27 20:00:00,2018-11-27 21:15:00,Minard,13244
2018-11-28 20:00:00,2018-11-28 21:15:00,Minard,13244
2018-11-28 20:15:00,2018-11-28 22:15:00,Op Locatie,13246
2018-11-30 12:00:00,2018-11-30 14:00:00,Foyer Theaterzaal ,13685
2018-12-01 20:00:00,2018-12-02 04:00:00,Balzaal,13628
2018-12-01 22:00:00,2018-12-02 06:00:00,Concertzaal,13675
2018-12-03 20:00:00,2018-12-03 21:00:00,Gele Kamer,13518
2018-12-03 20:30:00,2018-12-04 07:00:00,Café,13663
2018-12-04 19:30:00,2018-12-04 23:00:00,Balzaal,13733
2018-12-04 20:00:00,2018-12-04 21:10:00,Theaterzaal,13248
2018-12-05 20:00:00,2018-12-05 21:10:00,Theaterzaal,13248
2018-12-06 19:45:00,2018-12-07 02:00:00,Balzaal,13735
2018-12-06 20:00:00,2018-12-06 21:10:00,Theaterzaal,13248
2018-12-07 19:30:00,2018-12-07 23:00:00,Concertzaal,13568
2018-12-07 20:00:00,2018-12-07 21:30:00,Domzaal,13250
2018-12-07 22:00:00,2018-12-08 05:00:00,Balzaal,13630
2018-12-08 20:00:00,2018-12-08 21:30:00,Domzaal,13250
2018-12-08 20:00:00,2018-12-08 22:00:00,Op Locatie,13480
2018-12-08 22:30:00,2018-12-09 06:00:00,Concertzaal,13648
2018-12-08 23:00:00,2018-12-09 05:00:00,Balzaal,13632
2018-12-09 14:00:00,2018-12-09 15:30:00,Rondleidingen,13520
2018-12-09 19:30:00,2018-12-09 23:00:00,Concertzaal,13208
2018-12-11 20:00:00,2018-12-11 21:30:00,Theaterzaal,13392
2018-12-12 17:00:00,2018-12-12 18:30:00,Domzaal,13252
2018-12-12 20:00:00,2018-12-12 21:30:00,Domzaal,13252
2018-12-12 20:00:00,2018-12-12 21:30:00,Theaterzaal,13773
2018-12-13 17:00:00,2018-12-13 18:30:00,Domzaal,13252
2018-12-13 19:00:00,2018-12-13 21:00:00,Op Locatie,13416
2018-12-13 20:00:00,2018-12-13 21:30:00,Domzaal,13252
2018-12-13 20:30:00,2018-12-13 21:30:00,Op Locatie,13254
2018-12-13 21:00:00,2018-12-13 23:00:00,Balzaal,13588
2018-12-14 17:00:00,2018-12-14 18:30:00,Domzaal,13252
2018-12-14 20:00:00,2018-12-14 21:30:00,Domzaal,13252
2018-12-14 20:30:00,2018-12-14 21:30:00,Op Locatie,13254
2018-12-15 17:00:00,2018-12-15 18:30:00,Domzaal,13252
2018-12-15 20:00:00,2018-12-15 21:30:00,Domzaal,13252
2018-12-15 21:00:00,2018-12-15 23:00:00,Theaterzaal,13590
2018-12-16 15:00:00,2018-12-16 19:00:00,Café,13703
2018-12-17 20:00:00,2018-12-17 21:00:00,Gele Kamer,13518
2018-12-18 19:30:00,2018-12-18 23:00:00,Balzaal,13476
2018-12-18 20:00:00,2018-12-18 22:00:00,Theaterzaal,13364
2018-12-18 21:00:00,2018-12-19 00:30:00,Concertzaal,13775
2018-12-19 20:00:00,2018-12-19 20:50:00,Domzaal,13256
2018-12-20 20:00:00,2018-12-20 20:50:00,Domzaal,13256
2018-12-21 20:00:00,2018-12-21 20:50:00,Domzaal,13256
2018-12-21 20:00:00,2018-12-21 22:00:00,Theaterzaal,13258
2018-12-21 21:00:00,2018-12-22 05:00:00,Concertzaal,13777
2018-12-22 20:00:00,2018-12-22 22:00:00,Theaterzaal,13258
2018-12-22 23:00:00,2018-12-23 05:30:00,Concertzaal,13793
2018-12-23 14:00:00,2018-12-23 15:30:00,Rondleidingen,13520
2018-12-23 14:30:00,2018-12-23 17:00:00,Foyer Theaterzaal ,13166
2018-12-31 23:00:00,2019-01-01 06:00:00,Balzaal,13650
2018-12-31 23:00:00,2019-01-01 06:00:00,Café,13652
2019-01-03 17:00:00,2019-01-04 01:00:00,Balzaal,13446
2019-01-06 14:00:00,2019-01-06 15:30:00,Rondleidingen,13520
2019-01-07 20:30:00,2019-01-08 07:00:00,Café,13663
2019-01-10 20:00:00,2019-01-10 22:00:00,Theaterzaal,13456
2019-01-12 20:00:00,2019-01-12 21:30:00,Theaterzaal,13576
2019-01-12 20:00:00,2019-01-12 21:30:00,Theaterzaal,13576
2019-01-14 20:00:00,2019-01-14 21:00:00,Gele Kamer,13518
2019-01-17 19:00:00,2019-01-17 21:00:00,Op Locatie,13418
2019-01-17 20:00:00,2019-01-17 22:00:00,Theaterzaal,13338
2019-01-18 20:00:00,2019-01-18 22:00:00,Theaterzaal,13338
2019-01-19 20:00:00,2019-01-19 22:00:00,Theaterzaal,13338
2019-01-20 14:00:00,2019-01-20 15:30:00,Rondleidingen,13520
2019-01-20 15:00:00,2019-01-20 19:00:00,Café,13703
2019-01-22 20:00:00,2019-01-22 22:00:00,Theaterzaal,13366
2019-01-24 20:00:00,2019-01-24 21:30:00,Domzaal,13394
2019-01-25 20:00:00,2019-01-25 22:00:00,Op Locatie,13260
2019-01-25 20:00:00,2019-01-25 21:30:00,Domzaal,13394
2019-01-26 20:00:00,2019-01-26 22:00:00,Op Locatie,13260
2019-01-26 20:00:00,2019-01-26 22:00:00,Op Locatie,13262
2019-01-27 14:30:00,2019-01-27 17:00:00,Foyer Theaterzaal ,13166
2019-01-28 20:00:00,2019-01-28 21:00:00,Gele Kamer,13518
2019-01-29 18:30:00,2019-01-29 20:00:00,Foyer Theaterzaal ,13350
2019-01-29 20:00:00,2019-01-29 21:40:00,Theaterzaal,13348
2019-01-30 20:00:00,2019-01-30 21:15:00,Minard,13264
2019-01-30 21:30:00,2019-01-30 23:00:00,Foyer Theaterzaal ,13350
2019-01-31 07:00:00,2019-02-01 07:00:00,Foyer Theaterzaal ,13350
2019-01-31 18:30:00,2019-01-31 19:15:00,Dansstudio,13352
2019-01-31 20:00:00,2019-01-31 21:15:00,Minard,13264
2019-02-01 18:30:00,2019-02-01 19:15:00,Dansstudio,13352
2019-02-01 21:30:00,2019-02-01 22:30:00,Domzaal,13354
2019-02-02 13:30:00,2019-02-02 14:45:00,Theaterzaal,13689
2019-02-02 20:30:00,2019-02-02 21:30:00,Domzaal,13354
2019-02-03 14:00:00,2019-02-03 15:30:00,Rondleidingen,13520
2019-02-04 20:30:00,2019-02-05 07:00:00,Café,13663
2019-02-07 20:00:00,2019-02-07 21:30:00,Theaterzaal,13266
2019-02-07 20:00:00,2019-02-07 23:00:00,Balzaal,13795
2019-02-08 20:00:00,2019-02-08 21:30:00,Theaterzaal,13266
2019-02-09 20:00:00,2019-02-09 22:00:00,Op Locatie,13268
2019-02-10 15:00:00,2019-02-10 16:00:00,Op Locatie,13268
2019-02-11 20:00:00,2019-02-11 21:00:00,Gele Kamer,13518
2019-02-13 19:00:00,2019-02-13 21:00:00,Foyer Theaterzaal ,13396
2019-02-17 14:00:00,2019-02-17 15:30:00,Rondleidingen,13520
2019-02-17 15:00:00,2019-02-17 19:00:00,Café,13703
2019-02-19 20:00:00,2019-02-19 22:00:00,Theaterzaal,13368
2019-02-20 22:00:00,2019-02-20 23:00:00,Café,13270
2019-02-21 20:00:00,2019-02-21 21:00:00,Theaterzaal,13272
2019-02-21 20:00:00,2019-02-21 22:00:00,Minard,13274
2019-02-22 20:00:00,2019-02-22 22:00:00,Minard,13274
2019-02-23 20:00:00,2019-02-23 22:00:00,Minard,13274
2019-02-24 14:30:00,2019-02-24 17:00:00,Foyer Theaterzaal ,13166
2019-02-24 15:00:00,2019-02-24 15:50:00,Domzaal,13276
2019-02-25 20:00:00,2019-02-25 21:00:00,Gele Kamer,13518
2019-02-26 19:00:00,2019-02-26 21:00:00,Foyer Theaterzaal ,13290
2019-02-26 20:00:00,2019-02-26 22:00:00,Minard,13274
2019-02-26 20:00:00,2019-02-26 21:50:00,Op Locatie,13278
2019-02-27 18:30:00,2019-02-27 20:20:00,Op Locatie,13278
2019-02-27 20:00:00,2019-02-27 22:00:00,Minard,13274
2019-02-28 20:00:00,2019-02-28 21:30:00,LOD Studio,13280
2019-02-28 21:00:00,2019-02-28 22:50:00,Op Locatie,13278
2019-03-03 14:00:00,2019-03-03 15:30:00,Rondleidingen,13520
2019-03-04 20:30:00,2019-03-05 07:00:00,Café,13663
2019-03-05 19:30:00,2019-03-05 23:00:00,Balzaal,13779
2019-03-05 20:00:00,2019-03-05 22:30:00,Theaterzaal,13785
2019-03-06 19:30:00,2019-03-07 01:00:00,Balzaal,13687
2019-03-07 20:00:00,2019-03-07 22:00:00,Theaterzaal,13458
2019-03-07 22:00:00,2019-03-08 05:00:00,Concertzaal,13783
2019-03-09 20:00:00,2019-03-09 21:30:00,Theaterzaal,13460
2019-03-11 20:00:00,2019-03-11 21:00:00,Gele Kamer,13518
2019-03-12 20:00:00,2019-03-12 22:00:00,Op Locatie,13516
2019-03-14 19:00:00,2019-03-14 21:00:00,Op Locatie,13420
2019-03-14 20:00:00,2019-03-14 21:30:00,LOD Studio,13282
2019-03-15 20:00:00,2019-03-15 21:30:00,LOD Studio,13282
2019-03-16 20:00:00,2019-03-16 21:30:00,LOD Studio,13282
2019-03-16 20:00:00,2019-03-16 22:00:00,Theaterzaal,13512
2019-03-17 14:00:00,2019-03-17 15:30:00,Rondleidingen,13520
2019-03-19 20:00:00,2019-03-19 22:00:00,Theaterzaal,13370
2019-03-20 20:00:00,2019-03-20 22:00:00,Theaterzaal,13284
2019-03-20 20:00:00,2019-03-20 22:00:00,Op Locatie,13286
2019-03-21 20:00:00,2019-03-21 22:00:00,Op Locatie,13286
2019-03-23 20:00:00,2019-03-23 22:00:00,Op Locatie,13482
2019-03-24 15:00:00,2019-03-24 19:00:00,Café,13703
2019-03-25 20:00:00,2019-03-25 21:00:00,Gele Kamer,13518
2019-03-26 19:00:00,2019-03-26 21:00:00,Foyer Theaterzaal ,13290
2019-03-28 20:00:00,2019-03-28 22:00:00,Domzaal,13288
2019-03-29 20:00:00,2019-03-29 22:00:00,Domzaal,13288
2019-03-31 14:00:00,2019-03-31 15:30:00,Rondleidingen,13520
2019-03-31 14:30:00,2019-03-31 17:00:00,Foyer Theaterzaal ,13166
2019-04-01 20:30:00,2019-04-02 07:00:00,Café,13663
2019-04-03 20:00:00,2019-04-03 22:00:00,Theaterzaal,13296
2019-04-03 22:00:00,2019-04-04 05:00:00,Concertzaal,13699
2019-04-04 20:00:00,2019-04-04 22:00:00,Theaterzaal,13296
2019-04-05 20:00:00,2019-04-05 22:00:00,Theaterzaal,13296
2019-04-12 20:00:00,2019-04-12 22:00:00,Domzaal,13298
2019-04-12 20:00:00,2019-04-12 22:00:00,Theaterzaal,13462
2019-04-13 20:00:00,2019-04-13 22:00:00,Domzaal,13298
2019-04-13 20:00:00,2019-04-13 22:00:00,Theaterzaal,13464
2019-04-14 14:00:00,2019-04-14 15:30:00,Rondleidingen,13520
2019-04-16 19:00:00,2019-04-16 21:00:00,Foyer Theaterzaal ,13290
2019-04-17 20:00:00,2019-04-17 22:00:00,Theaterzaal,13300
2019-04-18 20:00:00,2019-04-18 22:00:00,Theaterzaal,13300
2019-04-19 20:00:00,2019-04-19 22:00:00,Theaterzaal,13300
2019-04-23 20:00:00,2019-04-23 22:00:00,Theaterzaal,13372
2019-04-25 19:00:00,2019-04-25 21:00:00,Op Locatie,13422
2019-04-28 14:00:00,2019-04-28 15:30:00,Rondleidingen,13520
2019-04-28 14:30:00,2019-04-28 17:00:00,Foyer Theaterzaal ,13166
2019-04-30 18:00:00,2019-04-30 23:00:00,Domzaal,13302
2019-05-01 18:00:00,2019-05-01 23:00:00,Domzaal,13302
2019-05-02 18:00:00,2019-05-02 23:00:00,Domzaal,13302
2019-05-03 18:00:00,2019-05-03 23:00:00,Domzaal,13302
2019-05-04 18:00:00,2019-05-04 23:00:00,Domzaal,13302
2019-05-06 20:00:00,2019-05-06 21:00:00,Gele Kamer,13518
2019-05-06 20:30:00,2019-05-07 07:00:00,Café,13663
2019-05-07 20:00:00,2019-05-07 22:00:00,Minard,13304
2019-05-08 20:00:00,2019-05-08 22:00:00,Minard,13304
2019-05-09 20:00:00,2019-05-09 22:00:00,Minard,13304
2019-05-09 20:00:00,2019-05-09 22:00:00,Theaterzaal,13306
2019-05-10 20:00:00,2019-05-10 22:00:00,Minard,13304
2019-05-11 20:00:00,2019-05-11 22:00:00,Minard,13304
2019-05-12 14:00:00,2019-05-12 15:30:00,Rondleidingen,13520
2019-05-14 19:00:00,2019-05-14 21:00:00,Foyer Theaterzaal ,13290
2019-05-14 19:00:00,2019-05-14 21:00:00,Foyer Theaterzaal ,13290
2019-05-14 20:00:00,2019-05-14 22:00:00,Theaterzaal,13374
2019-05-20 20:00:00,2019-05-20 21:00:00,Gele Kamer,13518
2019-05-23 19:00:00,2019-05-23 21:00:00,Op Locatie,13424
2019-05-23 20:00:00,2019-05-23 22:00:00,Theaterzaal,13308
2019-05-24 20:00:00,2019-05-24 22:00:00,Theaterzaal,13308
2019-05-25 19:00:00,2019-05-25 21:00:00,Theaterzaal,13308
2019-05-25 22:00:00,2019-05-25 22:55:00,Domzaal,13310
2019-05-26 14:00:00,2019-05-26 15:30:00,Rondleidingen,13520
2019-05-26 14:30:00,2019-05-26 17:00:00,Foyer Theaterzaal ,13166
2019-05-26 16:00:00,2019-05-26 16:55:00,Domzaal,13310
2019-05-29 20:00:00,2019-05-29 22:30:00,Theaterzaal,13376
2019-05-31 20:00:00,2019-05-31 22:00:00,Minard,13312
2019-06-01 20:00:00,2019-06-01 22:00:00,Minard,13312
2019-06-01 20:00:00,2019-06-01 23:30:00,Theaterzaal,13314
2019-06-03 20:00:00,2019-06-03 21:00:00,Gele Kamer,13518
2019-06-03 20:30:00,2019-06-04 07:00:00,Café,13663
2019-06-09 14:00:00,2019-06-09 15:30:00,Rondleidingen,13520
2019-06-18 19:00:00,2019-06-18 21:00:00,Foyer Theaterzaal ,13290
2019-07-01 20:00:00,2019-07-01 21:00:00,Gele Kamer,13518
0000-00-00 00:00:00,0000-00-00 00:00:00,Geen zaal,7729
0000-00-00 00:00:00,0000-00-00 00:00:00,Geen zaal,7729
0000-00-00 00:00:00,0000-00-00 00:00:00,Geen zaal,7729